"Business Legal Name","Assumed Name(s)","Street","City","Borough","Postcode","License Type","License Status","License Issue Date","License Expiration Date","Latitude","Longitude","Council District","Community Board","BIN","BBL","Census Tract (2020)","Neighborhood Tabulation Area (NTA) (2020)","Location"
"EMH 919 INC","EMMY","919 FULTON STREET","BROOKLYN","Brooklyn","11238","Sidewalk","Issued","06/12/2026 02:19:32 PM","06/12/2030 11:59:59 PM","40.68338142217","-73.96640702701","35","302","3056627","3019770033","199","BK0204","POINT (-73.966407027011 40.683381422171)"
"TACO 94 U, LLC","SANTO TACO","94 UNIVERSITY PLACE","NEW YORK","Manhattan","10003","Roadway","Issued","06/26/2026 02:23:26 PM","06/26/2030 11:59:59 PM","40.73374167552","-73.99295661353","2","102","1009281","1005690021","61","MN0202","POINT (-73.992956613532 40.733741675524)"
"BIRLEY PASTRY MADISON AVENUE, LLC","BIRLEY BAKERY","20 EAST   69 STREET","NEW YORK","Manhattan","10021","Sidewalk","Issued","04/10/2026 11:53:42 AM","04/10/2030 11:59:59 PM","40.76993232981","-73.96709247345","4","108","1041281","1013830058","122","MN0802","POINT (-73.967092473451 40.76993232981)"
"PVM 1598 SECOND AVE LLC","PURA VIDA MIAMI","1598 2 AVENUE","NEW YORK","Manhattan","10028","Sidewalk","Issued","07/31/2026 01:42:53 PM","07/31/2030 11:59:59 PM","40.77582050657","-73.95322491956","5","108","1091871","1015450049","138","MN0803","POINT (-73.953224919558 40.775820506565)"
"SOFIAS 143 INC.","SOFIA'S OF LITTLE ITALY","143 MULBERRY STREET","NEW YORK","Manhattan","10013","Sidewalk","Issued","09/18/2026 10:04:37 AM","09/18/2030 11:59:59 PM","40.71876093231","-73.99758659717","1","102","1087319","1002360024","41","MN0201","POINT (-73.997586597168 40.71876093231)"
"174 BEDFORD TAVERN  LLC","THE CHARLESTON","174 BEDFORD AVE","BROOKLYN","Brooklyn","11249","Sidewalk","Issued","07/24/2026 03:25:50 PM","07/24/2030 11:59:59 PM","40.71806139773","-73.95748992458","33","301","3061926","3023190022","553","BK0102","POINT (-73.957489924582 40.718061397734)"
"SOFIAS 143 INC.","SOFIA'S OF LITTLE ITALY","143 MULBERRY STREET","NEW YORK","Manhattan","10013","Roadway","Issued","07/24/2026 02:28:35 PM","07/24/2030 11:59:59 PM","40.71876093231","-73.99758659717","1","102","1087319","1002360024","41","MN0201","POINT (-73.997586597168 40.71876093231)"
"KOO THAI UWS INC","KOO THAI","917 COLUMBUS AVENUE","NEW YORK","Manhattan","10025","Sidewalk","Issued","09/25/2026 11:41:57 AM","09/25/2030 11:59:59 PM","40.7984546868","-73.96341955195","7","107","1055509","1018400064","189","MN0703","POINT (-73.963419551946 40.798454686795)"
"DEVI DOSA, LLC","HAMPTON CHUTNEY COMPANY","2 ASTOR PLACE","NEW YORK","Manhattan","10003","Sidewalk","Issued","09/25/2026 11:40:42 AM","09/25/2030 11:59:59 PM","40.73003073285","-73.99263227913","2","102","1080092","1005450026","57","MN0202","POINT (-73.992632279132 40.73003073285)"
"CORNER BISTRO EAST LLC","CORNER BISTRO EAST","94 AVENUE A","NEW YORK","Manhattan","10009","Sidewalk","Issued","09/11/2026 10:06:11 AM","09/11/2030 11:59:59 PM","40.72554763503","-73.98388735578","2","103","1077603","1004020001","32","MN0303","POINT (-73.983887355783 40.725547635026)"
"CORNER BISTRO EAST LLC","CORNER BISTRO EAST","94 AVENUE A","NEW YORK","Manhattan","10009","Roadway","Issued","07/31/2026 12:40:50 PM","07/31/2030 11:59:59 PM","40.72554763503","-73.98388735578","2","103","1077603","1004020001","32","MN0303","POINT (-73.983887355783 40.725547635026)"
"EAST CHURCH STREET LLC","THE GEM SALOON","375 3 AVENUE","NEW YORK","Manhattan","10016","Roadway","Issued","09/11/2026 11:09:55 AM","09/11/2030 11:59:59 PM","40.74143118508","-73.98123470633","2","106","1019868","1009080001","66","MN0603","POINT (-73.981234706326 40.741431185077)"
"PEAKY BARISTA LLC","PICKY BARISTA","667 COLUMBUS AVENUE","NEW YORK","Manhattan","10025","Sidewalk","Issued","01/16/2026 01:13:13 PM","01/16/2030 11:59:59 PM","40.79082866352","-73.96897808906","6","107","1031627","1012060001","177","MN0702","POINT (-73.968978089057 40.790828663519)"
"SERAFINA TRIBECA RESTAURANT LLC","SERAFINA TRIBECA","113 READE STREET","NEW YORK","Manhattan","10013","Sidewalk","Issued","05/15/2026 01:26:29 PM","05/15/2030 11:59:59 PM","40.71583746714","-74.00846637826","1","101","1001585","1001450015","21","MN0102","POINT (-74.008466378256 40.715837467138)"
"FRENCH 37 LLC","LE DIVE","37 CANAL STREET","NEW YORK","Manhattan","10002","Sidewalk","Issued","07/21/2026 12:22:45 PM","07/21/2030 11:59:59 PM","40.71465169211","-73.99107204433","1","103","1003826","1002970037","16","MN0301","POINT (-73.991072044326 40.714651692113)"
"LE PETIT CAFE INC","LE PETIT CAFE","502 COURT STREET","BROOKLYN","Brooklyn","11231","Sidewalk","Issued","05/01/2026 11:48:38 AM","05/01/2030 11:59:59 PM","40.67669457438","-73.99863723673","39","306","3005590","3003770035","65","BK0601","POINT (-73.998637236731 40.676694574382)"
"THINK NOMAD LLC","THINK COFFEE","246 5 AVENUE","NEW YORK","Manhattan","10001","Sidewalk","Issued","07/20/2026 03:44:15 PM","07/20/2030 11:59:59 PM","40.74458575698","-73.98737252245","3","105","1015691","1008290042","58","MN0501","POINT (-73.987372522452 40.744585756978)"
"C.S.L.L. REST CORP/EJ'S LUNCHEONETTE","E.J'S LUNCHEONETTE","1271 THIRD AVENUE","NEW YORK","Manhattan","10021","Sidewalk","Issued","06/19/2026 11:08:16 AM","06/19/2030 11:59:59 PM","40.77056685867","-73.95999431777","5","108","1043984","1014280001","12602","MN0801","POINT (-73.959994317765 40.770566858667)"
"PIL PIL SPANISH TAPAS INC","PIL PIL","265 EAST   78 STREET","NEW YORK","Manhattan","10075","Sidewalk","Issued","07/31/2026 01:39:26 PM","07/31/2030 11:59:59 PM","40.77302760541","-73.95642572944","5","108","1044175","1014330022","134","MN0801","POINT (-73.956425729441 40.773027605414)"
"61 HESTER LLC","CASETTA","61 HESTER STREET","NEW YORK","Manhattan","10002","Roadway","Issued","04/10/2026 11:59:56 AM","04/10/2030 11:59:59 PM","40.71574405398","-73.99037929312","1","103","1004051","1003100040","16","MN0301","POINT (-73.990379293118 40.715744053983)"
"LULA ENTERPRISES LLC","HAMILTON'S","2826 FORT HAMILTON PARKWAY","BROOKLYN","Brooklyn","11218","Sidewalk","Issued","07/31/2026 01:16:53 PM","07/31/2030 11:59:59 PM","40.64904410318","-73.97690032141","39","307","3123994","3053180001","50001","BK0701","POINT (-73.97690032141 40.649044103178)"
"228 W 10TH ST LLC","L'ARTUSI","228 WEST   10 STREET","NEW YORK","Manhattan","10014","Roadway","Issued","02/13/2026 03:53:43 PM","02/13/2030 11:59:59 PM","40.7339009714","-74.0051743035","3","102","1078172","1006190021","73","MN0203","POINT (-74.005174303498 40.733900971404)"
"ROLO'S LLC","ROLO'S","853 ONDERDONK AVENUE","RIDGEWOOD","Queens","11385","Sidewalk","Issued","08/14/2026 01:58:07 PM","08/14/2030 11:59:59 PM","40.70186208005","-73.90362548133","30","405","4083088","4034730001","551","QN0502","POINT (-73.903625481328 40.701862080053)"
"EASTSIDE BARKING DOG INC","BARKING DOG","1678 3 AVENUE","NEW YORK","Manhattan","10128","Roadway","Issued","05/29/2026 09:40:29 AM","05/29/2030 11:59:59 PM","40.78398214338","-73.95022562333","5","108","1048432","1015230033","15801","MN0802","POINT (-73.950225623325 40.783982143383)"
"FLEJ, INC.","POMODORO ROSSO","229 COLUMBUS AVENUE","NEW YORK","Manhattan","10023","Sidewalk","Issued","04/03/2026 02:36:51 PM","04/03/2030 11:59:59 PM","40.77638265104","-73.97952422085","6","107","1028586","1011230064","157","MN0701","POINT (-73.979524220854 40.776382651041)"
"ONE MELON LLC","MERMAID OYSTER BAR","89 MACDOUGAL STREET","NEW YORK","Manhattan","10012","Sidewalk","Issued","07/21/2026 10:20:42 AM","07/21/2030 11:59:59 PM","40.72900441939","-74.00133497286","2","102","1008303","1005260025","65","MN0202","POINT (-74.001334972856 40.729004419392)"
"EARLYBIRD COFFEE INC","EARLY BIRD COFFE","5628 MOSHOLU AVENUE","BRONX","Bronx","10471","Sidewalk","Issued","07/21/2026 10:57:51 AM","07/21/2030 11:59:59 PM","40.90459083871","-73.90240065083","11","208","2084796","2058481744","337","BX0803","POINT (-73.902400650832 40.904590838712)"
"BROMACO INC","AURORA","70 GRAND STREET","BROOKLYN","Brooklyn","11249","Roadway","Issued","04/04/2025 04:16:03 PM","04/04/2029 11:59:59 PM","40.71580492211","-73.96477454399","33","301","3062759","3023900024","551","BK0102","POINT (-73.964774543987 40.71580492211)"
"SYNTHETIC BARLOGICS LLC","THE COMMISSIONER","247 5 AVENUE","BROOKLYN","Brooklyn","11215","Roadway","Issued","08/29/2025 01:51:32 PM","08/29/2029 11:59:59 PM","40.67491173012","-73.98150224671","39","306","3020434","3009620005","133","BK0602","POINT (-73.981502246707 40.674911730117)"
"PARK AVENUE HOSPITALITY GROUP LLC","NAR","34 EAST   20 STREET","NEW YORK","Manhattan","10003","Roadway","Issued","08/28/2026 02:11:24 PM","08/28/2030 11:59:59 PM","40.73889879087","-73.98915623929","2","105","1016180","1008480052","52","MN0501","POINT (-73.98915623929 40.738898790868)"
"LA SCALA RESTAURANT LLC","FIVE NAPKIN BURGER","630 9 AVENUE","NEW YORK","Manhattan","10036","Sidewalk","Issued","06/26/2026 01:39:01 PM","06/26/2030 11:59:59 PM","40.76003089966","-73.99144856882","3","104","1024982","1010350001","12101","MN0402","POINT (-73.99144856882 40.760030899657)"
"THE CELLAR OF AMELIE, LLC","AMELIE","22 WEST    8 STREET","NEW YORK","Manhattan","10011","Sidewalk","Issued","06/25/2026 08:03:52 AM","06/25/2030 11:59:59 PM","40.7326302297","-73.99727578497","2","102","1008859","1005510023","63","MN0202","POINT (-73.99727578497 40.732630229695)"
"JUST AN OVEN CORP","LIL FRANKIE'S PIZZA","19 1 AVENUE","NEW YORK","Manhattan","10003","Sidewalk","Issued","06/12/2026 02:36:13 PM","06/12/2030 11:59:59 PM","40.72346763619","-73.98829290367","2","103","1006096","1004430036","3602","MN0303","POINT (-73.988292903674 40.723467636191)"
"LE MIU CORP.","KAZUZA","107 AVENUE A","NEW YORK","Manhattan","10009","Sidewalk","Issued","03/20/2026 12:45:06 PM","03/20/2030 11:59:59 PM","40.72590442095","-73.98364915001","2","103","1005792","1004347504","32","MN0303","POINT (-73.983649150009 40.725904420947)"
"PLATAMATA LLC","RHODORA","197 ADELPHI STREET","BROOKLYN","Brooklyn","11205","Sidewalk","Issued","08/28/2026 09:21:29 AM","08/28/2030 11:59:59 PM","40.69187241147","-73.97159539832","35","302","3058343","3020740001","183","BK0203","POINT (-73.971595398318 40.691872411467)"
"AQUA NYC LLC","AQUA","902 BROADWAY","NEW YORK","Manhattan","10010","Sidewalk","Issued","09/02/2026 02:33:38 PM","09/02/2030 11:59:59 PM","40.73927213116","-73.98972633598","2","105","1016201","1008490016","52","MN0501","POINT (-73.989726335977 40.739272131163)"
"331 HARLEM REST CORP","CUCINA ITALIAN TAVERN","331 LENOX AVENUE","NEW YORK","Manhattan","10027","Sidewalk","Issued","06/12/2026 02:05:45 PM","06/12/2030 11:59:59 PM","40.80881138096","-73.94473423038","9","110","1057866","1019110033","224","MN1002","POINT (-73.944734230384 40.808811380956)"
"JKJ387 LLC","BABY LUC'S","387 COURT STREET","BROOKLYN","Brooklyn","11231","Roadway","Issued","03/27/2026 06:40:47 AM","03/27/2030 11:59:59 PM","40.68012825643","-73.99696066451","39","306","3007780","3004590004","77","BK0601","POINT (-73.996960664511 40.680128256431)"
"211 RESERVE LLC","LOVEBIRDS","211 NASSAU AVENUE","BROOKLYN","Brooklyn","11222","Sidewalk","Issued","02/13/2026 04:00:17 PM","02/13/2030 11:59:59 PM","40.72565046035","-73.94417208724","33","301","3066503","3026550038","58901","BK0101","POINT (-73.944172087238 40.725650460351)"
"ANITAFOREVER LLC","SARAGHINA CAFFE","195 DEKALB AVENUE","BROOKLYN","Brooklyn","11205","Sidewalk","Issued","05/15/2026 01:11:02 PM","05/15/2030 11:59:59 PM","40.68956958595","-73.97175504238","35","302","3058476","3020900001","183","BK0203","POINT (-73.971755042378 40.689569585947)"
"WITCHING HOUR LLC","WITCHING HOUR","1312 DECATUR STREET","BROOKLYN","Brooklyn","11207","Sidewalk","Issued","05/15/2026 01:44:04 PM","05/15/2030 11:59:59 PM","40.69103259751","-73.90529994277","37","304","3079793","3034360031","409","BK0402","POINT (-73.905299942771 40.691032597507)"
"ANGELO'S PIZZA 1697 INC.","ANGELO'S PIZZA","1697 BROADWAY","NEW YORK","Manhattan","10019","Roadway","Issued","10/24/2025 03:30:33 PM","10/24/2029 11:59:59 PM","40.76366945826","-73.98266516475","3","105","1024838","1010250043","131","MN0502","POINT (-73.982665164748 40.763669458261)"
"THE GRANOLA BAR AT 86, LLC","THE GRANOLA BAR","551 AMSTERDAM AVENUE","NEW YORK","Manhattan","10024","Sidewalk","Issued","05/02/2025 02:34:27 PM","05/02/2029 11:59:59 PM","40.7880606186","-73.97472487877","6","107","1032218","1012170064","173","MN0702","POINT (-73.974724878768 40.788060618602)"
"A & I CAKE CORPORATION","WILDBERRY CAKE","1715 EMMONS AVENUE","BROOKLYN","Brooklyn","11235","Roadway","Issued","08/22/2025 03:38:27 PM","08/22/2029 11:59:59 PM","40.5833643657","-73.95133335563","48","315","3247022","3087710129","608","BK1503","POINT (-73.95133335563 40.583364365701)"
"HBM UWS LLC","MIRIAM","300 AMSTERDAM AVENUE","NEW YORK","Manhattan","10023","Sidewalk","Issued","11/21/2025 01:23:23 PM","11/21/2029 11:59:59 PM","40.78018979315","-73.98049074512","6","107","1030741","1011667501","163","MN0702","POINT (-73.980490745124 40.780189793146)"
"BROADWAY 104, LLC","CAFE DU SOLEIL","245 WEST  104 STREET","NEW YORK","Manhattan","10025","Sidewalk","Issued","07/21/2026 08:49:11 AM","07/21/2030 11:59:59 PM","40.80000429046","-73.96871735171","7","107","1056583","1018760007","191","MN0703","POINT (-73.968717351713 40.800004290459)"
"3508 BROADWAY RESTAURANT GROUP LLC","THE INN BY FUMO","3508 BROADWAY","NEW YORK","Manhattan","10031","Sidewalk","Issued","05/22/2026 12:09:28 PM","05/22/2030 11:59:59 PM","40.82541450893","-73.95117371115","7","109","1061879","1020750001","229","MN0903","POINT (-73.95117371115 40.825414508934)"
"GREEK TAVERNA LLC","TELLY'S TAVERNA","28-11 23 AVENUE","ASTORIA","Queens","11105","Sidewalk","Issued","09/04/2026 10:41:24 AM","09/04/2030 11:59:59 PM","40.77543854646","-73.91438638009","22","401","4017677","4008450061","115","QN0101","POINT (-73.914386380092 40.775438546455)"
"PESH LLC","DAME","87 MACDOUGAL STREET","NEW YORK","Manhattan","10012","Sidewalk","Issued","07/02/2026 04:04:50 PM","07/02/2030 11:59:59 PM","40.72905544691","-74.00142758805","2","102","1008303","1005260025","65","MN0202","POINT (-74.001427588054 40.729055446912)"
"SISTINA RESTAURANT INC","SISTINA","24 EAST   81 STREET","NEW YORK","Manhattan","10028","Roadway","Issued","07/20/2026 04:44:09 PM","07/20/2030 11:59:59 PM","40.77779708643","-73.96158227109","4","108","1046642","1014920059","142","MN0802","POINT (-73.961582271089 40.777797086428)"
"THAI GIRLFRIENDS INC","NOODS AND CHILL","170 SOUTH    3 STREET","BROOKLYN","Brooklyn","11211","Sidewalk","Issued","04/17/2026 03:11:49 PM","04/17/2030 11:59:59 PM","40.71204071019","-73.96125960547","34","301","3321297","3024310022","551","BK0102","POINT (-73.961259605472 40.712040710185)"
"ESQ PARK SLOPE LLC","EMMY SQUARED PIZZA","315 5 AVENUE","NEW YORK","Manhattan","10016","Sidewalk","Issued","04/17/2026 02:13:15 PM","04/17/2030 11:59:59 PM","40.74699544871","-73.9855964296","4","105","1017004","1008610075","74","MN0501","POINT (-73.985596429598 40.746995448707)"
"GFLC MARKET LLC","GREENPOINT FISH & LOBSTER CO.","114 NASSAU AVENUE","BROOKLYN","Brooklyn","11222","Sidewalk","Issued","07/18/2025 03:13:34 PM","07/18/2029 11:59:59 PM","40.72428041501","-73.94920248285","33","301","3066776","3026810009","571","BK0101","POINT (-73.949202482845 40.724280415005)"
"THE IMMIGRANT WINE BAR LLC","THE IMMIGRANT WINE BAR","341 EAST    9 STREET","NEW YORK","Manhattan","10003","Roadway","Issued","04/24/2026 10:14:58 PM","04/24/2030 11:59:59 PM","40.72874558941","-73.98620292887","2","103","1006418","1004510041","4001","MN0303","POINT (-73.986202928873 40.728745589412)"
"ELYSIAN CAFE INC.","ELYSIAN CAFE","25-31 31 STREET","ASTORIA","Queens","11102","Sidewalk","Issued","05/01/2026 11:44:30 AM","05/01/2030 11:59:59 PM","40.76964190009","-73.91854203387","22","401","4008677","4006200028","6501","QN0103","POINT (-73.91854203387 40.769641900094)"
"CGP ENTERPRISES, INC.","VILLAGE TAVERNA","81 UNIVERSITY PLACE","NEW YORK","Manhattan","10003","Sidewalk","Issued","05/29/2026 12:16:49 PM","05/29/2030 11:59:59 PM","40.73342878673","-73.9931947929","2","102","1009127","1005630001","61","MN0202","POINT (-73.993194792899 40.733428786732)"
"LPB1 LLC","LA PECORA BIANCA","1133 BROADWAY","NEW YORK","Manhattan","10010","Roadway","Issued","03/13/2026 02:54:45 PM","03/13/2030 11:59:59 PM","40.74351547419","-73.98907248203","3","105","1015625","1008270049","58","MN0501","POINT (-73.989072482032 40.743515474188)"
"SPICEROAD LLC","THE SHANNON POT","10-50 44 DRIVE","LONG ISLAND CITY","Queens","11101","Sidewalk","Issued","07/24/2026 03:31:19 PM","07/24/2030 11:59:59 PM","40.7487176716","-73.95062020192","26","402","4000429","4000510024","702","QN0201","POINT (-73.950620201915 40.748717671596)"
"44 & X HELL'S KITCHEN CORP","44 & X","626 10 AVENUE","NEW YORK","Manhattan","10036","Sidewalk","Issued","08/14/2026 11:19:56 AM","08/14/2030 11:59:59 PM","40.7612552375","-73.99427126564","3","104","1026399","1010540001","12102","MN0402","POINT (-73.994271265642 40.761255237502)"
"BOLIVIAN LLAMA PARTY LLC","BOLIVIAN LLAMA PARTY","44-14 48 AVENUE","WOODSIDE","Queens","11377","Sidewalk","Issued","12/19/2025 10:43:56 AM","12/19/2029 11:59:59 PM","40.73948150308","-73.92109063928","26","402","4446397","4022880032","18501","QN0202","POINT (-73.921090639282 40.739481503076)"
"TT & B RESTAURANT INC","L'AMORE","171 MULBERRY STREET","NEW YORK","Manhattan","10013","Roadway","Issued","09/26/2025 12:40:35 PM","09/26/2029 11:59:59 PM","40.72007566253","-73.997012949","1","102","1006965","1004710017","41","MN0201","POINT (-73.997012949003 40.720075662525)"
"PICCOLION6TH CORP","PICCOLI TRATTORIA","522 6 AVENUE","BROOKLYN","Brooklyn","11215","Sidewalk","Issued","06/05/2026 05:54:14 PM","06/05/2030 11:59:59 PM","40.66511630494","-73.98638555556","39","306","3023471","3010350048","14101","BK0602","POINT (-73.986385555555 40.665116304937)"
"SA THIRD AVE CAFE LLC","SANT AMBROEUS COFFEE BAR","1136 3 AVENUE","NEW YORK","Manhattan","10065","Sidewalk","Issued","08/28/2026 01:09:11 PM","08/28/2030 11:59:59 PM","40.76615711623","-73.96322797654","4","108","1042464","1014017501","12","MN0802","POINT (-73.963227976539 40.766157116226)"
"JUICE GENERATION INC","JUICE GENERATION","350 WEST   14 STREET","NEW YORK","Manhattan","10014","Sidewalk","Issued","08/07/2026 01:24:02 PM","08/07/2030 11:59:59 PM","40.74038414858","-74.00405612638","3","102","1076087","1006297502","77","MN0203","POINT (-74.004056126384 40.740384148582)"
"GAMMA THOMPSON CORP","BLUE HAVEN","108 WEST HOUSTON STREET","NEW YORK","Manhattan","10012","Sidewalk","Issued","02/13/2026 03:13:01 PM","02/13/2030 11:59:59 PM","40.72734384146","-74.00073962862","2","102","1008252","1005250025","65","MN0202","POINT (-74.000739628621 40.727343841457)"
"ROOT NOLITA LLC","SHOO SHOO NOLITA","371 BROOME STREET","NEW YORK","Manhattan","10013","Sidewalk","Issued","07/20/2026 04:45:35 PM","07/20/2030 11:59:59 PM","40.72020738519","-73.99613630681","1","102","1006985","1004710043","41","MN0201","POINT (-73.996136306805 40.720207385185)"
"TMK 157 COLUMBUS AVE LLC","THE MIGRANT KITCHEN","157 COLUMBUS AVENUE","NEW YORK","Manhattan","10023","Sidewalk","Issued","05/22/2026 12:10:31 PM","05/22/2030 11:59:59 PM","40.77431062121","-73.9810376595","6","107","1028260","1011207501","15301","MN0701","POINT (-73.981037659502 40.774310621209)"
"DINING INNOVATION NEW YORK INC.","TSURUTONTAN UDON NOODLE BRASSERIE","64 WEST   48 STREET","NEW YORK","Manhattan","10036","Roadway","Issued","09/02/2026 03:07:54 PM","09/02/2030 11:59:59 PM","40.75823172685","-73.98039613181","4","105","1034501","1012630067","96","MN0502","POINT (-73.980396131806 40.758231726846)"
"EFTIHIA REST INC.","TOM'S RESTAURANT","2880 BROADWAY","NEW YORK","Manhattan","10025","Sidewalk","Issued","04/17/2026 04:14:30 PM","04/17/2030 11:59:59 PM","40.8054901852","-73.9657202522","7","109","1056989","1018840001","199","MN0901","POINT (-73.965720252196 40.805490185201)"
"TOURBILLON45 LLC","CAFE ALTRO PARADISO","234 SPRING STREET","NEW YORK","Manhattan","10013","Sidewalk","Issued","06/05/2026 04:24:50 PM","06/05/2030 11:59:59 PM","40.725559648","-74.0047371038","1","102","1007385","1004910046","37","MN0201","POINT (-74.004737103801 40.725559647998)"
"TK BELL LLC","TAVERNA KYCLADES","39-28 BELL BOULEVARD","BAYSIDE","Queens","11361","Sidewalk","Issued","07/20/2026 04:27:02 PM","07/20/2030 11:59:59 PM","40.76494234967","-73.77170763811","19","411","4137549","4062370020","1123","QN1102","POINT (-73.77170763811 40.764942349667)"
"SOLO FOOD CORP","ROMA PIZZA RESTAURANT","1701 1 AVENUE","NEW YORK","Manhattan","10128","Sidewalk","Issued","09/18/2026 10:23:51 AM","09/18/2030 11:59:59 PM","40.77827497793","-73.94836316601","5","108","1050077","115510024","14602","MN0803","POINT (-73.948363166008 40.77827497793)"
"PANINO RUSTICO OF BAY RIDGE CORP","PANINO RUSTICO","8901 3 AVENUE","BROOKLYN","Brooklyn","11209","Sidewalk","Issued","05/15/2026 12:41:37 PM","05/15/2030 11:59:59 PM","40.62130869971","-74.03192981949","47","310","3154167","3060640004","6","BK1001","POINT (-74.03192981949 40.621308699709)"
"IXV COFFEE LLC","IXV COFFEE","497 PACIFIC STREET","BROOKLYN","Brooklyn","11217","Roadway","Issued","10/24/2025 03:39:27 PM","10/24/2029 11:59:59 PM","40.68486704446","-73.98158961541","33","302","3000995","3001857501","39","BK0202","POINT (-73.981589615407 40.684867044463)"
"agoriani inc","RAY'S PIZZA BAGEL CAFE","2 SAINT MARKS PLACE","NEW YORK","Manhattan","10003","Sidewalk","Issued","08/07/2026 01:54:52 PM","08/07/2030 11:59:59 PM","40.72940194652","-73.98959797351","2","103","1006657","1004630007","38","MN0303","POINT (-73.989597973514 40.729401946523)"
"ABRIL NY CORPORATION","VAMOS AL TEQUILA","162 FRANKLIN STREET","BROOKLYN","Brooklyn","11222","Roadway","Issued","05/08/2026 04:20:27 PM","05/08/2030 11:59:59 PM","40.73075328777","-73.95772714958","33","301","3064539","3025500002","565","BK0101","POINT (-73.957727149581 40.730753287767)"
"LILAC GM LLC","BLACK OAK","200 5 AVENUE","BROOKLYN","Brooklyn","11217","Sidewalk","Issued","07/02/2026 03:52:05 PM","07/02/2030 11:59:59 PM","40.67667093023","-73.98029401735","39","306","3332137","3009520038","131","BK0602","POINT (-73.980294017354 40.676670930228)"
"BARJER CORP","NINA'S GREAT BURRITO BAR","522 COLUMBUS AVENUE","NEW YORK","Manhattan","10024","Roadway","Issued","07/23/2026 04:56:22 PM","07/23/2030 11:59:59 PM","40.78595764323","-73.97256622257","6","107","1032161","1012160027","169","MN0702","POINT (-73.972566222568 40.785957643232)"
"CHEEZY MELTZ CORP.","CHEEZY MELTZ","4734 BROADWAY","NEW YORK","Manhattan","10040","Sidewalk","Issued","07/24/2026 12:20:58 PM","07/24/2030 11:59:59 PM","40.86494593267","-73.92832753562","10","112","1064225","1021750039","287","MN1202","POINT (-73.928327535618 40.864945932668)"
"RADIO GAGA LLC","RADIO STAR","13 GREENPOINT AVENUE","BROOKLYN","Brooklyn","11222","Sidewalk","Issued","08/14/2026 01:56:54 PM","08/14/2030 11:59:59 PM","40.72963976099","-73.9600947524","33","301",,"3025560045","565","BK0101","POINT (-73.960094752399 40.729639760993)"
"CABRERA ARGUDO CORP","RANCHO TEQUILERA","718 AMSTERDAM AVENUE","NEW YORK","Manhattan","10025","Sidewalk","Issued","09/18/2026 10:22:52 AM","09/18/2030 11:59:59 PM","40.79333512341","-73.97089825315","7","107","1033681","1012420036","183","MN0702","POINT (-73.970898253148 40.793335123411)"
"ASTOR BAGEL & COFFEE COMPANY LLC","TOAST & ROAST","32-07 BROADWAY","ASTORIA","Queens","11106","Roadway","Issued","05/08/2026 04:15:13 PM","05/08/2030 11:59:59 PM","40.7615269324","-73.92442875879","22","401","4008405","4006140007","61","QN0103","POINT (-73.924428758792 40.761526932399)"
"FIASCHETTERIA LTD","FIASCHETTERIA PISTOIA","647 EAST   11 STREET","NEW YORK","Manhattan","10009","Roadway","Issued","05/16/2025 03:51:13 PM","05/16/2029 11:59:59 PM","40.72671312035","-73.97767785927","2","103","1004914","1003940044","28","MN0303","POINT (-73.977677859274 40.72671312035)"
"MALABAR KITCHEN LLC","ALTA CALIDAD","552 VANDERBILT AVENUE","BROOKLYN","Brooklyn","11238","Sidewalk","Issued","06/12/2026 01:45:29 PM","06/12/2030 11:59:59 PM","40.68006893596","-73.96800588417","35","308","3027874","3011370047","163","BK0801","POINT (-73.968005884165 40.680068935955)"
"VICTORY SWEET SHOP LTD","VICTORY SWEET SHOP","21-69 STEINWAY STREET","ASTORIA","Queens","11105","Sidewalk","Issued","05/29/2026 12:15:45 PM","05/29/2030 11:59:59 PM","40.77350728289","-73.9052363637","22","401","4015470","4007970006","121","QN0101","POINT (-73.9052363637 40.773507282889)"
"DIG INN 127 FOURTH AVE LLC","DIG INN","127 4 AVENUE","NEW YORK","Manhattan","10003","Sidewalk","Issued","08/21/2026 09:55:09 AM","08/21/2030 11:59:59 PM","40.73320622028","-73.9899257293","2","103","1077855","1005580010","42","MN0303","POINT (-73.9899257293 40.733206220277)"
"RABID INC","TABARE RESTAURANT","1006 FLUSHING AVENUE","BROOKLYN","Brooklyn","11237","Sidewalk","Issued","03/13/2026 03:22:41 PM","03/13/2030 11:59:59 PM","40.70382784793","-73.93097199572","34","304","3338441","3031490003","427","BK0401","POINT (-73.930971995715 40.703827847931)"
"ZOUK LTD","PALMA","28 CORNELIA STREET","NEW YORK","Manhattan","10014","Roadway","Issued","10/03/2025 01:36:49 PM","10/03/2029 11:59:59 PM","40.73141156657","-74.00213242586","3","102","1076924","1005890013","67","MN0203","POINT (-74.00213242586 40.731411566573)"
"HOT FISH LLC","PEACHES HOTHOUSE","415 TOMPKINS AVENUE","BROOKLYN","Brooklyn","11216","Sidewalk","Issued","06/12/2026 02:57:19 PM","06/12/2030 11:59:59 PM","40.68328752378","-73.94389040144","36","303","3052409","3018350001","267","BK0301","POINT (-73.943890401437 40.683287523776)"
"TALEA BEER INC.","TALEA BEER CO.","61 BERGEN STREET","BROOKLYN","Brooklyn","11201","Sidewalk","Issued","05/09/2025 09:33:30 AM","05/09/2029 11:59:59 PM","40.68696243573","-73.9910433142","33","302","3001232","3001930034","43","BK0202","POINT (-73.991043314202 40.686962435726)"
"CAFE AKA CP, LLC.","a.CAFE/ a. LOUNGE","42 WEST   58 STREET","NEW YORK","Manhattan","10019","Roadway","Issued","05/23/2025 11:28:32 AM","05/23/2029 11:59:59 PM","40.76435427487","-73.97518876442","4","105","1035075","1012730060","11201","MN0502","POINT (-73.975188764417 40.764354274867)"
"BLUE BOTTLE COFFEE, LLC","BLUE BOTTLE COFFEE","279 AMSTERDAM AVENUE","NEW YORK","Manhattan","10023","Sidewalk","Issued","07/20/2026 04:45:59 PM","07/20/2030 11:59:59 PM","40.77937469572","-73.9810542657","6","107","1030007","1011450001","157","MN0701","POINT (-73.981054265704 40.779374695717)"
"GREENWOOD LAKE GROUP LLC","AT THE WALLACE","3612 BROADWAY","NEW YORK","Manhattan","10031","Roadway","Issued","02/13/2026 02:33:02 PM","02/13/2030 11:59:59 PM","40.8287236139","-73.94875747992","7","109","1062060","1020800059","233","MN0903","POINT (-73.948757479918 40.828723613901)"
"PCPG LLC","VITE VINOSTERIA","31-05 34 STREET","ASTORIA","Queens","11106","Sidewalk","Issued","08/28/2026 09:51:07 AM","08/28/2030 11:59:59 PM","40.76276828282","-73.92141310158","22","401","4008962","4006240038","61","QN0103","POINT (-73.921413101575 40.762768282821)"
"51 KENT CAFE INC","THE KENT ALE HOUSE","51 KENT AVENUE","BROOKLYN","Brooklyn","11249","Sidewalk","Issued","07/18/2025 03:34:33 PM","07/18/2029 11:59:59 PM","40.72244000312","-73.95942444419","33","301","3061595","3022950107","557","BK0102","POINT (-73.959424444186 40.722440003121)"
"NOODLE PUDDING RESTAURANT LLC","NOODLE PUDDING","38 HENRY STREET","BROOKLYN","Brooklyn","11201","Roadway","Issued","10/10/2025 01:36:25 PM","10/10/2029 11:59:59 PM","40.69976961015","-73.99190713411","33","302","3001601","3002160028","1","BK0201","POINT (-73.991907134111 40.699769610154)"
"NOYA CAFE LLC","NOYA CAFE","2303 ARTHUR AVENUE","BRONX","Bronx","10458","Sidewalk","Issued","05/22/2026 10:42:07 AM","05/22/2030 11:59:59 PM","40.85368616598","-73.88919114719","15","206","2011882","2030650001","391","BX0603","POINT (-73.889191147186 40.853686165979)"
"THE  BANHMIGOS FOOD INC","BANHMIGOS","178 LINCOLN PLACE","BROOKLYN","Brooklyn","11217","Sidewalk","Issued","02/06/2026 10:50:14 AM","02/06/2030 11:59:59 PM","40.67550590241","-73.97405388383","39","306","3341657","3010610010","159","BK0602","POINT (-73.974053883834 40.67550590241)"
"MARIQUITA LLC","WELCOME HOME","1047 BEDFORD AVENUE","BROOKLYN","Brooklyn","11216","Sidewalk","Issued","05/22/2026 01:06:57 PM","05/22/2030 11:59:59 PM","40.68813963721","-73.95485158808","36","303","3050071","3017930001","243","BK0301","POINT (-73.954851588077 40.688139637211)"
"350 FIRST AVENUE LLC","ROSEMARY'S","350 1 AVENUE","NEW YORK","Manhattan","10010","Sidewalk","Issued","08/28/2026 01:18:40 PM","08/28/2030 11:59:59 PM","40.73512344784","-73.97964880791","4","106","1083679","1009780001","6","MN0601","POINT (-73.979648807913 40.735123447835)"
"BK 99 ROGERS CORP","99 ROGERS","99 ROGERS AVENUE","BROOKLYN","Brooklyn","11216","Sidewalk","Issued","06/19/2026 10:41:31 AM","06/19/2030 11:59:59 PM","40.67419812244","-73.95286385959","36","308","3031193","3012330011","31701","BK0802","POINT (-73.952863859589 40.674198122444)"
"MORALES CABRERA CORP","RANCHO TEQUILERIA","741 9 AVENUE","NEW YORK","Manhattan","10019","Sidewalk","Issued","09/02/2026 03:03:48 PM","09/02/2030 11:59:59 PM","40.76357690779","-73.98888868216","3","104","1026683","1010600029","133","MN0402","POINT (-73.988888682159 40.76357690779)"
"DUGOUTBX 2 LLC","DUGOUTBX - YANKEE STADIUM","880 RIVER AVENUE","BRONX","Bronx","10452","Sidewalk","Issued","05/29/2026 10:54:59 AM","05/29/2030 11:59:59 PM","40.82832670248","-73.92562452986","16","204","2002988","2024840009","195","BX0401","POINT (-73.92562452986 40.828326702476)"
"AKRAM RESTAURANT MANAGEMENT INC","DA GENNARO","129 MULBERRY STREET","NEW YORK","Manhattan","10013","Sidewalk","Issued","07/21/2026 10:33:03 AM","07/21/2030 11:59:59 PM","40.71832451919","-73.99783552738","1","102","1003083","1002360031","41","MN0201","POINT (-73.997835527382 40.718324519188)"
"EAST CHURCH STREET LLC","THE GEM SALOON","375 3 AVENUE","NEW YORK","Manhattan","10016","Sidewalk","Issued","08/21/2026 01:44:31 PM","08/21/2030 11:59:59 PM","40.74143118508","-73.98123470633","2","106","1019868","1009080001","66","MN0603","POINT (-73.981234706326 40.741431185077)"
"S&D DINING GROUP LLC","COME PRIMA","903 MADISON AVENUE","NEW YORK","Manhattan","10021","Sidewalk","Issued","06/12/2026 02:00:59 PM","06/12/2030 11:59:59 PM","40.77221812249","-73.96509840689","4","108","1041474","1013870052","13","MN0802","POINT (-73.965098406889 40.772218122494)"
"BROOKLYN ART HAUS LLC","THE MOUTH","24 MARCY AVENUE","BROOKLYN","Brooklyn","11211","Sidewalk","Issued","03/20/2026 01:13:45 PM","03/20/2030 11:59:59 PM","40.71339698776","-73.95475144868","34","301","3425786","3023690028","519","BK0102","POINT (-73.954751448679 40.713396987764)"
"980 FOOD CORP","ROMA PIZZA","980 6 AVENUE","NEW YORK","Manhattan","10018","Sidewalk","Issued","08/21/2026 11:53:36 AM","08/21/2030 11:59:59 PM","40.75116213809","-73.98677574653","4","105","1015919","1008380001","84","MN0502","POINT (-73.986775746534 40.751162138093)"
"COFFEEMEN'S, LLC","LITTLE CANAL","26 CANAL STREET","NEW YORK","Manhattan","10002","Sidewalk","Issued","09/04/2026 10:31:47 AM","09/04/2030 11:59:59 PM","40.7144430364","-73.99041194682","1","103","1003599","1002830073","6","MN0301","POINT (-73.990411946822 40.714443036403)"
"SOCIALE LLC","SOCIALE","320 COURT STREET","BROOKLYN","Brooklyn","11231","Roadway","Issued","10/31/2025 11:43:04 AM","10/31/2029 11:59:59 PM","40.6832709745","-73.99546782271","39","306","3004211","3003330038","67","BK0601","POINT (-73.99546782271 40.683270974497)"
"ARELO LLC","GO NONNA","10-50 44 DRIVE","LONG ISLAND CITY","Queens","11101","Sidewalk","Issued","06/19/2026 11:16:30 AM","06/19/2030 11:59:59 PM","40.7487176716","-73.95062020192","26","402","4000429","4000510024","702","QN0201","POINT (-73.950620201915 40.748717671596)"
"SONO LEGIT NY LLC","URBAN COVE SOCIETY & KITCHEN","33 PECK SLIP","NEW YORK","Manhattan","10038","Roadway","Issued","03/13/2026 03:20:41 PM","03/13/2030 11:59:59 PM","40.70786421351","-74.00162309874","1","101","1082019","1001070038","1501","MN0101","POINT (-74.001623098743 40.707864213514)"
"646 AMSTERDAM INC.","OSTERIA ACCADEMIA","646 AMSTERDAM AVENUE","NEW YORK","Manhattan","10025","Roadway","Issued","05/22/2026 10:47:29 AM","05/22/2030 11:59:59 PM","40.79115069498","-73.9724918461","6","107","1033590","1012390032","179","MN0702","POINT (-73.972491846104 40.791150694982)"
"PIZZA PASTA SALAD LLC","SALSA","40 CLIFFORD PLACE","BROOKLYN","Brooklyn","11222","Sidewalk","Issued","07/24/2026 02:10:35 PM","07/24/2030 11:59:59 PM","40.72710197914","-73.9556873853","33","301","3065271","3025940001","561","BK0101","POINT (-73.955687385302 40.727101979141)"
"1679 3RD AVENUE RESTAURANT CORP","THE DISTRICT","1679 3 AVENUE","NEW YORK","Manhattan","10128","Roadway","Issued","04/10/2026 01:01:20 PM","04/10/2030 11:59:59 PM","40.78397389973","-73.95020396336","5","108","1049212","1015400001","15601","MN0803","POINT (-73.950203963358 40.783973899731)"
"RABTRA, LLC","ART BAR","52 8 AVENUE","NEW YORK","Manhattan","10014","Roadway","Issued","03/20/2026 12:18:29 PM","03/20/2030 11:59:59 PM","40.73857810859","-74.0036302065","3","102","1082554","1006160107","77","MN0203","POINT (-74.003630206504 40.738578108589)"
"35 CANAL CAFE LLC","CLANDESTINO","35 CANAL STREET","NEW YORK","Manhattan","10002","Roadway","Issued","03/13/2026 01:47:54 PM","03/13/2030 11:59:59 PM","40.71463796405","-73.99101793736","1","103","1003825","1002970036","16","MN0301","POINT (-73.99101793736 40.714637964045)"
"WINES AND VINTAGES, INC","CORK WINE BAR","69 THOMPSON STREET","NEW YORK","Manhattan","10012","Roadway","Issued","07/24/2026 01:01:33 PM","07/24/2030 11:59:59 PM","40.72435200737","-74.00307383017","1","102","1077743","1004890032","47","MN0201","POINT (-74.003073830174 40.724352007366)"
"TRADITA CORP","CKA KA QELLU","2321 HUGHES AVENUE","BRONX","Bronx","10458","Sidewalk","Issued","02/13/2026 03:31:16 PM","02/13/2030 11:59:59 PM","40.85380856118","-73.88803781048","15","206","2012130","2030730028","391","BX0603","POINT (-73.888037810481 40.853808561184)"
"BAGELOGY INC","BAGEL POINT","87 NORMAN AVENUE","BROOKLYN","Brooklyn","11222","Roadway","Issued","09/02/2026 02:34:37 PM","09/02/2030 11:59:59 PM","40.72536578373","-73.9519544324","33","301","3065598","3026190028","561","BK0101","POINT (-73.951954432403 40.725365783731)"
"SEVEN A CAFE INC.","MISS LILY'S 7A CAFE","109 AVENUE A","NEW YORK","Manhattan","10009","Roadway","Issued","03/20/2026 12:53:29 PM","03/20/2030 11:59:59 PM","40.72596205537","-73.98360944925","2","103","1005791","1004340029","32","MN0303","POINT (-73.983609449249 40.725962055374)"
"100 FORSYTH RESTAURANT LLC","WAYLA / LITTLE WAYLA","100 FORSYTH STREET","NEW YORK","Manhattan","10002","Roadway","Issued","03/27/2026 09:45:30 AM","03/27/2030 11:59:59 PM","40.7183764671","-73.99284641239","1","103","1005561","1004180032","18","MN0302","POINT (-73.992846412394 40.718376467101)"
"MAB BAR INC.","THE TOOL BOX","1742 2 AVENUE","NEW YORK","Manhattan","10128","Sidewalk","Issued","07/31/2026 02:57:41 PM","07/31/2030 11:59:59 PM","40.78082813766","-73.94957442547","5","108","1050202","1015530051","15401","MN0803","POINT (-73.949574425471 40.78082813766)"
"IL RIFUGIO INC.","TARALLUCCI E VINO","475 COLUMBUS AVENUE","NEW YORK","Manhattan","10024","Sidewalk","Issued","09/11/2026 11:08:13 AM","09/11/2030 11:59:59 PM","40.78437418587","-73.97369713519","6","107","1031202","1011960061","169","MN0702","POINT (-73.973697135192 40.784374185866)"
"ESSEX MARKET LEASING CORP.","JEREMY'S","1652 2 AVENUE","NEW YORK","Manhattan","10028","Sidewalk","Issued","05/29/2026 11:16:35 AM","05/29/2030 11:59:59 PM","40.77760405957","-73.95192381755","5","108","1050019","1015480051","14601","MN0803","POINT (-73.951923817549 40.777604059573)"
"LUISA CAPITAL LLC","PICCOLO CUCINA CASA","141 NEVINS STREET","BROOKLYN","Brooklyn","11217","Sidewalk","Issued","02/13/2026 03:48:57 PM","02/13/2030 11:59:59 PM","40.68431019555","-73.98384687986","33","302","3332449","3001970002","39","BK0202","POINT (-73.98384687986 40.684310195545)"
"ESPRESSO GRUMPY LLC","CAFE GRUMPY","383 7 AVENUE","BROOKLYN","Brooklyn","11215","Roadway","Issued","09/02/2026 02:37:12 PM","09/02/2030 11:59:59 PM","40.66529699261","-73.98289628946","39","306","3026260","3010960004","151","BK0602","POINT (-73.98289628946 40.665296992612)"
"198 8TH AVENUE RESTAURANT GROUP LLC","FUMO","198 8 AVENUE","NEW YORK","Manhattan","10011","Sidewalk","Issued","05/01/2026 11:45:12 AM","05/01/2030 11:59:59 PM","40.74349952578","-73.99977264417","3","104","1014011","1007700001","87","MN0401","POINT (-73.999772644166 40.743499525783)"
"TMN MANAGEMENT LLC","BE PASTA","447 1 STREET","BROOKLYN","Brooklyn","11215","Sidewalk","Issued","07/31/2026 12:10:30 PM","07/31/2030 11:59:59 PM","40.6719577427","-73.97805674946","39","306","3020693","3009660048","157","BK0602","POINT (-73.978056749464 40.671957742701)"
"STOUT BRYANT PARK INC","STOUT NYC","109 WEST   39 STREET","NEW YORK","Manhattan","10018","Sidewalk","Issued","08/21/2026 01:39:45 PM","08/21/2030 11:59:59 PM","40.75317121588","-73.98604264835","4","105","1015277","1008150021","113","MN0502","POINT (-73.986042648349 40.753171215883)"
"MICHAEL G. FANELLI, INC.","FANELLI CAFE","94 PRINCE STREET","NEW YORK","Manhattan","10012","Sidewalk","Issued","05/08/2026 01:35:50 PM","05/08/2030 11:59:59 PM","40.7246759237","-73.99870479998","1","102","1007611","1004990020","49","MN0201","POINT (-73.99870479998 40.724675923701)"
"ATLA LAFAYETTE LLC","ATLA","372 LAFAYETTE STREET","NEW YORK","Manhattan","10012","Sidewalk","Issued","08/14/2026 11:24:20 AM","08/14/2030 11:59:59 PM","40.72713232742","-73.99376549178","2","102","1008476","1005300013","5502","MN0202","POINT (-73.993765491778 40.727132327424)"
"NEBUCHADNEZZAR BROOKLYN LLC","GLASSERIE","95 COMMERCIAL STREET","BROOKLYN","Brooklyn","11222","Sidewalk","Issued","07/24/2026 01:10:29 PM","07/24/2030 11:59:59 PM","40.73774900419","-73.95589678774","33","301","3063674","3024720400","56302","BK0101","POINT (-73.955896787736 40.73774900419)"
"POPUP BAGELS INC","POPUP BAGELS","177 THOMPSON STREET","NEW YORK","Manhattan","10012","Roadway","Issued","10/24/2025 03:47:38 PM","10/24/2029 11:59:59 PM","40.72780221957","-74.00020565426","2","102","1008250","1005257503","65","MN0202","POINT (-74.000205654256 40.72780221957)"
"MS RESTAURANT CORP.","AGNANTI","19-06 DITMARS BOULEVARD","ASTORIA","Queens","11105","Sidewalk","Issued","03/13/2026 01:28:44 PM","03/13/2030 11:59:59 PM","40.78110345245","-73.9177732864","22","401","4020160","4008910030","101","QN0101","POINT (-73.917773286402 40.781103452453)"
"18 FRONT INC.","MOTHER'S RUIN","18 SPRING STREET","NEW YORK","Manhattan","10012","Roadway","Issued","07/21/2026 10:19:50 AM","07/21/2030 11:59:59 PM","40.72140405875","-73.99497458298","1","102","1083495","1004790019","41","MN0201","POINT (-73.994974582975 40.721404058749)"
"419 MYRTLE REST CORP","PUTNAM'S PUB","419 MYRTLE AVENUE","BROOKLYN","Brooklyn","11205","Sidewalk","Issued","07/24/2026 02:09:42 PM","07/24/2030 11:59:59 PM","40.69312336689","-73.96904175459","35","302","3054290","3018870093","195","BK0204","POINT (-73.96904175459 40.693123366886)"
"MISTER BLUE LLC.","THE EXLEY","1 JACKSON STREET","BROOKLYN","Brooklyn","11211","Sidewalk","Issued","08/28/2026 09:48:18 AM","08/28/2030 11:59:59 PM","40.71597587377","-73.95181332677","33","301","3379885","3027410048","515","BK0102","POINT (-73.951813326771 40.715975873772)"
"ANDREAS WV, LLC","DA ANDREA","35 WEST   13 STREET","NEW YORK","Manhattan","10011","Roadway","Issued","08/15/2025 03:31:38 PM","08/15/2029 11:59:59 PM","40.73584703304","-73.99538123943","2","102","1009713","1005770019","63","MN0202","POINT (-73.995381239429 40.73584703304)"
"SEED BRKLYN LLC","SEED BROOKLYN","1217 BEDFORD AVENUE","BROOKLYN","Brooklyn","11216","Roadway","Issued","05/08/2026 02:33:50 PM","05/08/2030 11:59:59 PM","40.68168066825","-73.9535652214","36","303","3052565","3018370002","245","BK0301","POINT (-73.953565221399 40.681680668247)"
"FINGAL LLC","THE FIVE LAMPS","1586 YORK AVENUE","NEW YORK","Manhattan","10028","Roadway","Issued","10/24/2025 03:52:13 PM","10/24/2029 11:59:59 PM","40.77433895526","-73.94826513579","5","108","1051210","1015800052","13604","MN0803","POINT (-73.94826513579 40.774338955264)"
"CAVAN HOSPITALITY INC","JUKE BAR","400 TROUTMAN STREET","BROOKLYN","Brooklyn","11237","Roadway","Issued","05/16/2025 04:04:54 PM","05/16/2029 11:59:59 PM","40.70630137674","-73.92311380872","34","304","3072597","3031880034","447","BK0401","POINT (-73.923113808715 40.706301376735)"
"TRIBICHA, INC.","PIES-N-THIGHS","166 SOUTH    4 STREET","BROOKLYN","Brooklyn","11211","Sidewalk","Issued","07/24/2026 11:29:00 AM","07/24/2030 11:59:59 PM","40.71128865687","-73.96129972205","34","301","3063458","3024460073","523","BK0102","POINT (-73.961299722045 40.711288656873)"
"DREAMERS COFFEE LLC","DREAMERS COFFEE HOUSE","54 HENRY STREET","NEW YORK","Manhattan","10002","Roadway","Issued","03/20/2026 12:33:32 PM","03/20/2030 11:59:59 PM","40.7129419495","-73.99523133193","1","103","1003343","1002770031","8","MN0301","POINT (-73.995231331932 40.712941949496)"
"TOTORE PIZZERIA & RESTAURANT INC","ALBA'S PIZZERIA","36-20 DITMARS BOULEVARD","ASTORIA","Queens","11105","Sidewalk","Issued","08/21/2026 09:49:43 AM","08/21/2030 11:59:59 PM","40.77419845728","-73.90799018394","22","401","4016369","4008210036","117","QN0101","POINT (-73.907990183943 40.774198457282)"
"LPB1 LLC","LA PECORA BIANCA","1133 BROADWAY","NEW YORK","Manhattan","10010","Sidewalk","Issued","03/13/2026 02:55:18 PM","03/13/2030 11:59:59 PM","40.74351547419","-73.98907248203","3","105","1015625","1008270049","58","MN0501","POINT (-73.989072482032 40.743515474188)"
"JANKYBOYZ LLC","JACK'S WIFE FREDA","258 WYTHE AVENUE","BROOKLYN","Brooklyn","11249","Sidewalk","Issued","08/22/2025 03:27:20 PM","08/22/2029 11:59:59 PM","40.71706149375","-73.96308201326","33","301","3062390","3023570017","555","BK0102","POINT (-73.96308201326 40.717061493746)"
"NT ANGELINA 7 TSQ LLC","ANGELINA'S BAKERY","7 TIMES SQUARE","NEW YORK","Manhattan","10036","Sidewalk","Issued","07/24/2026 12:09:46 PM","07/24/2030 11:59:59 PM","40.75590781731","-73.98668095381","3","105","1086069","1009940001","113","MN0502","POINT (-73.986680953809 40.755907817312)"
"GIN BLOSSOM BK  LLC","CLOVER CLUB","210 SMITH STREET","BROOKLYN","Brooklyn","11201","Sidewalk","Issued","03/14/2025 01:53:03 PM","03/14/2029 11:59:59 PM","40.68451691052","-73.99197028787","39","306","3006405","3004020042","6902","BK0601","POINT (-73.99197028787 40.684516910524)"
"P & A 665 RESTAURANT CORP.","GALAXY DINER","665 9 AVENUE","NEW YORK","Manhattan","10036","Sidewalk","Issued","07/21/2026 11:12:17 AM","07/21/2030 11:59:59 PM","40.76108208399","-73.99070120907","3","104","1080934","1010560029","127","MN0402","POINT (-73.990701209066 40.761082083992)"
"BONDI - 246 5TH AVENUE LLC","BONDI SUSHI","246 5 AVENUE","NEW YORK","Manhattan","10001","Sidewalk","Issued","08/07/2026 11:57:54 AM","08/07/2030 11:59:59 PM","40.74458575698","-73.98737252245","3","105","1015691","1008290042","58","MN0501","POINT (-73.987372522452 40.744585756978)"
"DULCE RANGER LLC","CARLOTA","14A ORCHARD ST","NEW YORK","Manhattan","10002","Roadway","Issued","06/26/2026 01:37:29 PM","06/26/2030 11:59:59 PM","40.71521441787","-73.99171406546","1","103",,,"16","MN0301","POINT (-73.991714065461 40.715214417866)"
"MUSSELS & MORE LTD","MUSSELS & MORE","510 80 STREET","BROOKLYN","Brooklyn","11209","Sidewalk","Issued","04/17/2026 03:08:03 PM","04/17/2030 11:59:59 PM","40.62558155113","-74.023851638","47","310","3151363","3059900010","138","BK1001","POINT (-74.023851637995 40.62558155113)"
"301 SOUTH LLC","TREADWELL PARK / BLACK HOUND","301 SOUTH END AVENUE","NEW YORK","Manhattan","10280","Roadway","Issued","07/20/2026 03:34:19 PM","07/20/2030 11:59:59 PM","40.71021532912","-74.01633616562","1","101","1083378","1000160100","31704","MN0101","POINT (-74.016336165623 40.710215329115)"
"LEXINGTON BAGELS INC.","TAL BAGELS","1324 LEXINGTON AVENUE","NEW YORK","Manhattan","10128","Sidewalk","Issued","07/24/2026 03:21:57 PM","07/24/2030 11:59:59 PM","40.78098939113","-73.95449952003","4","108","1048077","1015170016","14802","MN0802","POINT (-73.954499520028 40.780989391134)"
"WEST SIDE 2014 LLC","CANTO","2014 BROADWAY","NEW YORK","Manhattan","10023","Sidewalk","Issued","06/26/2026 01:36:39 PM","06/26/2030 11:59:59 PM","40.77604273747","-73.98213478472","6","107","1028948","1011400046","15302","MN0701","POINT (-73.982134784722 40.776042737468)"
"GABI OPERATING CORP","MARINARA PIZZA","1376 LEXINGTON AVENUE","NEW YORK","Manhattan","10128","Sidewalk","Issued","07/24/2026 02:01:25 PM","07/24/2030 11:59:59 PM","40.78252874822","-73.95337907055","4","108","1048276","1015190059","14802","MN0802","POINT (-73.953379070553 40.782528748221)"
"GROUBEN FOOD, CORP.","BUBO","515 3 AVENUE","NEW YORK","Manhattan","10016","Sidewalk","Issued","07/21/2026 08:47:47 AM","07/21/2030 11:59:59 PM","40.74604727577","-73.97786984907","4","106","1020177","1009150065","78","MN0603","POINT (-73.977869849068 40.746047275767)"
"THINGS ARE DIFFERENT TODAY LLC","RITA & MARIA","558 HALSEY STREET","BROOKLYN","Brooklyn","11233","Sidewalk","Issued","05/15/2026 12:46:36 PM","05/15/2030 11:59:59 PM","40.68376730503","-73.93266583003","36","303","3046434","3016650044","295","BK0302","POINT (-73.932665830028 40.683767305028)"
"PASTA SHOP LLC","BAR PRIMI","325 BOWERY","NEW YORK","Manhattan","10003","Sidewalk","Issued","04/17/2026 11:20:02 AM","04/17/2030 11:59:59 PM","40.72574885656","-73.99201220281","2","103","1079109","1004587503","3602","MN0303","POINT (-73.992012202805 40.72574885656)"
"OUTSTANDING GROUNDS LLC","BIRCH COFFEE","171 EAST   88 STREET","NEW YORK","Manhattan","10128","Roadway","Issued","03/27/2026 07:51:04 AM","03/27/2030 11:59:59 PM","40.78044564446","-73.95378494801","5","108","1048084","1015170033","14802","MN0802","POINT (-73.953784948013 40.780445644457)"
"RISE BAR NYC LLC","RISE BAR","859 9 AVENUE","NEW YORK","Manhattan","10019","Sidewalk","Issued","03/06/2026 10:57:28 AM","03/06/2030 11:59:59 PM","40.76710089791","-73.98631408596","6","104","1026849","1010650036","139","MN0402","POINT (-73.986314085955 40.767100897914)"
"BAJA AND HUMANS, LLC","BORIS & HORTON","195 AVENUE A","NEW YORK","Manhattan","10009","Sidewalk","Issued","09/11/2026 10:05:16 AM","09/11/2030 11:59:59 PM","40.7291785619","-73.98126342627","2","103","1005999","1004400038","34","MN0303","POINT (-73.981263426273 40.729178561902)"
"NEW HK 2LLC","ZIZI","182 8 AVENUE","NEW YORK","Manhattan","10011","Roadway","Issued","09/11/2026 11:19:13 AM","09/11/2030 11:59:59 PM","40.74300821345","-74.00013352545","3","104","1013963","1007690001","87","MN0401","POINT (-74.000133525454 40.743008213452)"
"SOTTOLIO INC","NORMA","438 3 AVENUE","NEW YORK","Manhattan","10016","Sidewalk","Issued","07/20/2026 05:11:32 PM","07/20/2030 11:59:59 PM","40.74345931816","-73.97978338697","2","106","1018323","1008860046","72","MN0603","POINT (-73.979783386973 40.743459318157)"
"JUICE PRODUCTIONS, INC.","PROVINI","1302 8 AVENUE","BROOKLYN","Brooklyn","11215","Roadway","Issued","08/08/2025 02:54:03 PM","08/08/2029 11:59:59 PM","40.66324639641","-73.98131445746","39","306","3026494","3011000038","14901","BK0602","POINT (-73.981314457464 40.663246396408)"
"2343 ENZO HOLDINGS LLC","ENZO'S OF ARTHUR AVE","2339 & 2343 ARTHUR AVE","BRONX","Bronx","10458","Roadway","Issued","05/15/2026 09:44:54 AM","05/15/2030 11:59:59 PM","42.1264412","-70.8480884","46","318",,,,,"POINT (-70.8480884 42.1264412)"
"JIN UPPER WEST SIDE CORP","JIN RAMEN UWS","462 AMSTERDAM AVENUE","NEW YORK","Manhattan","10024","Sidewalk","Issued","07/21/2026 12:56:52 PM","07/21/2030 11:59:59 PM","40.78528061919","-73.97678065191","6","107","1032760","1012300030","171","MN0702","POINT (-73.976780651907 40.785280619194)"
"132 MULBERRY INC","UMBERTO'S CLAM HOUSE","132 MULBERRY STREET","NEW YORK","Manhattan","10013","Roadway","Issued","07/31/2026 02:59:02 PM","07/31/2030 11:59:59 PM","40.71838490291","-73.99777419863","1","102","1066508","1002377501","41","MN0201","POINT (-73.997774198634 40.718384902908)"
"SAJ HOSPITALITY LLC","DUE WEST","189 WEST   10 STREET","NEW YORK","Manhattan","10014","Sidewalk","Issued","03/20/2026 12:36:27 PM","03/20/2030 11:59:59 PM","40.73421943614","-74.00320057826","3","102","1011216","1006200071","73","MN0203","POINT (-74.003200578258 40.734219436137)"
"CIELI PARTNERS, L.P.","TRATTORIA DELL'ARTE","900 7 AVENUE","NEW YORK","Manhattan","10106","Sidewalk","Issued","08/07/2026 02:19:06 PM","08/07/2030 11:59:59 PM","40.76541471128","-73.98011964825","6","105","1024896","1010280033","137","MN0502","POINT (-73.980119648247 40.765414711283)"
"594 VANDERBILT AVE FOOD CORP.","ZAYTOONS RESTAURANT","594 VANDERBILT AVENUE","BROOKLYN","Brooklyn","11238","Sidewalk","Issued","07/31/2026 03:08:46 PM","07/31/2030 11:59:59 PM","40.67872687372","-73.96848603598","35","308","3028150","3011440060","163","BK0801","POINT (-73.968486035982 40.678726873715)"
"373 DECATUR STR INC","CHEZ OSKAR","373 DECATUR STREET","BROOKLYN","Brooklyn","11233","Roadway","Issued","07/24/2026 12:29:31 PM","07/24/2030 11:59:59 PM","40.6819235363","-73.92930378723","36","303","3047163","3016760047","297","BK0302","POINT (-73.929303787234 40.681923536304)"
"SERAFINA BROADWAY, LTD.","SERAFINA BROADWAY","210 WEST   55 STREET","NEW YORK","Manhattan","10019","Sidewalk","Issued","07/24/2026 02:17:07 PM","07/24/2030 11:59:59 PM","40.76448449352","-73.98165055184","6","105","1024858","1010260041","137","MN0502","POINT (-73.981650551837 40.764484493518)"
"YUPJIB LLC","NOWON","436 JEFFERSON STREET","BROOKLYN","Brooklyn","11237","Roadway","Issued","04/17/2026 03:18:30 PM","04/17/2030 11:59:59 PM","40.70751179575","-73.92307633854","34","304","3072416","3031770014","447","BK0401","POINT (-73.923076338543 40.707511795751)"
"TRADITA JONE INC","CKA KA QELLUE","118 EAST   31 STREET","NEW YORK","Manhattan","10016","Roadway","Issued","05/22/2026 09:12:51 AM","05/22/2030 11:59:59 PM","40.74478263413","-73.9818183993","2","105","1018340","1008860077","72","MN0603","POINT (-73.9818183993 40.744782634132)"
"EATALY LAFAYETTE LLC","EATALY SOHO","200 LAFAYETTE STREET","NEW YORK","Manhattan","10012","Sidewalk","Issued","07/21/2026 10:59:05 AM","07/21/2030 11:59:59 PM","40.72131631863","-73.99798694975","1","102","1007223","1004827504","45","MN0201","POINT (-73.997986949754 40.721316318628)"
"WEST HOUSTON MACDOUGAL LLC","BAR VELOCE","146 WEST HOUSTON STREET","NEW YORK","Manhattan","10012","Sidewalk","Issued","05/22/2026 08:48:09 AM","05/22/2030 11:59:59 PM","40.7279504202","-74.00196995569","2","102","1008341","1005260084","65","MN0202","POINT (-74.001969955693 40.727950420196)"
"188 AVE A TAKE OUT FOOD CORP","AU ZA'ATAR","188 AVENUE A","NEW YORK","Manhattan","10009","Sidewalk","Issued","03/27/2026 06:39:04 AM","03/27/2030 11:59:59 PM","40.72892332511","-73.98142585968","2","103","1005166","1004050008","34","MN0303","POINT (-73.981425859683 40.72892332511)"
"TEREUS CAFE, INC","OMONIA CAFE","7612 3 AVENUE","BROOKLYN","Brooklyn","11209","Roadway","Issued","08/15/2025 03:57:19 PM","08/15/2029 11:59:59 PM","40.63057607823","-74.02816225077","47","310","3149164","3059490045","64","BK1001","POINT (-74.028162250774 40.630576078226)"
"MAISON CLOSE NYC LLC","MAISON CLOSE","15 WATTS STREET","NEW YORK","Manhattan","10013","Sidewalk","Issued","05/15/2026 12:35:47 PM","05/15/2030 11:59:59 PM","40.72341327848","-74.00370513962","1","102","1007109","1004760062","47","MN0201","POINT (-74.003705139615 40.723413278484)"
"BAR BERTRAND LLC","KING TAI","1095 BERGEN STREET","BROOKLYN","Brooklyn","11216","Roadway","Issued","01/02/2026 02:57:21 PM","01/02/2030 11:59:59 PM","40.67606305926","-73.94932226917","36","308","3030395","3012130078","315","BK0802","POINT (-73.949322269168 40.676063059259)"
"TALEA BEER INC","TALEA BEER","102 CHRISTOPHER STREET","NEW YORK","Manhattan","10014","Roadway","Issued","08/29/2025 01:48:33 PM","08/29/2029 11:59:59 PM","40.73329164906","-74.00482064576","3","102","1010039","1005880054","73","MN0203","POINT (-74.004820645757 40.733291649062)"
"WEST 4TH & BARROW LLC","THE SPANIARD","190 WEST    4 STREET","NEW YORK","Manhattan","10014","Sidewalk","Issued","05/29/2026 12:14:12 PM","05/29/2030 11:59:59 PM","40.73269611867","-74.00201700359","3","102","1076078","1005907502","67","MN0203","POINT (-74.002017003593 40.732696118666)"
"WOGIE'S INC","WOGIES","39 GREENWICH AVENUE","NEW YORK","Manhattan","10014","Sidewalk","Issued","06/05/2026 06:06:31 PM","06/05/2030 11:59:59 PM","40.73539149439","-74.00042218069","3","102","1010896","1006120065","71","MN0203","POINT (-74.000422180686 40.73539149439)"
"RAW SUGAR BROOKLYN LLC","GEORGE AND JACKS TAP ROOM","103 BERRY STREET","BROOKLYN","Brooklyn","11249","Roadway","Issued","08/08/2025 02:43:33 PM","08/08/2029 11:59:59 PM","40.71909379898","-73.9584957551","33","301","3061915","3023190008","553","BK0102","POINT (-73.958495755097 40.719093798979)"
"CHESSA LLC","BEDFORD FALLS","206 EAST   67 STREET","NEW YORK","Manhattan","10065","Sidewalk","Issued","08/21/2026 09:52:08 AM","08/21/2030 11:59:59 PM","40.7663627382","-73.96250223916","5","108","1043876","1014210044","118","MN0801","POINT (-73.96250223916 40.766362738198)"
"STRATOS BAKERY CORP","BOCADO CAFE","1297 LEXINGTON AVENUE","NEW YORK","Manhattan","10128","Roadway","Issued","08/22/2025 03:07:44 PM","08/22/2029 11:59:59 PM","40.78036650315","-73.95493324679","5","108","1048045","1015160020","14802","MN0802","POINT (-73.954933246791 40.780366503147)"
"SILO EAST INC","SOCARRAT EAST","953 2 AVENUE","NEW YORK","Manhattan","10022","Sidewalk","Issued","07/20/2026 04:40:14 PM","07/20/2030 11:59:59 PM","40.75521252878","-73.96828728569","4","106","1038442","1013240026","98","MN0604","POINT (-73.968287285692 40.75521252878)"
"MARLOW, INC","DINER","85 BROADWAY","BROOKLYN","Brooklyn","11249","Sidewalk","Issued","07/21/2026 10:42:31 AM","07/21/2030 11:59:59 PM","40.71051055388","-73.96573682264","34","301","3063660","3024700019","549","BK0102","POINT (-73.965736822639 40.710510553877)"
"4710 CAFE INC","WOODBINES","47-10 VERNON BOULEVARD","LONG ISLAND CITY","Queens","11101","Sidewalk","Issued","05/22/2026 01:10:39 PM","05/22/2030 11:59:59 PM","40.74514236898","-73.9533006753","26","402","4000087","4000290048","702","QN0201","POINT (-73.953300675297 40.745142368982)"
"BLK IRIS EXPRESS INC.","BLACK IRIS","277 CUMBERLAND STREET","BROOKLYN","Brooklyn","11238","Roadway","Issued","05/01/2026 11:37:01 AM","05/01/2030 11:59:59 PM","40.68736026346","-73.9726646366","35","302","3059394","3021190023","181","BK0203","POINT (-73.972664636597 40.687360263457)"
"ST JAMES 930 LLC","OTWAY","930 FULTON STREET","BROOKLYN","Brooklyn","11238","Sidewalk","Issued","08/07/2026 01:48:19 PM","08/07/2030 11:59:59 PM","40.68282619436","-73.96383296159","35","302","3335112","3020130038","201","BK0204","POINT (-73.963832961587 40.682826194355)"
"LE-SE AMSTERDAM 732 RESTAURANT INC.","DIVE BAR","732 AMSTERDAM AVENUE","NEW YORK","Manhattan","10025","Sidewalk","Issued","07/30/2026 01:21:46 PM","07/30/2030 11:59:59 PM","40.793831831","-73.97053687899","7","107","1033703","1012430035","183","MN0702","POINT (-73.970536878988 40.793831831)"
"LA CHACRA RESTAURANT INC","LA CHACRA","1928 BATH AVENUE","BROOKLYN","Brooklyn","11214","Sidewalk","Issued","05/29/2026 11:27:19 AM","05/29/2030 11:59:59 PM","40.6021627461","-74.00291333342","47","311","3320717","3064400028","282","BK1102","POINT (-74.002913333421 40.602162746101)"
"TZELLA LLC","ELENI'S","226 3 AVENUE","NEW YORK","Manhattan","10003","Roadway","Issued","04/24/2026 02:45:44 PM","04/24/2030 11:59:59 PM","40.73650761354","-73.98484814942","2","106","1017927","1008750040","5","MN0602","POINT (-73.984848149419 40.736507613542)"
"TS4 HOSPITALITY, LLC","THE SMITH","1150 BROADWAY","NEW YORK","Manhattan","10001","Sidewalk","Issued","06/12/2026 03:07:01 PM","06/12/2030 11:59:59 PM","40.74428673611","-73.98890273836","3","105","1015654","1008280041","58","MN0501","POINT (-73.988902738359 40.744286736109)"
"TIGER ALE LLC","BLIND TIGER","281 BLEECKER STREET","NEW YORK","Manhattan","10014","Sidewalk","Issued","02/27/2026 01:17:58 PM","02/27/2030 11:59:59 PM","40.7317793372","-74.00330870617","3","102","1010152","1005900049","67","MN0203","POINT (-74.003308706172 40.731779337195)"
"SUMMER THOMPSON LLC","LEON'S BAGELS","169 THOMPSON STREET","NEW YORK","Manhattan","10012","Sidewalk","Issued","09/11/2026 10:31:28 AM","09/11/2030 11:59:59 PM","40.72764851237","-74.00033554038","2","102","1077793","1005250024","65","MN0202","POINT (-74.000335540378 40.727648512373)"
"LA NACIONAL CAFE LLC","LA NACIONAL","239 WEST   14 STREET","NEW YORK","Manhattan","10011","Roadway","Issued","03/20/2026 12:47:56 PM","03/20/2030 11:59:59 PM","40.73905849631","-74.00087327667","3","104","1013718","1007640018","81","MN0401","POINT (-74.000873276672 40.739058496307)"
"The Brew Inn Corp","THE BREW INN","924 MANHATTAN AVENUE","BROOKLYN","Brooklyn","11222","Roadway","Issued","04/03/2026 03:50:58 PM","04/03/2030 11:59:59 PM","40.73102362151","-73.95408996731","33","301","3064606","3025510001","575","BK0101","POINT (-73.954089967308 40.731023621509)"
"MACOLETTA II LLC","MACOLETTA BRICK OVEN PIZZERIA","56 NORTH    9 STREET","BROOKLYN","Brooklyn","11249","Roadway","Issued","03/20/2026 12:52:12 PM","03/20/2030 11:59:59 PM","40.72110626425","-73.96004576754","33","301","3425621","3023097502","557","BK0102","POINT (-73.960045767536 40.721106264252)"
"ORCHARD STREET RESTAURANT MANAGEMENT LLC","SWAN ROOM / CORNER BAR","54 CANAL STREET","NEW YORK","Manhattan","10002","Roadway","Issued","01/02/2026 01:28:13 PM","01/02/2030 11:59:59 PM","40.71490427724","-73.99197022023","1","103","1003795","1002940007","16","MN0301","POINT (-73.991970220231 40.714904277236)"
"TWO HANDS NOHO LLC","TWO HANDS","74 BLEECKER STREET","NEW YORK","Manhattan","10012","Roadway","Issued","05/08/2026 04:19:44 PM","05/08/2030 11:59:59 PM","40.72645446022","-73.99573185885","2","102","1008214","1005227502","5502","MN0202","POINT (-73.995731858848 40.726454460217)"
"MILLE-FEUILLE VANDERBILT LLC","MILLE-FEUILLE","622 VANDERBILT AVENUE","BROOKLYN","Brooklyn","11238","Sidewalk","Issued","04/24/2026 03:24:59 PM","04/24/2030 11:59:59 PM","40.677527524","-73.96891562838","35","308","3028738","3011580043","163","BK0801","POINT (-73.968915628383 40.677527524001)"
"POPPY'S CAFE + BAKERY LLC","POPPY'S CATERING + EVENTS","243 DEGRAW STREET","BROOKLYN","Brooklyn","11231","Sidewalk","Issued","08/21/2026 11:47:55 AM","08/21/2030 11:59:59 PM","40.68422346021","-73.99694605473","39","306","3336005","3003250001","67","BK0601","POINT (-73.996946054728 40.684223460209)"
"C7 AVE SOUTH LLC","JUDY Z'S","1 7 AVENUE SOUTH","NEW YORK","Manhattan","10014","Roadway","Issued","06/25/2026 08:59:09 AM","06/25/2030 11:59:59 PM","40.72956973605","-74.00508737232","3","102","1009771","1005820043","67","MN0203","POINT (-74.005087372318 40.729569736053)"
"PINEIRO REST INC","GENE'S RESTURANT","73 WEST   11 STREET","NEW YORK","Manhattan","10011","Sidewalk","Issued","09/02/2026 02:40:53 PM","09/02/2030 11:59:59 PM","40.73493582977","-73.99718548142","2","102","1009601","1005750086","63","MN0202","POINT (-73.997185481415 40.73493582977)"
"FELICE 240, LLC","FELICE","240 COLUMBUS AVENUE","NEW YORK","Manhattan","10023","Roadway","Issued","01/02/2026 01:42:41 PM","01/02/2030 11:59:59 PM","40.77682450198","-73.97922079105","6","107","1029887","1011430031","157","MN0701","POINT (-73.979220791054 40.776824501976)"
"GREEN 84 LLC","GREEN KITCHEN","1619 2 AVENUE","NEW YORK","Manhattan","10028","Sidewalk","Issued","07/03/2026 05:13:30 PM","07/03/2030 11:59:59 PM","40.77665467344","-73.9526430204","5","108","1048736","1015300021","14601","MN0803","POINT (-73.952643020402 40.77665467344)"
"VLC COLUMBUS & 86TH LLC","VIVE LA CREPE","532 COLUMBUS AVENUE","NEW YORK","Manhattan","10024","Sidewalk","Issued","07/31/2026 03:01:08 PM","07/31/2030 11:59:59 PM","40.78622109264","-73.97237111164","6","107","1032162","1012160033","169","MN0702","POINT (-73.972371111635 40.786221092635)"
"DUMBO RESTAURANT GROUP CORP","7 OLD FULTON","7 OLD FULTON STREET","BROOKLYN","Brooklyn","11201","Roadway","Issued","07/21/2026 10:56:26 AM","07/21/2030 11:59:59 PM","40.70277252362","-73.99409598017","33","302","3000077","3000350011","21","BK0202","POINT (-73.994095980165 40.702772523621)"
"SUNDAY TO SUNDAY CAFE, INC","SUNDAY TO SUNDAY","88 ORCHARD STREET","NEW YORK","Manhattan","10002","Roadway","Issued","02/06/2026 01:04:36 PM","02/06/2030 11:59:59 PM","40.71797554354","-73.99029599875","1","103","1005274","1004080010","18","MN0302","POINT (-73.990295998751 40.717975543539)"
"MEATH TRAILS INC.","BAR MONTO","61 2 AVENUE","NEW YORK","Manhattan","10003","Sidewalk","Issued","03/20/2026 01:11:30 PM","03/20/2030 11:59:59 PM","40.72591335232","-73.98963459881","2","103","1006575","1004590031","38","MN0303","POINT (-73.989634598813 40.725913352319)"
"VRINE CORP","BZ GRILL","27-02 ASTORIA BOULEVARD","ASTORIA","Queens","11102","Sidewalk","Issued","08/21/2026 09:53:26 AM","08/21/2030 11:59:59 PM","40.770812832","-73.92092340077","22","401","4006810","4005730044","69","QN0103","POINT (-73.920923400766 40.770812831995)"
"FABRIZIO CAVALLACCI","CAFFE REGGIO","119 MAC DOUGAL STREET","NEW YORK","Manhattan","10012","Sidewalk","Issued","07/21/2026 08:58:21 AM","07/21/2030 11:59:59 PM","40.73020114447","-74.00032112088","2","102","1008746","1005430021","65","MN0202","POINT (-74.000321120881 40.730201144472)"
"JACK JONES INC","JACK JONES GASTROPUB","38-01 DITMARS BOULEVARD","ASTORIA","Queens","11105","Sidewalk","Issued","07/21/2026 01:06:49 PM","07/21/2030 11:59:59 PM","40.77328887995","-73.90667363296","22","401","4015922","4008077501","121","QN0101","POINT (-73.906673632962 40.773288879948)"
"TRAIN DESIGN LLC","PASTIS","54 GANSEVOORT STREET","NEW YORK","Manhattan","10014","Sidewalk","Issued","07/20/2026 05:06:40 PM","07/20/2030 11:59:59 PM","40.73937942291","-74.00700789876","3","102","1080258","1006430049","79","MN0203","POINT (-74.007007898756 40.739379422906)"
"AMA FOOD GROUP LLC","AMA RAW BAR","190 AVENUE B","NEW YORK","Manhattan","10009","Roadway","Issued","06/13/2025 09:06:18 AM","06/13/2029 11:59:59 PM","40.72790737121","-73.97915311956","2","103","1005178","1004050031","34","MN0303","POINT (-73.979153119564 40.72790737121)"
"SWEETGREEN NEW YORK, LLC","SWEETGREEN","311 AMSTERDAM AVENUE","NEW YORK","Manhattan","10023","Sidewalk","Issued","07/31/2026 02:27:59 PM","07/31/2030 11:59:59 PM","40.78027760988","-73.9804004487","6","107","1030096","1011467504","161","MN0702","POINT (-73.9804004487 40.780277609875)"
"CABANA 70 ASSOCIATES, LP","CABANA","107-12 70 ROAD","FOREST HILLS","Queens","11375","Sidewalk","Issued","05/15/2026 09:30:31 AM","05/15/2030 11:59:59 PM","40.72111624657","-73.8455294432","29","406","4077497","4032390038","711","QN0602","POINT (-73.845529443198 40.721116246567)"
"SHAKEEN LLC","THE CASTELLO PLAN","1213 CORTELYOU ROAD","BROOKLYN","Brooklyn","11218","Sidewalk","Issued","10/03/2025 01:45:06 PM","10/03/2029 11:59:59 PM","40.64013207516","-73.96684685654","40","314","3118320","3051430084","1522","BK1402","POINT (-73.966846856544 40.640132075161)"
"INWOOD FARMS, LLC","THE INWOOD FARM","600 WEST  218 STREET","NEW YORK","Manhattan","10034","Roadway","Issued","06/05/2026 05:36:24 PM","06/05/2030 11:59:59 PM","40.87288513016","-73.91815834069","10","112","1065082","1022500058","307","MN1203","POINT (-73.918158340694 40.872885130156)"
"LE BILBOQUET NY LLC","LE BILBOQUET","20 EAST   60 STREET","NEW YORK","Manhattan","10022","Sidewalk","Issued","07/21/2026 12:24:19 PM","07/21/2030 11:59:59 PM","40.76409521173","-73.9707089218","4","108","1040761","1013740047","11401","MN0802","POINT (-73.970708921795 40.76409521173)"
"INACIO NYC INC","RICE X BEANS","688 10 AVENUE","NEW YORK","Manhattan","10019","Sidewalk","Issued","05/01/2026 12:13:18 PM","05/01/2030 11:59:59 PM","40.76355799308","-73.99258884698","3","104","1026580","1010580002","127","MN0402","POINT (-73.992588846982 40.763557993078)"
"LIKEMINDED HOSPITALITY LLC","ROSCIOLI NYC","43 MACDOUGAL STREET","NEW YORK","Manhattan","10012","Sidewalk","Issued","03/06/2026 10:59:09 AM","03/06/2030 11:59:59 PM","40.72765397569","-74.00247506148","1","102","1008140","1005200083","37","MN0201","POINT (-74.002475061484 40.727653975692)"
"MARILYN 18 REST INC","DON GIOVANNI RISTORANTE","358 WEST   44 STREET","NEW YORK","Manhattan","10036","Sidewalk","Issued","06/05/2026 05:17:50 PM","06/05/2030 11:59:59 PM","40.75919366973","-73.99045240605","3","104","1024978","1010340061","12101","MN0402","POINT (-73.990452406045 40.759193669729)"
"NEW YORK BEER CO, LLC","VELVET COWBOY","509 AMSTERDAM AVENUE","NEW YORK","Manhattan","10024","Roadway","Issued","03/27/2026 09:14:29 AM","03/27/2030 11:59:59 PM","40.78665003758","-73.97575098882","6","107","1032136","1012150064","169","MN0702","POINT (-73.97575098882 40.786650037575)"
"NOI DUE INC.","NOI DUE CAFE","491 COLUMBUS AVENUE","NEW YORK","Manhattan","10024","Sidewalk","Issued","08/07/2026 01:47:10 PM","08/07/2030 11:59:59 PM","40.78491481118","-73.97330331348","6","107","1031245","1011970063","169","MN0702","POINT (-73.973303313477 40.784914811178)"
"OSTERIA PIEMONTE CORPORATION","SAN CARLO OSTERIA PIEMONTE","90 THOMPSON STREET","NEW YORK","Manhattan","10012","Roadway","Issued","05/08/2026 02:31:22 PM","05/08/2030 11:59:59 PM","40.72520015759","-74.00233787254","1","102","1007724","1005020002","49","MN0201","POINT (-74.002337872536 40.725200157592)"
"CROISSANT CONSORTIUM LTD","THE HUNGARIAN PASTRY SHOP","1030 AMSTERDAM AVENUE","NEW YORK","Manhattan","10025","Sidewalk","Issued","06/26/2026 02:26:59 PM","06/26/2030 11:59:59 PM","40.80347211527","-73.9635106982","7","109","1056909","1018820036","199","MN0901","POINT (-73.963510698204 40.803472115272)"
"26 CORNER TAVERNA CORP.","GREGORY'S 26 CORNER TAVERNA","26-02 23 AVENUE","ASTORIA","Queens","11105","Sidewalk","Issued","06/25/2026 08:57:19 AM","06/25/2030 11:59:59 PM","40.77642771512","-73.91581490732","22","401","4018118","4008540034","97","QN0101","POINT (-73.915814907323 40.776427715122)"
"LA PATRONA RESTAURANT CORP","LA PATRONA","558 SOUTHERN BOULEVARD","BRONX","Bronx","10455","Sidewalk","Issued","08/07/2026 01:25:47 PM","08/07/2030 11:59:59 PM","40.81236584262","-73.90327699523","17","202","2004122","2026030007","83","BX0202","POINT (-73.903276995226 40.812365842624)"
"AMSTERDAM ALE HOUSE INCORPORATED","AMSTERDAM ALE HOUSE","340 AMSTERDAM AVENUE","NEW YORK","Manhattan","10024","Sidewalk","Issued","08/07/2026 11:05:36 AM","08/07/2030 11:59:59 PM","40.78124090034","-73.97972131933","6","107","1077359","1011680029","163","MN0702","POINT (-73.979721319327 40.781240900337)"
"1LW12 RESTAURANT LLC","SIRRAH","1 LITTLE WEST   12 STREET","NEW YORK","Manhattan","10014","Sidewalk","Issued","09/04/2026 10:37:37 AM","09/04/2030 11:59:59 PM","40.73944810039","-74.0059758457","3","102","1080224","1006280001","79","MN0203","POINT (-74.005975845698 40.73944810039)"
"4F SUR MONTAIGU LLC","L'APPARTEMENT 4F","115 MONTAGUE STREET","BROOKLYN","Brooklyn","11201","Roadway","Issued","07/18/2025 03:17:04 PM","07/18/2029 11:59:59 PM","40.69495270605","-73.99487200506","33","302","3001964","3002420006","501","BK0201","POINT (-73.994872005055 40.694952706048)"
"NAKO LLC","NAKO","18 COLUMBIA PLACE","BROOKLYN","Brooklyn","11201","Sidewalk","Issued","09/18/2026 10:17:36 AM","09/18/2030 11:59:59 PM","40.69322086016","-73.99856477583","33","302","3341545","3002580017","7","BK0201","POINT (-73.99856477583 40.69322086016)"
"BANCONE LLC","PETRARCA","34 WHITE STREET","NEW YORK","Manhattan","10013","Sidewalk","Issued","04/17/2026 03:21:01 PM","04/17/2030 11:59:59 PM","40.71874439686","-74.0045995334","1","101","1002204","1001930017","33","MN0102","POINT (-74.004599533402 40.718744396864)"
"BOTANICUS GRAND, INC","LE BOTANISTE","127 GRAND STREET","NEW YORK","Manhattan","10013","Roadway","Issued","08/15/2025 03:38:50 PM","08/15/2029 11:59:59 PM","40.72059446228","-74.00021284708","1","102","1003035","1002320013","45","MN0201","POINT (-74.000212847084 40.720594462281)"
"MVLH HOSPITALITY GROUP LLC","LOULOU","176 8 AVENUE","NEW YORK","Manhattan","10011","Roadway","Issued","04/03/2026 02:10:22 PM","04/03/2030 11:59:59 PM","40.74274197109","-74.00032839912","3","104","1013890","1007680080","87","MN0401","POINT (-74.000328399123 40.742741971093)"
"TB 584 AMSTERDAM RESTAURANT CORP.","BODRUM","584 AMSTERDAM AVENUE","NEW YORK","Manhattan","10024","Sidewalk","Issued","06/19/2026 10:55:26 AM","06/19/2030 11:59:59 PM","40.7891528568","-73.97395164281","6","107","1033295","1012360032","175","MN0702","POINT (-73.973951642805 40.789152856795)"
"SICANIA LLC","NORMA","930 2 AVENUE","NEW YORK","Manhattan","10022","Sidewalk","Issued","06/19/2026 11:29:48 AM","06/19/2030 11:59:59 PM","40.75451549152","-73.96876767195","4","106","1039466","1013420004","98","MN0604","POINT (-73.968767671954 40.754515491517)"
"CQHG LLC","Avoca","1678 1 AVENUE","NEW YORK","Manhattan","10128","Roadway","Issued","04/17/2026 11:15:18 AM","04/17/2030 11:59:59 PM","40.77783869331","-73.94865597165","5","108","1050608","1015670047","14402","MN0803","POINT (-73.948655971649 40.777838693314)"
"523 Restaurant Corp","TED'S CORNER TAVERN","523 3 AVENUE","NEW YORK","Manhattan","10016","Sidewalk","Issued","04/17/2026 04:07:29 PM","04/17/2030 11:59:59 PM","40.74628054767","-73.9777001495","4","106","1020173","1009150061","78","MN0603","POINT (-73.977700149498 40.746280547669)"
"NYC DRIP DROP CAFE LLC","DRIP DROP CAFE","98 THOMPSON STREET","NEW YORK","Manhattan","10012","Roadway","Issued","07/21/2026 10:51:33 AM","07/21/2030 11:59:59 PM","40.72539229437","-74.00217913441","1","102","1007726","1005020006","49","MN0201","POINT (-74.002179134411 40.725392294369)"
"VIA DELLA FIERA 105 CORP","LELLA ALIMENTARI","325 MANHATTAN AVENUE","BROOKLYN","Brooklyn","11211","Roadway","Issued","03/27/2026 09:42:19 AM","03/27/2030 11:59:59 PM","40.7151636782","-73.94621541262","34","301","3068573","3027530029","501","BK0104","POINT (-73.946215412621 40.7151636782)"
"CALDERONE HOSPITALITY LLC","PLAYA BOWLS FIT/ ROSA'S PIZZA","299 7 AVENUE","NEW YORK","Manhattan","10001","Sidewalk","Issued","09/11/2026 10:35:54 AM","09/11/2030 11:59:59 PM","40.74651585585","-73.99387194044","3","105","1015057","1008020077","95","MN0501","POINT (-73.993871940439 40.74651585585)"
"EL PORTON BAR & RESTAURANT CORP.","EL PORTON","3151 BROADWAY","NEW YORK","Manhattan","10027","Sidewalk","Issued","09/04/2026 10:27:48 AM","09/04/2030 11:59:59 PM","40.81431519102","-73.95929957315","7","109","1059853","1019930082","211","MN0901","POINT (-73.959299573149 40.814315191017)"
"NYCBCH 29-10 CORP","NEW YORK CITY BAGEL & COFFEE HOUSE","29-10 BROADWAY","ASTORIA","Queens","11106","Sidewalk","Issued","08/14/2026 01:28:08 PM","08/14/2030 11:59:59 PM","40.7626291287","-73.92681723373","22","401","4617928","4005867501","53","QN0103","POINT (-73.926817233728 40.762629128704)"
"180 FRANKLIN LLC","BAR AMERICANO","180 FRANKLIN STREET","BROOKLYN","Brooklyn","11222","Roadway","Issued","01/03/2025 10:18:03 AM","01/03/2029 11:59:59 PM","40.73146971521","-73.95784576292","33","301","3064408","3025400001","565","BK0101","POINT (-73.95784576292 40.731469715212)"
"66 PEARL STREET LLC","LUCKY TIGER NYC","66 PEARL STREET","NEW YORK","Manhattan","10004","Roadway","Issued","08/07/2026 01:29:41 PM","08/07/2030 11:59:59 PM","40.70360382012","-74.01093177041","1","101","1077806","1000077501","9","MN0101","POINT (-74.010931770411 40.703603820115)"
"KIPS BAY MUSIC BAR, LLC","PADDY REILLY'S MUSIC BAR","519 2 AVENUE","NEW YORK","Manhattan","10016","Sidewalk","Issued","02/13/2026 03:56:22 PM","02/13/2030 11:59:59 PM","40.74154868155","-73.9782430469","2","106","1019902","1009090034","66","MN0603","POINT (-73.978243046895 40.741548681548)"
"PINE FOODS INC","VANESSA'S DUMPLING HOUSE","452 AMSTERDAM AVENUE","NEW YORK","Manhattan","10024","Sidewalk","Issued","07/31/2026 02:59:40 PM","07/31/2030 11:59:59 PM","40.78490189859","-73.97705522623","6","107","1032686","1012290035","167","MN0702","POINT (-73.977055226234 40.784901898592)"
"RECEPTION BAR INC","RECEPTION BAR","45 ORCHARD STREET","NEW YORK","Manhattan","10002","Roadway","Issued","05/01/2026 12:12:27 PM","05/01/2030 11:59:59 PM","40.7163342419","-73.99115839439","1","103","1003993","1003080025","16","MN0301","POINT (-73.991158394388 40.716334241902)"
"OLD TOWN BAR & RESTAURANT CORP.","OLD TOWN BAR","45 EAST   18 STREET","NEW YORK","Manhattan","10003","Roadway","Issued","01/02/2026 01:44:10 PM","01/02/2030 11:59:59 PM","40.73759507351","-73.98964720852","2","105","1016150","1008470034","52","MN0501","POINT (-73.989647208522 40.73759507351)"
"BROOME BISTRO AND CAFE LLC","EARLY TERRIBLE","303 BROOME STREET","NEW YORK","Manhattan","10002","Sidewalk","Issued","05/29/2026 11:03:37 AM","05/29/2030 11:59:59 PM","40.71872226894","-73.99224753412","1","103","1005565","1004180037","18","MN0302","POINT (-73.992247534121 40.718722268935)"
"THE PICKLE PEOPLE LLC","MAISON PICKLE","2309 BROADWAY","NEW YORK","Manhattan","10024","Roadway","Issued","06/19/2026 11:26:23 AM","06/19/2030 11:59:59 PM","40.78673280062","-73.97783099552","6","107","1032791","1012310055","171","MN0702","POINT (-73.977830995521 40.78673280062)"
"I MALATESTA TRATTORIA, INC","MALATESTA TRATTORIA","649 WASHINGTON STREET","NEW YORK","Manhattan","10014","Roadway","Issued","08/22/2025 03:35:33 PM","08/22/2029 11:59:59 PM","40.73274796359","-74.00861286466","3","102","1011720","1006300001","75","MN0203","POINT (-74.008612864661 40.732747963593)"
"DAMSELLE LLC","LORD'S","506 LAGUARDIA PLACE","NEW YORK","Manhattan","10012","Sidewalk","Issued","09/25/2026 11:43:02 AM","09/25/2030 11:59:59 PM","40.72760459479","-73.9993541754","2","102","1008270","1005250050","65","MN0202","POINT (-73.999354175399 40.727604594791)"
"THE ODEON, INC","THE ODEON","145 WEST BROADWAY","NEW YORK","Manhattan","10013","Roadway","Issued","06/18/2025 03:30:47 PM","06/18/2029 11:59:59 PM","40.71698481041","-74.0080480683","1","101","1001620","1001477501","33","MN0102","POINT (-74.008048068297 40.716984810414)"
"87 ATLANTIC PIZZA CORP","TABLE 87","87 ATLANTIC AVENUE","BROOKLYN","Brooklyn","11201","Roadway","Issued","02/13/2026 03:41:17 PM","02/13/2030 11:59:59 PM","40.69105521085","-73.99727749016","33","302","3002716","3002740016","7","BK0201","POINT (-73.997277490156 40.69105521085)"
"AHTERAS LLC","SUGAR MONK","2292 FREDERICK DOUGLASS BOULEVARD","NEW YORK","Manhattan","10027","Sidewalk","Issued","08/07/2026 02:08:27 PM","08/07/2030 11:59:59 PM","40.80899580475","-73.95200942679","9","110","1058612","1019297501","222","MN1001","POINT (-73.952009426791 40.808995804749)"
"PORTO RESTAURANT, INC.","HOLLYWOOD DINER","574 6 AVENUE","NEW YORK","Manhattan","10011","Sidewalk","Issued","07/21/2026 11:27:32 AM","07/21/2030 11:59:59 PM","40.73880864807","-73.99576715008","3","105","1015370","1008180001","54","MN0501","POINT (-73.99576715008 40.738808648069)"
"HAENYEO CORP","HAENYEO","239 5 AVENUE","BROOKLYN","Brooklyn","11215","Sidewalk","Issued","03/27/2026 08:45:39 AM","03/27/2030 11:59:59 PM","40.67523008314","-73.98124980006","39","306","3020275","3009590001","133","BK0602","POINT (-73.981249800058 40.675230083137)"
"NEW 32 AMERICA INC","AFTERNOON","33 WEST   32 STREET","NEW YORK","Manhattan","10001","Roadway","Issued","04/17/2026 11:05:27 AM","04/17/2030 11:59:59 PM","40.74759392025","-73.98653104248","4","105","1015846","1008340022","76","MN0501","POINT (-73.986531042479 40.747593920246)"
"CITIZENS OF SOHO LLC","CITIZENS OF SOHO","201 LAFAYETTE STREET","NEW YORK","Manhattan","10012","Roadway","Issued","07/21/2026 10:11:02 AM","07/21/2030 11:59:59 PM","40.72134376547","-73.99794004988","1","102","1066733","1004827501","45","MN0201","POINT (-73.997940049882 40.721343765468)"
"JIM & ANDY, INC.","CONGRESS","208 COURT STREET","BROOKLYN","Brooklyn","11201","Roadway","Issued","05/16/2025 03:55:14 PM","05/16/2029 11:59:59 PM","40.68685007939","-73.99374763813","39","306","3003280","3003020043","45","BK0601","POINT (-73.993747638128 40.68685007939)"
"CAFE FOCACCIA INC","FELICE 64","1166 1 AVENUE","NEW YORK","Manhattan","10065","Sidewalk","Issued","09/18/2026 09:29:10 AM","09/18/2030 11:59:59 PM","40.76263716982","-73.95975001844","5","108","1045387","1014580045","10602","MN0801","POINT (-73.959750018443 40.762637169816)"
"KTOWN CREAMERY NY LLC","SUNDAES BEST","315 5 AVENUE","NEW YORK","Manhattan","10016","Sidewalk","Issued","07/31/2026 02:24:36 PM","07/31/2030 11:59:59 PM","40.74699544871","-73.9855964296","4","105","1017004","1008610075","74","MN0501","POINT (-73.985596429598 40.746995448707)"
"BELCANTATA REST INC","THE NAKED PIG","922 3 AVENUE","NEW YORK","Manhattan","10022","Sidewalk","Issued","07/20/2026 04:01:50 PM","07/20/2030 11:59:59 PM","40.75929123364","-73.96826006852","4","106","1036521","1013100037","1","MN0604","POINT (-73.968260068517 40.759291233637)"
"LIAMS CAFE LLC","LIAM'S CAFE","1604 WILLIAMSBRIDGE ROAD","BRONX","Bronx","10461","Sidewalk","Issued","08/14/2026 12:52:08 PM","08/14/2030 11:59:59 PM","40.8474047194","-73.84928688591","13","211","2117698","2041110043","286","BX1102","POINT (-73.84928688591 40.847404719397)"
"UBER CAFFE LLC","SOUVLAKI GR","116 STANTON STREET","NEW YORK","Manhattan","10002","Sidewalk","Issued","05/29/2026 11:53:37 AM","05/29/2030 11:59:59 PM","40.7210878156","-73.98728319405","1","103","1083471","1004120074","3001","MN0302","POINT (-73.987283194052 40.721087815601)"
"OMNITY CONSULTING LLC","HARLEM SHAKE","100 WEST  124 STREET","NEW YORK","Manhattan","10027","Sidewalk","Issued","07/31/2026 01:17:27 PM","07/31/2030 11:59:59 PM","40.80728611714","-73.94645495428","9","110","1057790","1019080035","222","MN1001","POINT (-73.946454954277 40.807286117139)"
"BAGEL PUB 7TH AVENUE CORP","BAGEL PUB 7TH AVE","57 7 AVENUE","BROOKLYN","Brooklyn","11217","Sidewalk","Issued","05/29/2026 09:38:42 AM","05/29/2030 11:59:59 PM","40.67582988871","-73.97451161098","39","306","3024417","3010590001","159","BK0602","POINT (-73.974511610981 40.675829888705)"
"CEKAJ CORP","AMICI RISTORANTE","165 MULBERRY STREET","NEW YORK","Manhattan","10013","Roadway","Issued","11/07/2025 02:38:56 PM","11/07/2029 11:59:59 PM","40.71982863594","-73.99711036359","1","102","1006968","1004710020","41","MN0201","POINT (-73.997110363591 40.719828635939)"
"14 spring street cafe llc","RINTINTIN","14 SPRING STREET","NEW YORK","Manhattan","10012","Sidewalk","Issued","07/20/2026 05:01:44 PM","07/20/2030 11:59:59 PM","40.72134092236","-73.99482306779","1","102","1077741","1004790021","41","MN0201","POINT (-73.994823067786 40.721340922363)"
"LONG BLAST LLC","THE LONG ISLAND BAR","110 ATLANTIC AVENUE","BROOKLYN","Brooklyn","11201","Sidewalk","Issued","10/31/2025 11:46:21 AM","10/31/2029 11:59:59 PM","40.69080815911","-73.99646615931","39","306","3002938","3002840025","49","BK0601","POINT (-73.996466159306 40.690808159112)"
"LA TUNA INC.","LA TUNA RESTAURANT","68 VAN RIPER STREET","STATEN ISLAND","Staten Island","10302","Roadway","Issued","01/16/2026 01:00:19 PM","01/16/2030 11:59:59 PM","40.6261141566","-74.14373786411","49","501","5129799","5011400082","247","SI0106","POINT (-74.14373786411 40.626114156596)"
"TUTTO BENE RESTAURANT INC.","CHELSEA RISTORANTE","108 8 AVENUE","NEW YORK","Manhattan","10011","Sidewalk","Issued","03/06/2026 10:08:40 AM","03/06/2030 11:59:59 PM","40.74067515052","-74.00183320395","3","104","1081537","1007650001","81","MN0401","POINT (-74.001833203947 40.740675150524)"
"DOWNTOWN DINING LLC","BAR BIANCHI","5 AVENUE A","NEW YORK","Manhattan","10009","Sidewalk","Issued","04/24/2026 02:30:58 PM","04/24/2030 11:59:59 PM","40.7224984921","-73.98612846585","2","103","1005752","1004290042","3002","MN0303","POINT (-73.98612846585 40.722498492103)"
"49TH STREET PIZZA CORP.","FAMOUS RAY'S PIZZA","736 7 AVENUE","NEW YORK","Manhattan","10019","Sidewalk","Issued","01/09/2026 01:41:30 PM","01/09/2030 11:59:59 PM","40.76026613467","-73.98387531504","3","105","1024777","1010200035","125","MN0502","POINT (-73.983875315042 40.760266134671)"
"GRAHAM RESTAURANT LLC","SAGE","299301 GRAHAM AVENUE","BROOKLYN","Brooklyn","11211","Sidewalk","Issued","04/17/2026 03:32:45 PM","04/17/2030 11:59:59 PM","40.7146456","-73.9440679","34","301",,,"497","BK0104","POINT (-73.9440679 40.7146456)"
"ORCHARD 17 RESTAURANT CORP","MICTLAN MEXICO","17 ORCHARD STREET","NEW YORK","Manhattan","10002","Roadway","Issued","05/08/2026 02:09:27 PM","05/08/2030 11:59:59 PM","40.71523088752","-73.99172849255","1","103","1003873","1002997501","16","MN0301","POINT (-73.99172849255 40.715230887519)"
"OSO HAMILTON HEIGHTS, LLC","OSO","1616 AMSTERDAM AVENUE","NEW YORK","Manhattan","10031","Sidewalk","Issued","08/28/2026 09:00:07 AM","08/28/2030 11:59:59 PM","40.82182941776","-73.95010687786","7","109","1061738","1020710036","225","MN0903","POINT (-73.950106877862 40.82182941776)"
"BEN TAS CORP","OTHELLO DELI","26-19 24 AVENUE","ASTORIA","Queens","11102","Sidewalk","Issued","08/07/2026 01:47:45 PM","08/07/2030 11:59:59 PM","40.77431326917","-73.91825106814","22","401","4018159","4008540076","97","QN0101","POINT (-73.918251068141 40.774313269172)"
"THE GREY DOG MULBERRY INC","THE GREY DOG","244 MULBERRY STREET","NEW YORK","Manhattan","10012","Roadway","Issued","10/17/2025 03:51:16 PM","10/17/2029 11:59:59 PM","40.72297958986","-73.99584392118","1","102","1079947","1004940015","43","MN0201","POINT (-73.995843921175 40.722979589862)"
"384 GRAND STREET PIZZA LLC","GRAND STREET PIZZA","384 GRAND STREET","NEW YORK","Manhattan","10002","Sidewalk","Issued","04/10/2026 12:11:34 PM","04/10/2030 11:59:59 PM","40.71628453028","-73.98782160823","1","103","1004156","1003460095","1402","MN0302","POINT (-73.987821608225 40.716284530277)"
"WINSOME FOODS LLC","WIN SON","159 GRAHAM AVENUE","BROOKLYN","Brooklyn","11206","Sidewalk","Issued","05/29/2026 12:18:00 PM","05/29/2030 11:59:59 PM","40.70743845739","-73.94323157973","34","301","3071122","3030520026","505","BK0104","POINT (-73.943231579728 40.707438457394)"
"177 NAP INC","FAMOUS BEN'S PIZZA OF SOHO","177 SPRING STREET","NEW YORK","Manhattan","10012","Roadway","Issued","05/22/2026 09:33:56 AM","05/22/2030 11:59:59 PM","40.72483235522","-74.00251103437","1","102","1007739","1005020044","49","MN0201","POINT (-74.002511034367 40.724832355221)"
"PVM KENMARE LLC","PURA VIDA MIAMI","98 KENMARE STREET","NEW YORK","Manhattan","10012","Sidewalk","Issued","07/31/2026 01:41:42 PM","07/31/2030 11:59:59 PM","40.72133002318","-73.99708865254","1","102","1007203","1004810032","41","MN0201","POINT (-73.997088652537 40.72133002318)"
"BARBALU BK LLC","BARBALU BK","68 BERGEN STREET","BROOKLYN","Brooklyn","11201","Sidewalk","Issued","05/22/2026 08:49:26 AM","05/22/2030 11:59:59 PM","40.6868910611","-73.99090991118","33","302","3005741","3003840037","6901","BK0202","POINT (-73.990909911178 40.6868910611)"
"COFFEE SPOT CAFE INC","COFFEE SPOT CAFE","1617 JEROME AVENUE","BROOKLYN","Brooklyn","11235","Sidewalk","Issued","05/08/2026 01:29:11 PM","05/08/2030 11:59:59 PM","40.58720761401","-73.95263026854","48","315","3204958","3074600081","606","BK1503","POINT (-73.952630268544 40.587207614012)"
"PIZZA 26 LLC","MARINARA","379 PARK AVENUE SOUTH","NEW YORK","Manhattan","10016","Sidewalk","Issued","07/24/2026 01:59:05 PM","07/24/2030 11:59:59 PM","40.74248568444","-73.98466995503","2","105","1018160","1008820088","68","MN0602","POINT (-73.984669955025 40.742485684444)"
"table 87 GOWANUS NYC LLC","TABLE 87 / EIGHTY-SEVEN NEXT DOOR","473 3 AVENUE","BROOKLYN","Brooklyn","11215","Roadway","Issued","07/24/2026 03:19:46 PM","07/24/2030 11:59:59 PM","40.67075732231","-73.99158622951","38","306","3022458","3010150011","121","BK0601","POINT (-73.991586229513 40.670757322307)"
"BANTER HOSPITALITY GROUP LLC","BANTER","169 SULLIVAN STREET","NEW YORK","Manhattan","10012","Roadway","Issued","08/27/2026 08:49:11 AM","08/27/2030 11:59:59 PM","40.72797238986","-74.00111125743","2","102","1008258","1005250032","65","MN0202","POINT (-74.001111257425 40.727972389856)"
"BONDI 1140 3RD AVE LLC","BONDI SUSHI","1140 3 AVENUE","NEW YORK","Manhattan","10065","Sidewalk","Issued","05/08/2026 12:16:29 PM","05/08/2030 11:59:59 PM","40.76625864907","-73.96315571904","4","108","1042464","1014017501","12","MN0802","POINT (-73.963155719043 40.766258649069)"
"119 7TH AVENUE CAFETERIA, LLC","CAFETERIA","119 7 AVENUE","NEW YORK","Manhattan","10011","Sidewalk","Issued","05/08/2026 01:21:45 PM","05/08/2030 11:59:59 PM","40.74059829727","-73.99817401551","3","104","1014648","1007930001","81","MN0401","POINT (-73.998174015506 40.740598297273)"
"RUAYDEE INC","SALA THAI","307 AMSTERDAM AVENUE","NEW YORK","Manhattan","10023","Sidewalk","Issued","03/27/2026 10:33:35 AM","03/27/2030 11:59:59 PM","40.78018704409","-73.9804654702","6","107","1030049","1011460003","161","MN0702","POINT (-73.980465470201 40.780187044094)"
"210 PPW RESTAURANT, LLC","DOUBLE WINDSOR","210 PROSPECT PARK WEST","BROOKLYN","Brooklyn","11215","Sidewalk","Issued","03/13/2026 02:33:08 PM","03/13/2030 11:59:59 PM","40.66045479282","-73.98033486934","39","307","3026709","3011050041","169","BK0701","POINT (-73.980334869341 40.660454792818)"
"DYNAMIC MUSIC CORP.","OLIVE TREE CAFE & COMEDY CELLAR","117 MAC DOUGAL STREET","NEW YORK","Manhattan","10012","Sidewalk","Issued","04/24/2026 09:56:49 PM","04/24/2030 11:59:59 PM","40.73013526993","-74.0003788501","2","102","1008747","1005430022","65","MN0202","POINT (-74.000378850102 40.730135269927)"
"CACTUS PEAR LLC","PLAYA BETTY'S / WEST SIDE COMEDY CLUB","320 AMSTERDAM AVENUE","NEW YORK","Manhattan","10023","Sidewalk","Issued","06/12/2026 03:05:44 PM","06/12/2030 11:59:59 PM","40.78069750807","-73.98011506774","6","107","1030841","1011670029","163","MN0702","POINT (-73.980115067741 40.780697508067)"
"2ND AVE PIZZA PALACE CORP","OPS","176 2 AVENUE","NEW YORK","Manhattan","10003","Sidewalk","Issued","09/18/2026 10:20:32 AM","09/18/2030 11:59:59 PM","40.73052145917","-73.98625668152","2","103","1006470","1004530002","4001","MN0303","POINT (-73.986256681523 40.730521459165)"
"SICILY STREET FOOD INC","VISIT SICILY NYC","86 EAST    7 STREET","NEW YORK","Manhattan","10003","Roadway","Issued","09/02/2026 03:11:01 PM","09/02/2030 11:59:59 PM","40.72714538876","-73.98618522178","2","103","1006283","1004480027","38","MN0303","POINT (-73.986185221784 40.727145388761)"
"CAJUN PROJECT LLC","ON TRACK BAR (OTB)","141 BROADWAY","BROOKLYN","Brooklyn","11211","Sidewalk","Issued","06/19/2026 11:30:34 AM","06/19/2030 11:59:59 PM","40.71036714964","-73.96354382705","34","301","3063564","3024570043","549","BK0102","POINT (-73.963543827048 40.710367149637)"
"THE ELEMENT RESTAURANT GROUP, INC.","CABRINI 181","854 WEST  181 STREET","NEW YORK","Manhattan","10033","Sidewalk","Issued","07/21/2026 08:48:29 AM","07/21/2030 11:59:59 PM","40.85132232426","-73.94007919123","10","112","1064301","1021770118","265","MN1202","POINT (-73.940079191229 40.851322324264)"
"CAFE FOCACCIA INC","FELICE 64","1166 1 AVENUE","NEW YORK","Manhattan","10065","Roadway","Issued","09/18/2026 09:28:46 AM","09/18/2030 11:59:59 PM","40.76263716982","-73.95975001844","5","108","1045387","1014580045","10602","MN0801","POINT (-73.959750018443 40.762637169816)"
"FIORELLOS ROMAN CAFE,INC.","CAFE FIORELLO","1900 BROADWAY","NEW YORK","Manhattan","10023","Sidewalk","Issued","06/26/2026 01:35:55 PM","06/26/2030 11:59:59 PM","40.77150565969","-73.98215044794","6","107","1027472","1011167501","149","MN0701","POINT (-73.982150447938 40.771505659686)"
"ANTIOCHIA GRILL, INC.","OBA GRILL","70-35 AUSTIN STREET","FOREST HILLS","Queens","11375","Roadway","Issued","09/18/2026 10:18:34 AM","09/18/2030 11:59:59 PM","40.72049890311","-73.84570043573","29","406","4077496","4032390032","711","QN0602","POINT (-73.845700435733 40.720498903109)"
"330 WB OPERATIONS LLC","A. PASTA BAR","330 WEST BROADWAY","NEW YORK","Manhattan","10013","Roadway","Issued","06/18/2025 03:38:01 PM","06/18/2029 11:59:59 PM","40.72210675921","-74.00400811013","1","102","1002945","1002270022","47","MN0201","POINT (-74.004008110129 40.722106759214)"
"768 MAD RESTAURANT LLC","BAR ITALIA","768 MADISON AVENUE","NEW YORK","Manhattan","10065","Sidewalk","Issued","08/07/2026 11:07:45 AM","08/07/2030 11:59:59 PM","40.76782470447","-73.96832818887","4","108","1041149","1013800058","122","MN0802","POINT (-73.968328188871 40.767824704469)"
"251 WEST 51 HOSPITALITY CORP","MCHALE'S BAR & GRILL","251 WEST   51 STREET","NEW YORK","Manhattan","10019","Roadway","Issued","08/15/2025 03:50:59 PM","08/15/2029 11:59:59 PM","40.76247027316","-73.98458592074","3","105","1024815","1010230005","131","MN0502","POINT (-73.984585920742 40.762470273155)"
"DX RESTAURANT CORP","OFF THE HOOK","28-08 34 STREET","ASTORIA","Queens","11103","Sidewalk","Issued","05/29/2026 11:40:57 AM","05/29/2030 11:59:59 PM","40.76710803316","-73.91790254566","22","401","4009145","4006270024","6501","QN0103","POINT (-73.917902545656 40.767108033155)"
"SEAN OG ENTERPRISE LLC","SEAN OG'S IRISH PUB","60-02 WOODSIDE AVENUE","WOODSIDE","Queens","11377","Sidewalk","Issued","04/03/2026 03:27:11 PM","04/03/2030 11:59:59 PM","40.74505982754","-73.90432062244","26","402","4031423","4013350031","249","QN0203","POINT (-73.904320622438 40.745059827543)"
"BANTER MURRAY HILL LLC","BANTER","201 EAST   31 STREET","NEW YORK","Manhattan","10016","Sidewalk","Issued","03/27/2026 06:45:55 AM","03/27/2030 11:59:59 PM","40.74368153219","-73.97915899122","2","106","1020028","1009120001","7002","MN0603","POINT (-73.979158991216 40.743681532192)"
"LUJA CORP","SEBA SEBA","79-28 37 AVENUE","JACKSON HEIGHTS","Queens","11372","Sidewalk","Issued","07/31/2026 02:19:05 PM","07/31/2030 11:59:59 PM","40.74947389825","-73.88677017898","25","403","4449493","4012900001","285","QN0301","POINT (-73.886770178979 40.749473898247)"
"421 AMSTERDAM PIZZA CORP.","MADE IN NEW YORK PIZZA","421 AMSTERDAM AVENUE","NEW YORK","Manhattan","10024","Roadway","Issued","08/15/2025 03:49:47 PM","08/15/2029 11:59:59 PM","40.7839578333","-73.97771275922","6","107","1031948","1012110001","165","MN0702","POINT (-73.977712759219 40.783957833302)"
"NATALEX REST. INC/BURRITO LOCO","BURRITO LOCO","166 WEST    4 STREET","NEW YORK","Manhattan","10014","Roadway","Issued","03/27/2026 08:13:54 AM","03/27/2030 11:59:59 PM","40.73201268135","-74.00140358912","3","102","1010146","1005900031","67","MN0203","POINT (-74.001403589122 40.732012681351)"
"SOFIA FABULOUS PIZZA CORP","SERAFINA FABULOUS PIZZA","1022 MADISON AVENUE","NEW YORK","Manhattan","10075","Roadway","Issued","08/21/2026 12:38:42 PM","08/21/2030 11:59:59 PM","40.77599678735","-73.96236681198","4","108","1041884","1013930056","142","MN0802","POINT (-73.96236681198 40.775996787348)"
"DAVIS AND DEVORE GROUP LLC","TEDDY'S BAR & GRILL","96 BERRY STREET","BROOKLYN","Brooklyn","11249","Sidewalk","Issued","02/20/2026 03:12:45 PM","02/20/2030 11:59:59 PM","40.71926940654","-73.95833691505","33","301","3061759","3023100030","557","BK0102","POINT (-73.958336915049 40.719269406542)"
"SOUTH BRONX UNITED INC.","THE CLUBHOUSE CAFE","812 RIVER AVENUE","BRONX","Bronx","10451","Sidewalk","Issued","06/19/2026 11:59:34 AM","06/19/2030 11:59:59 PM","40.82613172518","-73.92689526909","16","204","2129246","2024837501","6301","BX0401","POINT (-73.926895269087 40.826131725179)"
"SIXTY HOSPITALITY LLC","AVRA MADISON ESTIATORIO","14 EAST   60 STREET","NEW YORK","Manhattan","10022","Sidewalk","Issued","07/20/2026 02:31:15 PM","07/20/2030 11:59:59 PM","40.76437259712","-73.97136220179","4","108","1040763","1013740060","11401","MN0802","POINT (-73.971362201788 40.764372597121)"
"CMR REST CORP","ELLA SOCIAL","249 COLUMBUS AVENUE","NEW YORK","Manhattan","10023","Sidewalk","Issued","07/24/2026 01:07:22 PM","07/24/2030 11:59:59 PM","40.77705777194","-73.97903296426","6","107","1028626","1011240062","157","MN0701","POINT (-73.979032964257 40.77705777194)"
"MULBERRY STREET BAR LLC","MULBERRY STREET BAR","176 1/2 MULBERRY STREET","NEW YORK","Manhattan","10013","Sidewalk","Issued","05/15/2026 12:39:56 PM","05/15/2030 11:59:59 PM","40.72031994367","-73.99689388844","1","102","1087097","1004717502","41","MN0201","POINT (-73.99689388844 40.720319943672)"
"PAOLA'S CAFE LLC","PAOLA'S OSTERIA","1246 MADISON AVENUE","NEW YORK","Manhattan","10128","Roadway","Issued","03/27/2026 09:59:14 AM","03/27/2030 11:59:59 PM","40.78311485898","-73.95717379714","4","108","1046978","1015010056","15002","MN0802","POINT (-73.957173797144 40.783114858982)"
"KIPS BAY HOSPITALITY LLC","TARA ROSE","384 3 AVENUE","NEW YORK","Manhattan","10016","Sidewalk","Issued","08/07/2026 02:10:32 PM","08/07/2030 11:59:59 PM","40.74168093241","-73.98107585186","2","106","1018181","18830048","68","MN0602","POINT (-73.981075851859 40.741680932408)"
"FAT ANNIE'S, LLC","FEILE","133 WEST   33 STREET","NEW YORK","Manhattan","10001","Roadway","Issued","08/08/2025 02:42:54 PM","08/08/2029 11:59:59 PM","40.74958142093","-73.98932051477","3","105","1015198","1008097501","101","MN0501","POINT (-73.989320514772 40.749581420927)"
"MYRTLE VILLAGE LLC","BIRDY'S","1215 MYRTLE AVENUE","BROOKLYN","Brooklyn","11221","Sidewalk","Issued","01/16/2026 12:59:35 PM","01/16/2030 11:59:59 PM","40.69760030075","-73.93154105582","34","304","3072457","3031830077","391","BK0401","POINT (-73.93154105582 40.697600300753)"
"Babic 1091, INC.","KURANT","1091 2 AVENUE","NEW YORK","Manhattan","10022","Sidewalk","Issued","05/15/2026 12:30:23 PM","05/15/2030 11:59:59 PM","40.75964163249","-73.96505809613","4","106","1038618","1013310124","10803","MN0604","POINT (-73.965058096131 40.759641632494)"
"SHIRT RESTAURANT CORP./ISLAND","ISLAND","1305 MADISON AVENUE","NEW YORK","Manhattan","10128","Sidewalk","Issued","02/13/2026 03:48:05 PM","02/13/2030 11:59:59 PM","40.78495332555","-73.95580762231","5","108","1047084","1015040055","16001","MN0802","POINT (-73.95580762231 40.784953325549)"
"HARLEM BURGER INC","ARCHER & GOAT","187 LENOX AVENUE","NEW YORK","Manhattan","10026","Sidewalk","Issued","06/12/2026 01:51:48 PM","06/12/2030 11:59:59 PM","40.80423744746","-73.94807565004","9","110","1057556","1019040031","22","MN1001","POINT (-73.948075650039 40.80423744746)"
"CHELSEA HOTEL F&B LLC","CAFE CHELSEA","218 WEST   23 STREET","NEW YORK","Manhattan","10011","Sidewalk","Issued","03/20/2026 12:29:24 PM","03/20/2030 11:59:59 PM","40.7444189662","-73.99644165146","3","104","1014130","1007720064","91","MN0401","POINT (-73.996441651463 40.744418966196)"
"PIZZETTE LLC","PIZZETTE","191 GRAHAM AVENUE","BROOKLYN","Brooklyn","11206","Sidewalk","Issued","08/28/2026 01:11:16 PM","08/28/2030 11:59:59 PM","40.70860507889","-73.94342174951","34","301","3070977","3030430020","505","BK0104","POINT (-73.943421749511 40.708605078885)"
"CROSSTOWN DINER AND RESTAURANT INC","CROSSTOWN DINER","2880 BRUCKNER BOULEVARD","BRONX","Bronx","10465","Sidewalk","Issued","08/27/2026 08:52:51 AM","08/27/2030 11:59:59 PM","40.83263384665","-73.82868634865","13","210","2079382","2055310001","166","BX1002","POINT (-73.828686348646 40.832633846654)"
"LV TAPAS INC","LA VARA","268 CLINTON STREET","BROOKLYN","Brooklyn","11201","Sidewalk","Issued","01/16/2026 01:01:24 PM","01/16/2030 11:59:59 PM","40.68780705365","-73.9957521176","39","306","3003234","3003010026","45","BK0601","POINT (-73.995752117595 40.687807053648)"
"Team Metal LLC","LUCKY 13 SALOON","644 SACKETT STREET","BROOKLYN","Brooklyn","11217","Roadway","Issued","05/08/2026 02:01:05 PM","05/08/2030 11:59:59 PM","40.6784226199","-73.98361396771","39","306","3007208","3004340029","11901","BK0601","POINT (-73.983613967714 40.678422619897)"
"GREEN 84 LLC","GREEN KITCHEN","1619 2 AVENUE","NEW YORK","Manhattan","10028","Roadway","Issued","05/01/2026 11:46:07 AM","05/01/2030 11:59:59 PM","40.77665467344","-73.9526430204","5","108","1048736","1015300021","14601","MN0803","POINT (-73.952643020402 40.77665467344)"
"CALCIO AND AMICI INC","STILLWELL SOCCER SPORTS","1786 STILLWELL AVENUE","BROOKLYN","Brooklyn","11223","Sidewalk","Issued","08/14/2026 02:05:50 PM","08/14/2030 11:59:59 PM","40.60286464523","-73.98643791163","43","311","3185023","3068480132","298","BK1103","POINT (-73.986437911625 40.602864645233)"
"380 EAST VENTURES LLC","FACTORY 380","380 3 AVENUE","NEW YORK","Manhattan","10016","Roadway","Issued","07/03/2025 01:21:23 PM","07/03/2029 11:59:59 PM","40.74158487759","-73.98114805362","2","106","1018179","1008830046","68","MN0602","POINT (-73.981148053622 40.741584877594)"
"LITTLE FISH CORP.","CARMINE'S","200 WEST   44 STREET","NEW YORK","Manhattan","10036","Roadway","Issued","05/23/2025 11:58:06 AM","05/23/2029 11:59:59 PM","40.75739816357","-73.98618975195","3","105","1024706","1010150029","119","MN0502","POINT (-73.98618975195 40.75739816357)"
"SANTA SALSA , LLC","SANTA SALSA","234 STARR STREET","BROOKLYN","Brooklyn","11237","Roadway","Issued","07/31/2026 01:48:03 PM","07/31/2030 11:59:59 PM","40.70551335878","-73.92271437076","34","304","3072768","3031990026","447","BK0401","POINT (-73.922714370758 40.705513358783)"
"ST.JAMES ASSOCIATES LP","SMITH & WOLLENSKY","201 EAST   49 STREET","NEW YORK","Manhattan","10017","Sidewalk","Issued","04/17/2026 04:03:13 PM","04/17/2030 11:59:59 PM","40.755051274","-73.97087533929","4","106","1038223","1013230001","98","MN0604","POINT (-73.970875339288 40.755051274002)"
"180 FRANKLIN LLC","BAR AMERICANO","180 FRANKLIN STREET","BROOKLYN","Brooklyn","11222","Sidewalk","Issued","03/27/2026 06:47:47 AM","03/27/2030 11:59:59 PM","40.73146971521","-73.95784576292","33","301","3064408","3025400001","565","BK0101","POINT (-73.95784576292 40.731469715212)"
"WILD LIVING LLC","WILD","148 5 AVENUE","BROOKLYN","Brooklyn","11217","Sidewalk","Issued","05/22/2026 01:09:06 PM","05/22/2030 11:59:59 PM","40.67821330963","-73.9792480297","39","306","3019356","3009460045","131","BK0602","POINT (-73.979248029701 40.678213309628)"
"336 PUB INC","FITZGERALD'S PUB","336 THIRD AVENUE","NEW YORK","Manhattan","10010","Sidewalk","Issued","05/29/2026 11:05:28 AM","05/29/2030 11:59:59 PM","40.73996565528","-73.98232853578","2","106","1018080","1008800050","68","MN0602","POINT (-73.982328535776 40.739965655283)"
"THINK WHOLESALE LLC","THINK COFFEE","10 DEVOE STREET","BROOKLYN","Brooklyn","11211","Sidewalk","Issued","05/08/2026 03:57:37 PM","05/08/2030 11:59:59 PM","40.71314562905","-73.95089915866","34","301","3068931","3027670011","513","BK0102","POINT (-73.950899158655 40.713145629052)"
"BIERENDELI'S LLC","GOLD STAR BEER COUNTER","340 STERLING PLACE","BROOKLYN","Brooklyn","11238","Sidewalk","Issued","04/03/2026 11:07:55 AM","04/03/2030 11:59:59 PM","40.67533936305","-73.9668653386","35","308","3029340","3011710052","207","BK0801","POINT (-73.966865338598 40.67533936305)"
"SAMMY'S S.B. REST CORP","SAMMY'S ORIGINAL SHRIMP BOX","64 CITY ISLAND AVENUE","BRONX","Bronx","10464","Sidewalk","Issued","11/04/2024 02:57:38 PM","11/04/2028 11:59:59 PM","40.83959260883","-73.78362988845","13","210","2082404","2056380011","51601","BX1003","POINT (-73.783629888446 40.83959260883)"
"AV 60TH LLC","ALL'ANTICO VINAIO","36 EAST   60 STREET","NEW YORK","Manhattan","10022","Roadway","Issued","02/06/2026 10:48:57 AM","02/06/2030 11:59:59 PM","40.76400732494","-73.97049597423","4","108","1040758","1013740042","11401","MN0802","POINT (-73.970495974227 40.764007324938)"
"PEGREP 1404 LLC","MASSERIA EAST","1404 3 AVENUE","NEW YORK","Manhattan","10075","Sidewalk","Issued","06/12/2026 02:40:35 PM","06/12/2030 11:59:59 PM","40.77480090637","-73.95692642774","4","108","1047480","1015080039","14","MN0802","POINT (-73.956926427738 40.774800906366)"
"SIMON FOODS INC","BOMBAY CHOWK","1378 1 AVENUE","NEW YORK","Manhattan","10021","Sidewalk","Issued","07/24/2026 12:11:42 PM","07/24/2030 11:59:59 PM","40.76883864593","-73.95522628366","5","108","1045889","1014680047","124","MN0801","POINT (-73.955226283657 40.768838645926)"
"BLEEKER STREET PIZZA CORP","BLEECKER STREET PIZZA","69 7 AVENUE SOUTH","NEW YORK","Manhattan","10014","Sidewalk","Issued","08/14/2026 11:29:24 AM","08/14/2030 11:59:59 PM","40.73226789791","-74.00355769716","3","102","1010157","1005900054","67","MN0203","POINT (-74.003557697162 40.732267897909)"
"25 BROADWAY BROOKLYN INC","ACRE","64 MESEROLE AVENUE","BROOKLYN","Brooklyn","11222","Sidewalk","Issued","04/17/2026 11:04:22 AM","04/17/2030 11:59:59 PM","40.72639621665","-73.95477145146","33","301","3065497","3026170006","561","BK0101","POINT (-73.954771451464 40.726396216645)"
"WARE FARM, LLC","UNION HALL","702 UNION STREET","BROOKLYN","Brooklyn","11215","Sidewalk","Issued","08/14/2026 02:13:47 PM","08/14/2030 11:59:59 PM","40.676154834","-73.97984352486","39","306","3020176","3009560112","133","BK0602","POINT (-73.979843524857 40.676154834001)"
"THE WREN NEW YORK LLC","THE WREN","344 BOWERY","NEW YORK","Manhattan","10012","Sidewalk","Issued","03/27/2026 10:53:52 AM","03/27/2030 11:59:59 PM","40.72620996715","-73.99186783201","2","102","1008487","1005307506","5502","MN0202","POINT (-73.991867832006 40.726209967153)"
"NEWTOWN BAR LLC","LAS CATRINAS","32-02 BROADWAY","ASTORIA","Queens","11106","Roadway","Issued","04/03/2026 11:20:11 AM","04/03/2030 11:59:59 PM","40.76152420903","-73.92446125013","22","401","4008327","4006120033","59","QN0103","POINT (-73.924461250134 40.761524209031)"
"SWAUTO LTD","2A / BERLIN / OLD FLINGS","25 AVENUE A","NEW YORK","Manhattan","10009","Roadway","Issued","03/27/2026 06:30:10 AM","03/27/2030 11:59:59 PM","40.72290193713","-73.9858361576","2","103","1005746","1004290033","3002","MN0303","POINT (-73.985836157598 40.722901937131)"
"STREATOR, INC.","CAFE LUXEMBOURG","200 WEST   70 STREET","NEW YORK","Manhattan","10023","Sidewalk","Issued","05/09/2025 09:12:42 AM","05/09/2029 11:59:59 PM","40.77732736548","-73.98267603822","6","107","1030348","1011580033","15501","MN0701","POINT (-73.982676038222 40.777327365479)"
"FOODEX BROOKLYN LLC","TONCHIN BROOKLYN","109 NORTH    3 STREET","BROOKLYN","Brooklyn","11249","Roadway","Issued","07/03/2025 01:28:33 PM","07/03/2029 11:59:59 PM","40.71669056667","-73.96190982559","34","301","3329978","3023500026","555","BK0102","POINT (-73.961909825586 40.716690566674)"
"BIROTE CORPORATION","EL MITOTE","208 COLUMBUS AVENUE","NEW YORK","Manhattan","10023","Sidewalk","Issued","07/21/2026 11:03:05 AM","07/21/2030 11:59:59 PM","40.77579261035","-73.97998655718","6","107","1029648","1011410032","15302","MN0701","POINT (-73.979986557182 40.775792610354)"
"BROADWAY 104, LLC","CAFE DU SOLEIL","245 WEST  104 STREET","NEW YORK","Manhattan","10025","Roadway","Issued","01/23/2026 12:11:54 PM","01/23/2030 11:59:59 PM","40.80000429046","-73.96871735171","7","107","1056583","1018760007","191","MN0703","POINT (-73.968717351713 40.800004290459)"
"LATTE LLC","GELATERIA GENTILE","253 WYTHE AVENUE","BROOKLYN","Brooklyn","11249","Roadway","Issued","05/22/2026 09:38:07 AM","05/22/2030 11:59:59 PM","40.71623558946","-73.96393380501","34","301","3062585","3023790007","555","BK0102","POINT (-73.963933805008 40.716235589464)"
"SWEET CHURROS INC","HOKKAIDO BAKED CHEESE TART","315 5 AVENUE","NEW YORK","Manhattan","10016","Sidewalk","Issued","05/09/2025 09:17:40 AM","05/09/2029 11:59:59 PM","40.74699544871","-73.9855964296","4","105","1017004","1008610075","74","MN0501","POINT (-73.985596429598 40.746995448707)"
"NKLG CAFE CORP","ALIADA","29-19 BROADWAY","ASTORIA","Queens","11106","Sidewalk","Issued","08/07/2026 11:04:40 AM","08/07/2030 11:59:59 PM","40.76262360235","-73.926759482","22","401","4445864","4005880001","75","QN0103","POINT (-73.926759481996 40.762623602345)"
"ALLENDE HOSPITALITY GROUP LLC","TAQUERIA ALLENDE","2100 FREDERICK DOUGLASS BOULEVARD","NEW YORK","Manhattan","10026","Sidewalk","Issued","07/20/2026 04:32:23 PM","07/20/2030 11:59:59 PM","40.80284661591","-73.95650004736","9","110","1087078","1018297501","216","MN1001","POINT (-73.956500047359 40.802846615914)"
"MEDUSA NYC LLC","MEDUSA","133 5 AVENUE","BROOKLYN","Brooklyn","11217","Sidewalk","Issued","03/13/2026 03:03:08 PM","03/13/2030 11:59:59 PM","40.67857282661","-73.9789811255","39","306","3019192","3009440003","131","BK0602","POINT (-73.978981125503 40.678572826605)"
"JAY STREET PLACE CORP","WATER STREET TAVERN","71 JAY STREET","BROOKLYN","Brooklyn","11201","Roadway","Issued","06/05/2026 06:05:16 PM","06/05/2030 11:59:59 PM","40.70256878771","-73.98667001195","33","302","3329421","3000410002","21","BK0202","POINT (-73.986670011954 40.702568787713)"
"8TH ST WINECELLAR NYC CORP","8TH STREET WINECELLAR","28 WEST    8 STREET","NEW YORK","Manhattan","10011","Sidewalk","Issued","07/20/2026 02:10:15 PM","07/20/2030 11:59:59 PM","40.73271532203","-73.99747784272","2","102","1008856","1005510020","63","MN0202","POINT (-73.99747784272 40.732715322026)"
"NEW YORK PAO DE QUEIJO LLC","PAO DE QUEIJO & CO.","31-90 30 STREET","ASTORIA","Queens","11106","Sidewalk","Issued","07/20/2026 05:16:20 PM","07/20/2030 11:59:59 PM","40.76251610776","-73.92605928813","22","401","4445865","4005880001","75","QN0103","POINT (-73.92605928813 40.762516107761)"
"OSTERIA BROOKLYN LEASING CORP.","OSTERIA BROOKLYN @ LIC","1-50 50 AVENUE","LONG ISLAND CITY","Queens","11101","Sidewalk","Issued","06/19/2026 11:31:28 AM","06/19/2030 11:59:59 PM","40.74363488393","-73.95887737927","26","402","4541370","4000067502","101","QN0201","POINT (-73.958877379272 40.743634883932)"
"NOHO NEIGHBORS LLC","ELVIS","54 GREAT JONES STREET","NEW YORK","Manhattan","10012","Sidewalk","Issued","06/12/2026 02:17:41 PM","06/12/2030 11:59:59 PM","40.72661621903","-73.99225022017","2","102","1008523","1005310044","5502","MN0202","POINT (-73.992250220166 40.726616219026)"
"LE BIRD LLC","DEUX CHATS","27 BROADWAY","BROOKLYN","Brooklyn","11249","Roadway","Issued","04/10/2026 12:03:46 PM","04/10/2030 11:59:59 PM","40.71074721713","-73.96785403474","33","301","3063640","3024680027","549","BK0102","POINT (-73.967854034738 40.710747217125)"
"HUNGRY LLAMA LLC","HUNGRY LLAMA","679 WASHINGTON STREET","NEW YORK","Manhattan","10014","Sidewalk","Issued","07/21/2026 01:03:23 PM","07/21/2030 11:59:59 PM","40.73385960163","-74.00850115164","3","102","1011761","1006317502","75","MN0203","POINT (-74.008501151643 40.733859601633)"
"JAKK LLC","THE LOWERY","43-02 43 AVENUE","SUNNYSIDE","Queens","11104","Sidewalk","Issued","08/07/2026 02:17:21 PM","08/07/2030 11:59:59 PM","40.7450011376","-73.92067465648","26","402","4001931","4001620023","183","QN0202","POINT (-73.920674656481 40.745001137604)"
"grey dog carmine inc","THE GREY DOG","49 CARMINE STREET","NEW YORK","Manhattan","10014","Sidewalk","Issued","08/14/2026 02:09:08 PM","08/14/2030 11:59:59 PM","40.72992660748","-74.00373797593","3","102","1083525","1005860042","67","MN0203","POINT (-74.003737975925 40.729926607476)"
"PAESANO REST. CORP.","PAESANO'S","136 MULBERRY STREET","NEW YORK","Manhattan","10013","Roadway","Issued","01/02/2026 03:00:49 PM","01/02/2030 11:59:59 PM","40.71851939497","-73.9976948299","1","102","1066508","1002377501","41","MN0201","POINT (-73.997694829896 40.718519394966)"
"SLICE WEST VILLAGE LTD.","WILD","535 HUDSON STREET","NEW YORK","Manhattan","10014","Sidewalk","Issued","07/31/2026 03:03:43 PM","07/31/2030 11:59:59 PM","40.73453770733","-74.00617386207","3","102","1011850","1006320055","75","MN0203","POINT (-74.006173862074 40.734537707326)"
"THE STRAND AT LINCOLN CENTER LLC","CAFE FRED","2020 BROADWAY","NEW YORK","Manhattan","10023","Sidewalk","Issued","07/20/2026 04:39:07 PM","07/20/2030 11:59:59 PM","40.77641053287","-73.98212385383","6","107","1029632","1011410013","15302","MN0701","POINT (-73.982123853828 40.776410532869)"
"DELTA 510 CORP","11TH ST BAR","510 EAST   11 STREET","NEW YORK","Manhattan","10009","Roadway","Issued","06/27/2025 07:09:13 PM","06/27/2029 11:59:59 PM","40.72821515211","-73.98128173815","2","103","1005123","1004040009","34","MN0303","POINT (-73.981281738153 40.728215152107)"
"LM CAFE LLC","LAUGHING MAN CAFE","184 DUANE STREET","NEW YORK","Manhattan","10013","Roadway","Issued","08/22/2025 03:29:30 PM","08/22/2029 11:59:59 PM","40.71739635042","-74.01024502719","1","101","1075718","1001417502","39","MN0102","POINT (-74.010245027189 40.717396350423)"
"MY KISMET LLC","LITTLE RASCAL BAR","130 FRANKLIN STREET","NEW YORK","Manhattan","10013","Roadway","Issued","04/03/2026 02:08:52 PM","04/03/2030 11:59:59 PM","40.7191230618","-74.00686146073","1","101","1002154","1001897501","33","MN0102","POINT (-74.00686146073 40.7191230618)"
"SIXTH AVENUE RESTAURANT MANAGEMENT LLC","L'AMICO, BACK BAR","839 6 AVENUE","NEW YORK","Manhattan","10001","Sidewalk","Issued","08/28/2026 01:31:16 PM","08/28/2030 11:59:59 PM","40.74689435256","-73.98990560638","3","105","1015146","1008057502","95","MN0501","POINT (-73.989905606376 40.746894352563)"
"BIG BEN RESTAURANT CORP","MADAME VO'S","212 EAST   10 STREET","NEW YORK","Manhattan","10003","Sidewalk","Issued","08/14/2026 12:54:35 PM","08/14/2030 11:59:59 PM","40.72934115646","-73.98581674341","2","103","1006408","1004510017","4001","MN0303","POINT (-73.985816743408 40.729341156459)"
"WL BROOKLYN LLC","VINE","81 FLEET PLACE","BROOKLYN","Brooklyn","11201","Roadway","Issued","03/24/2025 04:21:23 PM","03/24/2029 11:59:59 PM","40.69308217783","-73.98174961203","35","302","3420464","3020610110","3101","BK0203","POINT (-73.981749612031 40.693082177833)"
"MR. BBQ FOOD INC","MR. BBQ FOOD","5824 8 AVENUE","BROOKLYN","Brooklyn","11220","Roadway","Issued","07/03/2025 01:22:09 PM","07/03/2029 11:59:59 PM","40.63645305462","-74.00857156412","43","307","3016217","3008580047","10401","BK0703","POINT (-74.008571564118 40.636453054622)"
"DLK RESTAURANTS LLC","THE COPPER STILL","206 7 AVENUE","NEW YORK","Manhattan","10011","Sidewalk","Issued","05/29/2026 12:12:40 PM","05/29/2030 11:59:59 PM","40.74329635173","-73.99623240057","3","104","1014076","1007710046","87","MN0401","POINT (-73.996232400573 40.743296351728)"
"LX AVENUE BAGELS, INC","TAL BAGELS","1228 LEXINGTON AVENUE","NEW YORK","Manhattan","10028","Sidewalk","Issued","07/24/2026 03:22:37 PM","07/24/2030 11:59:59 PM","40.77763624549","-73.9569462507","4","108","1047649","1015120016","14","MN0802","POINT (-73.956946250698 40.777636245486)"
"BREW YORK CITY LLC","GLORY DAYS","544 UNION AVENUE","BROOKLYN","Brooklyn","11211","Roadway","Issued","09/25/2026 11:31:22 AM","09/25/2030 11:59:59 PM","40.71731526128","-73.95167166609","33","301","3413895","3027360001","515","BK0102","POINT (-73.951671666086 40.71731526128)"
"250 MULBERRY BB LLC","7TH STREET BURGER","250 MULBERRY STREET","NEW YORK","Manhattan","10012","Roadway","Issued","04/17/2026 11:03:06 AM","04/17/2030 11:59:59 PM","40.72314427351","-73.99577897197","1","102","1007494","1004940014","43","MN0201","POINT (-73.995778971973 40.723144273505)"
"JAGR THREE LLC","JOE COFFEE COMPANY","514 COLUMBUS AVENUE","NEW YORK","Manhattan","10024","Sidewalk","Issued","07/24/2026 01:14:20 PM","07/24/2030 11:59:59 PM","40.78560912073","-73.97282275583","6","107","1032130","1012150033","169","MN0702","POINT (-73.972822755829 40.785609120733)"
"HALF PINT ON THOMPSON, LLC","THE HALF PINT / ERNIE'S BAR","234 THOMPSON STREET","NEW YORK","Manhattan","10012","Roadway","Issued","05/08/2026 03:38:00 PM","05/08/2030 11:59:59 PM","40.72943809379","-73.99879490852","2","102","1008637","1005370013","65","MN0202","POINT (-73.998794908522 40.729438093794)"
"RAJMAR HOLDINGS INC","HUDSON BAR & BOOKS","636 HUDSON STREET","NEW YORK","Manhattan","10014","Sidewalk","Issued","08/14/2026 12:41:19 PM","08/14/2030 11:59:59 PM","40.73865488759","-74.00549944445","3","102","1011651","1006260027","77","MN0203","POINT (-74.005499444447 40.73865488759)"
"THE U BAR AND GRILL INC","THE U BAR AND GRILL","1207 AMSTERDAM AVENUE","NEW YORK","Manhattan","10027","Sidewalk","Issued","08/14/2026 02:10:21 PM","08/14/2030 11:59:59 PM","40.80896574398","-73.95947263915","7","109","1059510","1019620038","20701","MN0901","POINT (-73.959472639147 40.808965743978)"
"1616 SECOND AVE. RESTAURANT,INC.","DORRIAN'S RED HAND","1616 2 AVENUE","NEW YORK","Manhattan","10028","Roadway","Issued","06/05/2026 05:18:45 PM","06/05/2030 11:59:59 PM","40.77640496626","-73.95280206566","5","108","1049947","1015460049","138","MN0803","POINT (-73.952802065662 40.776404966262)"
"MDMPZZA LLC","ACE'S PIZZA","637 DRIGGS AVENUE","BROOKLYN","Brooklyn","11211","Roadway","Issued","06/27/2025 07:23:48 PM","06/27/2029 11:59:59 PM","40.71506997974","-73.9585271286","34","301","3062373","3023537501","519","BK0102","POINT (-73.958527128599 40.715069979737)"
"AMIR RAM BAGELS INC.","TAL BAGEL","333 EAST   86 STREET","NEW YORK","Manhattan","10028","Sidewalk","Issued","08/14/2026 02:08:30 PM","08/14/2030 11:59:59 PM","40.77736741858","-73.95053027203","5","108","1050027","1015490015","14602","MN0803","POINT (-73.950530272033 40.77736741858)"
"BAR BERTRAND LLC","KING TAI","1095 BERGEN STREET","BROOKLYN","Brooklyn","11216","Sidewalk","Issued","07/24/2026 01:17:02 PM","07/24/2030 11:59:59 PM","40.67606305926","-73.94932226917","36","308","3030395","3012130078","315","BK0802","POINT (-73.949322269168 40.676063059259)"
"7 WASHINGTON LANE CORP","ARIA","365 WEST   51 STREET","NEW YORK","Manhattan","10019","Sidewalk","Issued","06/25/2026 08:07:08 AM","06/25/2030 11:59:59 PM","40.76381833458","-73.98778761369","3","104","1025191","1010420001","133","MN0402","POINT (-73.987787613691 40.763818334576)"
"265 LAFAYETTE RISTORANTE, LLC","SANT AMBROEUS GELATERIA","267 LAFAYETTE STREET","NEW YORK","Manhattan","10012","Roadway","Issued","04/03/2026 03:25:48 PM","04/03/2030 11:59:59 PM","40.72356424887","-73.99655821691","1","102","1007524","1004950011","43","MN0201","POINT (-73.996558216913 40.723564248865)"
"NY OWL CAFE 75 LLC","THE OWL'S TAIL","215 WEST   75 STREET","NEW YORK","Manhattan","10023","Sidewalk","Issued","07/20/2026 04:00:21 PM","07/20/2030 11:59:59 PM","40.78081015853","-73.9807938743","6","107","1030839","1011677501","163","MN0702","POINT (-73.980793874296 40.78081015853)"
"SNY LEE INCORPORATED","SHI","47-20 CENTER BOULEVARD","LONG ISLAND CITY","Queens","11109","Sidewalk","Issued","08/14/2026 02:03:10 PM","08/14/2030 11:59:59 PM","40.74564066816","-73.95713662753","26","402","4538318","4000210070","102","QN0201","POINT (-73.957136627525 40.745640668157)"
"JELA, LLC","AL DI LA TRATTORIA","248 5 AVENUE","BROOKLYN","Brooklyn","11215","Roadway","Issued","08/22/2025 03:04:01 PM","08/22/2029 11:59:59 PM","40.675238321","-73.98127142842","39","306","3020256","3009580050","133","BK0602","POINT (-73.981271428422 40.675238321002)"
"KASHKAVAL KITCHEN LLC","KASHKAVAL GARDEN","852 9 AVENUE","NEW YORK","Manhattan","10019","Sidewalk","Issued","04/24/2026 02:57:46 PM","04/24/2030 11:59:59 PM","40.76691975683","-73.98642242622","6","104","1025423","1010460004","139","MN0402","POINT (-73.986422426224 40.766919756833)"
"BAR MARIO LLC","BAR MARIO","365 VAN BRUNT STREET","BROOKLYN","Brooklyn","11231","Sidewalk","Issued","08/14/2026 11:24:56 AM","08/14/2030 11:59:59 PM","40.67670475014","-74.01363845042","38","306","3008720","3005870010","5301","BK0601","POINT (-74.013638450416 40.676704750141)"
"LUNELLA RISTORANTE INC","LUNELLA RISTORANTE","173 MULBERRY STREET","NEW YORK","Manhattan","10013","Sidewalk","Issued","06/05/2026 05:42:07 PM","06/05/2030 11:59:59 PM","40.7201580047","-73.99698047731","1","102","1006964","1004710016","41","MN0201","POINT (-73.996980477312 40.720158004701)"
"KITCHEN NUGGETS LLC","WIN SON BAKERY","23 2 AVENUE","NEW YORK","Manhattan","10003","Sidewalk","Issued","04/09/2026 03:07:13 PM","04/09/2030 11:59:59 PM","40.72447243972","-73.99068108245","2","103","1006542","1004570033","3602","MN0303","POINT (-73.990681082445 40.724472439716)"
"TUMMA KHAKUEN INC","THEP","1439 2 AVENUE","NEW YORK","Manhattan","10021","Sidewalk","Issued","08/21/2026 01:48:54 PM","08/21/2030 11:59:59 PM","40.77065636015","-73.95701937622","5","108","1044032","1014290028","134","MN0801","POINT (-73.957019376219 40.770656360154)"
"RESTAURANT VENTURES OF NY,  INC.","ALTESI DOWNTOWN","200 SPRING STREET","NEW YORK","Manhattan","10012","Sidewalk","Issued","02/13/2026 02:28:27 PM","02/13/2030 11:59:59 PM","40.72518092148","-74.00326869121","1","102","1007353","1004890017","47","MN0201","POINT (-74.00326869121 40.725180921477)"
"MARK 2 RESTAURANT LLC.","THE MARK RESTAURANT","25 EAST   77 STREET","NEW YORK","Manhattan","10075","Sidewalk","Issued","08/28/2026 01:24:40 PM","08/28/2030 11:59:59 PM","40.77527810219","-73.96373561887","4","108","1041821","1013920017","142","MN0802","POINT (-73.963735618871 40.775278102188)"
"GREEN 70 LLC","GREEN KITCHEN","1325 2 AVENUE","NEW YORK","Manhattan","10021","Sidewalk","Issued","05/15/2026 10:23:31 AM","05/15/2030 11:59:59 PM","40.76733608701","-73.95944391761","5","108","1072223","1014247501","12602","MN0801","POINT (-73.959443917614 40.767336087009)"
"ADELPHI BROTHERS TAVERN & LOUNGE, INC.","DICK AND JANE'S","266 ADELPHI STREET","BROOKLYN","Brooklyn","11205","Sidewalk","Issued","07/21/2026 10:41:07 AM","07/21/2030 11:59:59 PM","40.6899756842","-73.97123922386","35","302","3335272","3020900065","183","BK0203","POINT (-73.971239223861 40.6899756842)"
"VARIETY CAFE INC","VARIETY COFFEE ROASTERS","142 DRIGGS AVENUE","BROOKLYN","Brooklyn","11222","Sidewalk","Issued","07/31/2026 03:00:32 PM","07/31/2030 11:59:59 PM","40.72307866892","-73.94428608905","33","301","3067073","3026860045","591","BK0101","POINT (-73.944286089047 40.72307866892)"
"1414 HOLDINGS, L.L.C.","JAM'S","1414 AVENUE OF THE AMERICAS","NEW YORK","Manhattan","10019","Sidewalk","Issued","04/17/2026 02:40:56 PM","04/17/2030 11:59:59 PM","40.7647800585","-73.9768455862","4","105","1035077","1012730071","11201","MN0502","POINT (-73.976845586201 40.764780058501)"
"PMF RESTAURANT CORP.","JACK DEMSEY'S PUB","36 WEST   33 STREET","NEW YORK","Manhattan","10001","Sidewalk","Issued","08/14/2026 12:42:00 PM","08/14/2030 11:59:59 PM","40.74838715923","-73.9865561451","4","105","1015854","1008340066","76","MN0501","POINT (-73.986556145104 40.748387159231)"
"LILSANTINO INC.","DADDIES","450 HUDSON STREET","NEW YORK","Manhattan","10014","Sidewalk","Issued","07/21/2026 10:34:38 AM","07/21/2030 11:59:59 PM","40.73129885702","-74.00667148684","3","102","1077817","1005847501","67","MN0203","POINT (-74.006671486843 40.731298857017)"
"JIM & ANDY, INC.","CONGRESS","208 COURT STREET","BROOKLYN","Brooklyn","11201","Sidewalk","Issued","06/12/2026 02:02:50 PM","06/12/2030 11:59:59 PM","40.68685007939","-73.99374763813","39","306","3003280","3003020043","45","BK0601","POINT (-73.993747638128 40.68685007939)"
"AWAZE ETHIOPIAN CUISINE INC.","AWAZE ETHIOPIAN CUISINE","2288 FREDERICK DOUGLASS BOULEVARD","NEW YORK","Manhattan","10027","Sidewalk","Issued","08/28/2026 01:27:33 PM","08/28/2030 11:59:59 PM","40.80880098813","-73.95215406291","9","110","1058592","1019280061","222","MN1001","POINT (-73.952154062908 40.80880098813)"
"ANEJO, LLC","ANEJO","668 10 AVENUE","NEW YORK","Manhattan","10036","Sidewalk","Issued","03/06/2026 09:47:09 AM","03/06/2030 11:59:59 PM","40.76277302865","-73.99317373378","3","104","1026514","1010560061","127","MN0402","POINT (-73.99317373378 40.762773028647)"
"ANTHONY & DOMENICO INC","SAC'S PLACE","35-11 35 AVENUE","ASTORIA","Queens","11106","Sidewalk","Issued","07/31/2026 01:45:53 PM","07/31/2030 11:59:59 PM","40.75654564673","-73.92512024336","26","401","4446982","4006430001","57","QN0103","POINT (-73.925120243355 40.756545646734)"
"DA VINCI HOTEL CORP","JOE G RESTAURANT (DA VINCI HOTEL)","244 WEST   56 STREET","NEW YORK","Manhattan","10019","Roadway","Issued","10/03/2025 01:27:46 PM","10/03/2029 11:59:59 PM","40.7656593821","-73.98249858352","6","105","1024885","1010270060","137","MN0502","POINT (-73.982498583522 40.765659382099)"
"MISTER BLUE LLC.","THE EXLEY","1 JACKSON STREET","BROOKLYN","Brooklyn","11211","Roadway","Issued","04/04/2025 04:21:29 PM","04/04/2029 11:59:59 PM","40.71597587377","-73.95181332677","33","301","3379885","3027410048","515","BK0102","POINT (-73.951813326771 40.715975873772)"
"151 BLEECKER LLC","THE RED LION","151 BLEECKER STREET","NEW YORK","Manhattan","10012","Roadway","Issued","10/24/2025 03:54:33 PM","10/24/2029 11:59:59 PM","40.72831823446","-73.99945880038","2","102","1077799","1005370037","65","MN0202","POINT (-73.999458800383 40.728318234456)"
"DM 58 LLC","ALL & SUNDRY","312 WEST   58 STREET","NEW YORK","Manhattan","10019","Roadway","Issued","03/06/2026 09:21:30 AM","03/06/2030 11:59:59 PM","40.76761371473","-73.98293489425","6","104","1026056","1010480041","139","MN0402","POINT (-73.98293489425 40.767613714727)"
"225 COLUMBUS RST. CORP","MANNY'S BISTRO","225 COLUMBUS AVENUE","NEW YORK","Manhattan","10023","Sidewalk","Issued","01/31/2025 02:43:09 PM","01/31/2029 11:59:59 PM","40.77628934225","-73.97959646179","6","107","1028540","1011230003","157","MN0701","POINT (-73.97959646179 40.776289342252)"
"MUNSTER CAFE LLC","THE FLYING COCK","497 3 AVENUE","NEW YORK","Manhattan","10016","Sidewalk","Issued","07/20/2026 04:04:50 PM","07/20/2030 11:59:59 PM","40.74538039091","-73.97835366741","4","106","1020139","1009140061","7002","MN0603","POINT (-73.978353667414 40.745380390907)"
"SADA ONE LLC","EMPELLON","230 WEST    4 STREET","NEW YORK","Manhattan","10014","Sidewalk","Issued","09/18/2026 09:27:02 AM","09/18/2030 11:59:59 PM","40.73411239728","-74.0029407746","3","102","1011165","1006190068","73","MN0203","POINT (-74.002940774604 40.734112397275)"
"MELROSE HOSPITALITY CORPORATION","REBECCA'S","610 BUSHWICK AVENUE","BROOKLYN","Brooklyn","11206","Sidewalk","Issued","09/02/2026 03:04:40 PM","09/02/2030 11:59:59 PM","40.69837039705","-73.93420537058","34","304","3072012","3031600032","389","BK0401","POINT (-73.934205370583 40.698370397051)"
"you're almost there, inc.","BIBI WINE BAR","211 EAST    4 STREET","NEW YORK","Manhattan","10009","Roadway","Issued","08/01/2025 01:49:12 PM","08/01/2029 11:59:59 PM","40.72374977514","-73.98362081869","2","103","1005035","1004000052","32","MN0303","POINT (-73.983620818689 40.723749775135)"
"MYKONIAN HOUSE LLC","MYKONIAN HOUSE","25 EAST   83 STREET","NEW YORK","Manhattan","10028","Sidewalk","Issued","08/14/2026 01:27:21 PM","08/14/2030 11:59:59 PM","40.77912801098","-73.96075102511","4","108","1046802","1014957501","142","MN0802","POINT (-73.96075102511 40.779128010977)"
"CAMELOT CASTLE LLC","OSCAR WILDE'S","45 WEST   27 STREET","NEW YORK","Manhattan","10001","Roadway","Issued","04/17/2026 03:19:54 PM","04/17/2030 11:59:59 PM","40.74486869615","-73.98965690057","3","105","1015677","1008290011","58","MN0501","POINT (-73.989656900571 40.744868696154)"
"BETA CLINTON CORP","DONNYBROOK","37 CLINTON STREET","NEW YORK","Manhattan","10002","Sidewalk","Issued","04/24/2026 02:42:19 PM","04/24/2030 11:59:59 PM","40.71997860298","-73.98461743129","1","103","1004222","1003490019","3001","MN0302","POINT (-73.984617431286 40.719978602979)"
"SOFIA 58TH STREET CORP","OSTERIA SERAFINA","38 EAST   58 STREET","NEW YORK","Manhattan","10022","Roadway","Issued","05/22/2026 10:53:18 AM","05/22/2030 11:59:59 PM","40.76281362157","-73.97155058811","4","105","1081157","1012930050","11202","MN0502","POINT (-73.971550588105 40.762813621565)"
"SEQUOIA TREE LLC","LE MOULIN A CAFE","1439 YORK AVENUE","NEW YORK","Manhattan","10075","Sidewalk","Issued","03/24/2025 04:17:21 PM","03/24/2029 11:59:59 PM","40.76969905998","-73.95167682873","5","108","1045959","1014710024","13203","MN0801","POINT (-73.951676828726 40.769699059978)"
"BARJER CORP","NINA'S GREAT BURRITO BAR","522 COLUMBUS AVENUE","NEW YORK","Manhattan","10024","Sidewalk","Issued","07/20/2026 05:13:06 PM","07/20/2030 11:59:59 PM","40.78595764323","-73.97256622257","6","107","1032161","1012160027","169","MN0702","POINT (-73.972566222568 40.785957643232)"
"LPB4 LLC","LA PECORA BIANCA","265 LAFAYETTE STREET","NEW YORK","Manhattan","10012","Roadway","Issued","05/23/2025 12:00:48 PM","05/23/2029 11:59:59 PM","40.7235258231","-73.99659068854","1","102","1007524","1004950011","43","MN0201","POINT (-73.996590688538 40.723525823099)"
"PANEANTICO BAKERY CAFE, INC","PANEANTICO BAKERY","9124 3 AVENUE","BROOKLYN","Brooklyn","11209","Sidewalk","Issued","08/21/2026 11:45:07 AM","08/21/2030 11:59:59 PM","40.61951888908","-74.03267819558","47","310","3154705","3060850047","58","BK1001","POINT (-74.032678195577 40.619518889081)"
"LA LAFAYETTE LLC","TACOMBI","25 LAFAYETTE AVENUE","BROOKLYN","Brooklyn","11217","Roadway","Issued","08/07/2026 02:09:56 PM","08/07/2030 11:59:59 PM","40.68684264744","-73.97799053462","35","302","3059181","3021080021","33","BK0203","POINT (-73.977990534622 40.686842647439)"
"SUNDAY IN BROOKLYN LLC","SUNDAY IN BROOKLYN","348 WYTHE AVENUE","BROOKLYN","Brooklyn","11249","Roadway","Issued","01/31/2025 02:40:05 PM","01/31/2029 11:59:59 PM","40.71416368276","-73.96520828214","33","301","3321284","3024150026","551","BK0102","POINT (-73.965208282135 40.71416368276)"
"T-BONE HOSPITALITY LLC","AVRA ESTIATORIO","441 8TH AVE","NEW YORK","Manhattan","10001","Sidewalk","Issued","06/19/2026 10:40:48 AM","06/19/2030 11:59:59 PM","40.75121215833","-73.99418190159","3","104",,,"103","MN0401","POINT (-73.994181901586 40.751212158329)"
"PLIEGO GARCIA PEREZ LLC","IL NONNO","25-17 ASTORIA BOULEVARD","ASTORIA","Queens","11102","Sidewalk","Issued","08/28/2026 01:17:35 PM","08/28/2030 11:59:59 PM","40.77124755497","-73.92246449506","22","401","4018506","4008610010","69","QN0103","POINT (-73.922464495059 40.771247554969)"
"63 GUERNSEY LLC","SPRITZENHAUS","63 GUERNSEY STREET","BROOKLYN","Brooklyn","11222","Roadway","Issued","05/08/2026 02:35:28 PM","05/08/2030 11:59:59 PM","40.72365063904","-73.95276020065","33","301","3065960","3026430029","569","BK0101","POINT (-73.952760200654 40.723650639043)"
"DUMBO RESTAURANT GROUP CORP","7 OLD FULTON","7 OLD FULTON STREET","BROOKLYN","Brooklyn","11201","Sidewalk","Issued","08/07/2026 11:03:58 AM","08/07/2030 11:59:59 PM","40.70277252362","-73.99409598017","33","302","3000077","3000350011","21","BK0202","POINT (-73.994095980165 40.702772523621)"
"NYCBCH III INC","NEW YORK CITY BAGEL & COFFEE HOUSE","33-10 30 AVENUE","ASTORIA","Queens","11103","Sidewalk","Issued","07/31/2026 01:31:17 PM","07/31/2030 11:59:59 PM","40.76605525318","-73.91960779258","22","401","4009032","4006250045","63","QN0103","POINT (-73.919607792578 40.76605525318)"
"GYRO KING FOODS CORP","GYRO KING","2450 WALTON AVENUE","BRONX","Bronx","10468","Sidewalk","Issued","08/14/2026 12:37:07 PM","08/14/2030 11:59:59 PM","40.86198566232","-73.90056539648","14","205","2014027","2031840039","239","BX0503","POINT (-73.900565396482 40.861985662316)"
"TWO HANDS WILLIAMSBURG LLC","TWO HANDS","262 KENT AVE","BROOKLYN","Brooklyn","11249","Sidewalk","Issued","07/24/2026 03:34:23 PM","07/24/2030 11:59:59 PM","40.71632679288","-73.96598272806","33","301",,,"555","BK0102","POINT (-73.965982728057 40.716326792879)"
"418 RESTAURANT  LLC","SANTA FE","73 WEST   71 STREET","NEW YORK","Manhattan","10023","Sidewalk","Issued","11/22/2024 09:41:01 AM","11/22/2028 11:59:59 PM","40.77644836058","-73.97862154673","6","107","1079299","1011240003","157","MN0701","POINT (-73.978621546726 40.776448360581)"
"415 THIRD AVENUE RESTAURANT GROUP LLC","FUMO","415 3 AVENUE","NEW YORK","Manhattan","10016","Sidewalk","Issued","02/06/2026 11:15:47 AM","02/06/2030 11:59:59 PM","40.74266892254","-73.98033577072","2","106","1019914","1009100001","7002","MN0603","POINT (-73.980335770722 40.742668922543)"
"301 TAVERN CORP.","COMMON MOLLIES","301 AINSLIE STREET","BROOKLYN","Brooklyn","11211","Sidewalk","Issued","07/02/2026 04:04:08 PM","07/02/2030 11:59:59 PM","40.7133279275","-73.94162495486","34","301","3069116","3027720018","495","BK0104","POINT (-73.941624954862 40.713327927504)"
"18 BEDFORD AVE., LLC.","FIVE LEAVES","18 BEDFORD AVENUE","BROOKLYN","Brooklyn","11222","Sidewalk","Issued","03/27/2026 08:38:40 AM","03/27/2030 11:59:59 PM","40.72357602773","-73.9515552685","33","301","3322677","3026450036","569","BK0101","POINT (-73.951555268496 40.723576027725)"
"LPB 7 LLC","LA PECORA BIANCA","1562 2 AVENUE","NEW YORK","Manhattan","10028","Roadway","Issued","05/16/2025 03:52:47 PM","05/16/2029 11:59:59 PM","40.77473939141","-73.95401277584","5","108","1049869","1015447504","138","MN0803","POINT (-73.954012775837 40.774739391413)"
"GROTTA AZZURRA INN INC.","GROTTA AZZURRA","177 MULBERRY STREET","NEW YORK","Manhattan","10013","Roadway","Issued","02/13/2026 03:45:07 PM","02/13/2030 11:59:59 PM","40.72032268902","-73.99691553369","1","102","1006963","1004710014","41","MN0201","POINT (-73.996915533689 40.720322689023)"
"CASA ADELA RESTAURANT CORP","CASA ADELA","66 AVENUE C","NEW YORK","Manhattan","10009","Sidewalk","Issued","08/14/2026 12:00:02 PM","08/14/2030 11:59:59 PM","40.72276105049","-73.97980412077","2","103","1004413","1003740006","2601","MN0303","POINT (-73.979804120768 40.722761050489)"
"JAY'S NICKELS AND DIMES INC","WESTVILLE","333 HUDSON STREET","NEW YORK","Manhattan","10013","Roadway","Issued","10/31/2025 11:49:02 AM","10/31/2029 11:59:59 PM","40.72702246891","-74.00737821078","3","102","1010374","1005970055","37","MN0201","POINT (-74.007378210775 40.727022468914)"
"CPW REST CORP.","LILLY'S","50 WEST   72 STREET","NEW YORK","Manhattan","10023","Roadway","Issued","06/12/2026 03:41:46 PM","06/12/2030 11:59:59 PM","40.77704384729","-73.97796060626","6","107","1028625","1011240059","157","MN0701","POINT (-73.977960606262 40.777043847286)"
"TUN LLC","TUOME","536 EAST    5 STREET","NEW YORK","Manhattan","10009","Roadway","Issued","10/03/2025 01:49:38 PM","10/03/2029 11:59:59 PM","40.72444966785","-73.98346190337","2","103","1005024","1004000024","32","MN0303","POINT (-73.983461903371 40.72444966785)"
"R & G GROUP INC","MAZZAT","208 COLUMBIA STREET","BROOKLYN","Brooklyn","11231","Sidewalk","Issued","07/31/2026 01:27:18 PM","07/31/2030 11:59:59 PM","40.68490417152","-74.00276913106","39","306","3004246","3003350030","51","BK0601","POINT (-74.002769131055 40.684904171515)"
"LAPIZZA SHOP, INC.","96 TEARS","110 AVENUE A","NEW YORK","Manhattan","10009","Roadway","Issued","01/02/2026 01:26:38 PM","01/02/2030 11:59:59 PM","40.72587422852","-73.98364915745","2","103","1005082","1004027501","32","MN0303","POINT (-73.983649157445 40.725874228518)"
"LUPE'S EAST L.A. KITCHEN INC.","LUPE'S EAST L.A. KITCHEN","110 AVENUE OF THE AMERICAS","NEW YORK","Manhattan","10013","Sidewalk","Issued","09/02/2026 02:52:13 PM","09/02/2030 11:59:59 PM","40.72367948364","-74.00471893092","1","102","1007099","1004760015","47","MN0201","POINT (-74.004718930915 40.723679483636)"
"BRIDGE 72 LLC","HENRY'S END","72 HENRY STREET","BROOKLYN","Brooklyn","11201","Sidewalk","Issued","01/03/2025 10:27:11 AM","01/03/2029 11:59:59 PM","40.69864703542","-73.99244822873","33","302","3001696","3002260021","1","BK0201","POINT (-73.992448228732 40.698647035422)"
"1629 2ND RESTAURANT, LLC","ETHYL'S ALCOHOL & FOOD","1629 2 AVENUE","NEW YORK","Manhattan","10028","Sidewalk","Issued","09/25/2026 09:18:40 AM","09/25/2030 11:59:59 PM","40.77690162667","-73.95246231208","5","108","1048741","1015300026","14601","MN0803","POINT (-73.952462312075 40.776901626669)"
"POPPY'S MARKET LLC","POPPY'S","48 HENRY STREET","BROOKLYN","Brooklyn","11201","Roadway","Issued","06/18/2025 03:37:15 PM","06/18/2029 11:59:59 PM","40.69954729124","-73.99201535423","33","302","3001605","3002160032","1","BK0201","POINT (-73.992015354234 40.699547291236)"
"RHLP 284 LLC","RED HOOK LOBSTER POUND","284 VAN BRUNT STREET","BROOKLYN","Brooklyn","11231","Sidewalk","Issued","08/07/2026 01:55:48 PM","08/07/2030 11:59:59 PM","40.67974632809","-74.01009861184","38","306","3008365","3005290028","59","BK0601","POINT (-74.010098611838 40.67974632809)"
"SICILIAN SAGE LLC","NORMA","801 9 AVENUE","NEW YORK","Manhattan","10019","Sidewalk","Issued","03/13/2026 03:11:42 PM","03/13/2030 11:59:59 PM","40.76550907203","-73.98748045078","3","104","1026764","1010630029","133","MN0402","POINT (-73.987480450776 40.765509072025)"
"MISSION CEVICHE UES INC","MISSION CEVICHE","1400 2 AVENUE","NEW YORK","Manhattan","10021","Sidewalk","Issued","03/27/2026 09:55:46 AM","03/27/2030 11:59:59 PM","40.76925141404","-73.95801670826","5","108","1085187","1014477501","12601","MN0801","POINT (-73.958016708262 40.769251414038)"
"23RD STREET LITTLE ITALY PIZZA CORP.","LITTLE ITALY PIZZA","359 EAST   68 STREET","NEW YORK","Manhattan","10065","Sidewalk","Issued","02/20/2026 03:06:01 PM","02/20/2030 11:59:59 PM","40.76567805752","-73.95889259662","5","108","1044795","1014437501","118","MN0801","POINT (-73.958892596624 40.765678057521)"
"MFRF ENTERPRISES INC","STREET TACO","358 3 AVENUE","NEW YORK","Manhattan","10016","Sidewalk","Issued","07/20/2026 04:38:00 PM","07/20/2030 11:59:59 PM","40.74082192349","-73.98170400663","2","106","1018141","1008820043","68","MN0602","POINT (-73.981704006628 40.740821923492)"
"SILENTH LLC","CAFE COLETTE","79 BERRY STREET","BROOKLYN","Brooklyn","11249","Roadway","Issued","01/02/2026 01:51:57 PM","01/02/2030 11:59:59 PM","40.71985928713","-73.95766915032","33","301","3061662","3023040001","517","BK0102","POINT (-73.957669150317 40.719859287133)"
"CHURCH OF PARK SLOPE","POSTMARK CAFE","326 6 STREET","BROOKLYN","Brooklyn","11215","Roadway","Issued","05/08/2026 02:26:57 PM","05/08/2030 11:59:59 PM","40.67130017573","-73.98546864351","39","306","3021599","3009930031","137","BK0602","POINT (-73.98546864351 40.671300175725)"
"TAQUERIA RAMIREZ LLC","TAQUERIA RAMIREZ","94 FRANKLIN STREET","BROOKLYN","Brooklyn","11222","Sidewalk","Issued","07/20/2026 04:29:28 PM","07/20/2030 11:59:59 PM","40.72785463782","-73.95724913506","33","301","3064942","3025690001","561","BK0101","POINT (-73.957249135064 40.727854637821)"
"FLORA TASTE EXPERIENCE LLC","FLORA","1021 8 AVENUE","BROOKLYN","Brooklyn","11215","Sidewalk","Issued","09/11/2026 10:22:46 AM","09/11/2030 11:59:59 PM","40.66496712546","-73.9798577323","39","306","3026184","3010950001","167","BK0602","POINT (-73.979857732295 40.664967125464)"
"OLD HEIDELBERG CORP","HEIDELBERG","1648 2 AVENUE","NEW YORK","Manhattan","10028","Sidewalk","Issued","12/19/2025 10:52:19 AM","12/19/2029 11:59:59 PM","40.77749704591","-73.95199971924","5","108","1050020","1015480052","14601","MN0803","POINT (-73.95199971924 40.777497045911)"
"TAVA CAFE LLC","BALZEM","202 MOTT STREET","NEW YORK","Manhattan","10012","Roadway","Issued","10/17/2025 03:44:31 PM","10/17/2029 11:59:59 PM","40.72137389001","-73.99554819685","1","102","1007161","1004790014","41","MN0201","POINT (-73.995548196848 40.721373890009)"
"ZIA MARIA LITTLE ITALY INC","ZIA MARIA LITTLE ITALY","138 MULBERRY STREET","NEW YORK","Manhattan","10013","Sidewalk","Issued","05/01/2026 12:30:51 PM","05/01/2030 11:59:59 PM","40.71858801336","-73.99765514536","1","102","1066508","1002377501","41","MN0201","POINT (-73.997655145358 40.718588013358)"
"YUPJIB LLC","NOWON","436 JEFFERSON STREET","BROOKLYN","Brooklyn","11237","Sidewalk","Issued","04/17/2026 03:18:44 PM","04/17/2030 11:59:59 PM","40.70751179575","-73.92307633854","34","304","3072416","3031770014","447","BK0401","POINT (-73.923076338543 40.707511795751)"
"FELLINI CHELSEA CORP.","FELLINI COFFEE CHELSEA","231 8 AVENUE","NEW YORK","Manhattan","10011","Roadway","Issued","05/08/2026 01:37:52 PM","05/08/2030 11:59:59 PM","40.74443548654","-73.99911582596","3","104","1013310","1007450040","89","MN0401","POINT (-73.999115825955 40.744435486542)"
"Sivan design LLC","SILVANA","300 WEST  116 STREET","NEW YORK","Manhattan","10026","Sidewalk","Issued","04/24/2026 10:03:37 PM","04/24/2030 11:59:59 PM","40.80449860643","-73.95559231565","9","110","1055855","1018480053","20102","MN1001","POINT (-73.955592315647 40.804498606427)"
"BERTAUD LLC","LE PADDOCK","1235 PROSPECT AVENUE","BROOKLYN","Brooklyn","11218","Sidewalk","Issued","03/20/2026 12:50:09 PM","03/20/2030 11:59:59 PM","40.65293604008","-73.97611331734","39","307","3122532","3052750053","50202","BK0701","POINT (-73.976113317338 40.652936040084)"
"TS3 HOSPITALITY LLC","THE SMITH","1900 BROADWAY","NEW YORK","Manhattan","10023","Sidewalk","Issued","07/20/2026 03:58:42 PM","07/20/2030 11:59:59 PM","40.77150565969","-73.98215044794","6","107","1027472","1011167501","149","MN0701","POINT (-73.982150447938 40.771505659686)"
"SHIRA LLC","PATISSERIE VANESSA","1340 LEXINGTON AVENUE","NEW YORK","Manhattan","10128","Sidewalk","Issued","08/14/2026 01:32:10 PM","08/14/2030 11:59:59 PM","40.78152172227","-73.95412001121","4","108","1048112","1015180016","14802","MN0802","POINT (-73.954120011209 40.781521722267)"
"HEARTH RESTAURANT INVESTORS, LLC","HEARTH","403 EAST   12 STREET","NEW YORK","Manhattan","10009","Sidewalk","Issued","03/13/2026 02:48:08 PM","03/13/2030 11:59:59 PM","40.72991447392","-73.98330178618","2","103","1083482","1004400001","34","MN0303","POINT (-73.983301786178 40.729914473918)"
"LPB 7 LLC","LA PECORA BIANCA","1562 2 AVENUE","NEW YORK","Manhattan","10028","Sidewalk","Issued","03/27/2026 09:19:10 AM","03/27/2030 11:59:59 PM","40.77473939141","-73.95401277584","5","108","1049869","1015447504","138","MN0803","POINT (-73.954012775837 40.774739391413)"
"3101 JSC INC","ROSA'S PIZZA","31-01 21 STREET","ASTORIA","Queens","11106","Sidewalk","Issued","08/07/2026 01:57:38 PM","08/07/2030 11:59:59 PM","40.76721481619","-73.92992770372","22","401","4006367","4005520018","77","QN0102","POINT (-73.929927703716 40.767214816187)"
"TIMES SQUARE BARBECUE, INC","VIRGIL'S BBQ","152 WEST   44 STREET","NEW YORK","Manhattan","10036","Roadway","Issued","02/27/2026 02:29:19 PM","02/27/2030 11:59:59 PM","40.75670902107","-73.98455838274","4","105","1022621","1009960054","119","MN0502","POINT (-73.984558382743 40.756709021073)"
"3RD AVENUE HOSPITALITY, LLC","THE SMITH","55 3 AVENUE","NEW YORK","Manhattan","10003","Roadway","Issued","10/10/2025 01:39:10 PM","10/10/2029 11:59:59 PM","40.73098834968","-73.98884001497","2","103","1006807","1004667502","4002","MN0303","POINT (-73.988840014972 40.730988349684)"
"SERAFINA TRIBECA RESTAURANT LLC","SERAFINA TRIBECA","113 READE STREET","NEW YORK","Manhattan","10013","Roadway","Issued","08/14/2026 02:02:05 PM","08/14/2030 11:59:59 PM","40.71583746714","-74.00846637826","1","101","1001585","1001450015","21","MN0102","POINT (-74.008466378256 40.715837467138)"
"LA BERGAMOTE INC.","LA BERGAMOTE","177 9 AVENUE","NEW YORK","Manhattan","10011","Sidewalk","Issued","03/20/2026 12:46:32 PM","03/20/2030 11:59:59 PM","40.74491030685","-74.00248653174","3","104","1088184","1007187501","89","MN0401","POINT (-74.002486531737 40.744910306852)"
"PARM UPPER WEST LLC","PARM","235 COLUMBUS AVENUE","NEW YORK","Manhattan","10023","Roadway","Issued","06/26/2026 02:20:21 PM","06/26/2030 11:59:59 PM","40.77652810365","-73.97941585737","6","107","1028585","1011230061","157","MN0701","POINT (-73.979415857365 40.776528103646)"
"MSB RESTAURANTS LLC","THE COPPER STILL","151 2 AVENUE","NEW YORK","Manhattan","10003","Sidewalk","Issued","04/24/2026 10:14:02 PM","04/24/2030 11:59:59 PM","40.72940992601","-73.98709037278","2","103","1006798","1004650050","4002","MN0303","POINT (-73.987090372775 40.72940992601)"
"BLK IRIS EXPRESS INC.","BLACK IRIS","277 CUMBERLAND STREET","BROOKLYN","Brooklyn","11238","Sidewalk","Issued","08/14/2026 11:27:38 AM","08/14/2030 11:59:59 PM","40.68736026346","-73.9726646366","35","302","3059394","3021190023","181","BK0203","POINT (-73.972664636597 40.687360263457)"
"FINNEGAN'S WAKE PUB LLC","FINNEGAN'S WAKE","1361 1 AVENUE","NEW YORK","Manhattan","10021","Sidewalk","Issued","05/22/2026 09:37:10 AM","05/22/2030 11:59:59 PM","40.768577977","-73.95543946064","5","108","1044905","1014480023","12601","MN0801","POINT (-73.955439460636 40.768577977001)"
"SMS 21 LLC","21 GREENPOINT","21 GREENPOINT AVENUE","BROOKLYN","Brooklyn","11222","Roadway","Issued","04/22/2025 04:22:03 PM","04/22/2029 11:59:59 PM","40.72966711924","-73.9598385629","33","301","3064663","3025560049","565","BK0101","POINT (-73.959838562901 40.729667119238)"
"JUICERIE IV LLC","THE BUTCHER'S DAUGHTER","271 METROPOLITAN AVENUE","BROOKLYN","Brooklyn","11211","Sidewalk","Issued","05/29/2026 11:56:02 AM","05/29/2030 11:59:59 PM","40.71470485887","-73.9583433865","34","301","3062373","3023537501","519","BK0102","POINT (-73.958343386497 40.714704858874)"
"COFFEEGENYC INC","UBANI","37A BEDFORD STREET","NEW YORK","Manhattan","10014","Roadway","Issued","07/24/2026 03:37:00 PM","07/24/2030 11:59:59 PM","40.72976740506","-74.00391837077","3","102","1008408","1005280076","67","MN0203","POINT (-74.003918370771 40.729767405059)"
"CAFFE VETRO, INC","EPISTROPHY","200 MOTT STREET","NEW YORK","Manhattan","10012","Roadway","Issued","01/02/2026 01:41:01 PM","01/02/2030 11:59:59 PM","40.72131076134","-73.9955734544","1","102","1007160","1004790011","41","MN0201","POINT (-73.995573454398 40.721310761339)"
"BURGOS RESTAURANT CORP","BURGOS RESTAURANT","206 DYCKMAN STREET","NEW YORK","Manhattan","10040","Sidewalk","Issued","07/31/2026 12:24:54 PM","07/31/2030 11:59:59 PM","40.8651344999","-73.92702576953","10","112","1064228","1021750053","287","MN1202","POINT (-73.927025769528 40.865134499902)"
"F & M INDUSTRIE CORP","L'INDUSTRIE PIZZERIA","254 SOUTH    2 STREET","BROOKLYN","Brooklyn","11211","Roadway","Issued","05/09/2025 09:22:54 AM","05/09/2029 11:59:59 PM","40.71172112803","-73.95788715718","34","301","3063152","3024200022","523","BK0102","POINT (-73.957887157177 40.711721128031)"
"NOWON INC","NOWON","507 EAST    6 STREET","NEW YORK","Manhattan","10009","Sidewalk","Issued","05/22/2026 10:40:52 AM","05/22/2030 11:59:59 PM","40.7252840831","-73.98350498949","2","103","1005116","1004020062","32","MN0303","POINT (-73.983504989493 40.725284083095)"
"VIRGILIA CAFE, INC.","ANTONUCCI","168 EAST   81 STREET","NEW YORK","Manhattan","10028","Sidewalk","Issued","03/06/2026 09:48:39 AM","03/06/2030 11:59:59 PM","40.77590435981","-73.95709179819","4","108","1047527","1015090041","14","MN0802","POINT (-73.957091798192 40.775904359811)"
"TWO HANDS TRIBECA LLC","TWO HANDS TRIBECA","251 CHURCH STREET","NEW YORK","Manhattan","10013","Sidewalk","Issued","07/20/2026 03:08:47 PM","07/20/2030 11:59:59 PM","40.71786053611","-74.00562037462","1","101","1001891","1001740011","33","MN0102","POINT (-74.005620374623 40.71786053611)"
"BAR GIACOSA CORP","IL PITTINO","268 6 AVENUE","NEW YORK","Manhattan","10014","Sidewalk","Issued","06/19/2026 10:51:20 AM","06/19/2030 11:59:59 PM","40.72932279577","-74.00235605799","2","102","1008297","1005260016","65","MN0202","POINT (-74.002356057989 40.729322795774)"
"MORALES 29TH STREET CORP","IL DIVINO","739 9 AVENUE","NEW YORK","Manhattan","10019","Sidewalk","Issued","09/02/2026 02:50:11 PM","09/02/2030 11:59:59 PM","40.76338753271","-73.98902589025","3","104","1082400","1010590036","127","MN0402","POINT (-73.989025890247 40.763387532713)"
"WHITE HORSE HOSPITALITY, LLC","MADE IN NEW YORK PIZZA","561 HUDSON STREET","NEW YORK","Manhattan","10014","Sidewalk","Issued","08/28/2026 08:54:25 AM","08/28/2030 11:59:59 PM","40.73554778902","-74.00601518685","3","102","1011882","1006330053","75","MN0203","POINT (-74.006015186846 40.735547789024)"
"EAST 26 STREET & PARK AVENUE REALTY LLC","HOTEL GIRAFFE - THE GRAND LOBBY","365 PARK AVENUE SOUTH","NEW YORK","Manhattan","10016","Sidewalk","Issued","07/21/2026 11:28:58 AM","07/21/2030 11:59:59 PM","40.74221123501","-73.98487210857","2","105","1018122","1008820001","68","MN0602","POINT (-73.984872108572 40.742211235007)"
"FORAGERS 350 HUDSON LLC","PORT SA'ID","350 HUDSON STREET","NEW YORK","Manhattan","10014","Sidewalk","Issued","05/22/2026 11:51:57 AM","05/22/2030 11:59:59 PM","40.72754123637","-74.00727363773","3","102","1009750","1005800039","37","MN0201","POINT (-74.007273637731 40.727541236371)"
"CGP ENTERPRISES, INC.","VILLAGE TAVERNA","81 UNIVERSITY PLACE","NEW YORK","Manhattan","10003","Roadway","Issued","05/01/2026 12:27:22 PM","05/01/2030 11:59:59 PM","40.73342878673","-73.9931947929","2","102","1009127","1005630001","61","MN0202","POINT (-73.993194792899 40.733428786732)"
"bande a part llc","CAFE PAULETTE","1 SOUTH ELLIOTT PLACE","BROOKLYN","Brooklyn","11217","Roadway","Issued","04/04/2025 04:17:12 PM","04/04/2029 11:59:59 PM","40.68933450633","-73.97601729256","35","302","3058809","3020990041","33","BK0203","POINT (-73.976017292561 40.689334506332)"
"FT 328 LLC","BAR VELOCE","245 BOWERY","NEW YORK","Manhattan","10002","Sidewalk","Issued","06/05/2026 04:14:57 PM","06/05/2030 11:59:59 PM","40.72274066323","-73.99310569613","1","103","1005712","1004260017","3601","MN0302","POINT (-73.993105696132 40.722740663228)"
"SWEETGREEN NEW YORK, LLC","SWEETGREEN","162 NORTH    4 STREET","BROOKLYN","Brooklyn","11211","Roadway","Issued","02/20/2026 03:08:29 PM","02/20/2030 11:59:59 PM","40.71586340313","-73.95904247991","34","301","3062371","3023527501","553","BK0102","POINT (-73.959042479911 40.715863403134)"
"TZELLA LLC","ELENI'S","226 3 AVENUE","NEW YORK","Manhattan","10003","Sidewalk","Issued","05/01/2026 11:43:34 AM","05/01/2030 11:59:59 PM","40.73650761354","-73.98484814942","2","106","1017927","1008750040","5","MN0602","POINT (-73.984848149419 40.736507613542)"
"BUSHWICK ICE HOUSE LLC","BUSHWICK ICE HOUSE","35 INGRAHAM STREET","BROOKLYN","Brooklyn","11206","Roadway","Issued","04/03/2026 10:01:36 AM","04/03/2030 11:59:59 PM","40.70701532968","-73.93231764088","34","301","3071324","3030750026","453","BK0104","POINT (-73.932317640875 40.70701532968)"
"1701 FOSTER CORP","RUSTY NAIL","1701 FOSTER AVENUE","BROOKLYN","Brooklyn","11230","Roadway","Issued","04/17/2026 03:30:37 PM","04/17/2030 11:59:59 PM","40.63497559317","-73.96117841379","45","314","3120553","3052170037","518","BK1402","POINT (-73.961178413794 40.634975593171)"
"FOOTPRINTS CAFE INC","FOOTPRINTS CAFE","5814 CLARENDON ROAD","BROOKLYN","Brooklyn","11203","Sidewalk","Issued","08/21/2026 09:58:04 AM","08/21/2030 11:59:59 PM","40.64494876831","-73.92112359229","45","317","3221966","3079160047","946","BK1703","POINT (-73.921123592286 40.644948768309)"
"161 MULBERRY RESTAURANT LLC","GELSO & GRAND","161 MULBERRY STREET","NEW YORK","Manhattan","10013","Roadway","Issued","05/08/2026 01:40:35 PM","05/08/2030 11:59:59 PM","40.7196639515","-73.99717530625","1","102","1006970","1004710022","41","MN0201","POINT (-73.997175306248 40.7196639515)"
"51 KENT CAFE INC","THE KENT ALE HOUSE","51 KENT AVENUE","BROOKLYN","Brooklyn","11249","Roadway","Issued","07/03/2025 01:26:42 PM","07/03/2029 11:59:59 PM","40.72244000312","-73.95942444419","33","301","3061595","3022950107","557","BK0102","POINT (-73.959424444186 40.722440003121)"
"JV US HF VANDERBILT 2 LLC","VANDERBILT BAR & GRILL","230 PARK AVENUE","NEW YORK","Manhattan","10169","Roadway","Issued","05/09/2025 09:36:19 AM","05/09/2029 11:59:59 PM","40.75450075314","-73.97595042717","4","105","1036185","1013000001","92","MN0604","POINT (-73.975950427165 40.75450075314)"
"F&R NYC CORP","CHATEAU 49","924 2 AVENUE","NEW YORK","Manhattan","10022","Sidewalk","Issued","06/27/2025 07:56:16 PM","06/27/2029 11:59:59 PM","40.75426851213","-73.96894825863","4","106","1039464","1013420001","98","MN0604","POINT (-73.968948258633 40.754268512125)"
"PK UWS LLC","PIG & KHAO","433 AMSTERDAM AVENUE","NEW YORK","Manhattan","10024","Sidewalk","Issued","08/07/2026 01:50:47 PM","08/07/2030 11:59:59 PM","40.78422678171","-73.97752128379","6","107","1031999","1012110063","165","MN0702","POINT (-73.977521283789 40.784226781713)"
"E.A.T. IS OWNED BY ELI ZABAR INC.","E.A.T. CAFE","1064 MADISON AVENUE","NEW YORK","Manhattan","10028","Roadway","Issued","06/05/2026 05:20:22 PM","06/05/2030 11:59:59 PM","40.77745390003","-73.9613080589","4","108","1046617","1014920017","142","MN0802","POINT (-73.9613080589 40.777453900034)"
"NUTOPIAN EMBASSY LLC","ONE WHITE STREET","1 WHITE STREET","NEW YORK","Manhattan","10013","Roadway","Issued","03/13/2026 03:13:00 PM","03/13/2030 11:59:59 PM","40.7193646497","-74.0059992906","1","101","1001987","1001780021","33","MN0102","POINT (-74.005999290596 40.7193646497)"
"CAFE LOUNGE CORPORATION","CAFE LOUNGE","210 KINGS HIGHWAY","BROOKLYN","Brooklyn","11223","Roadway","Issued","03/27/2026 08:20:14 AM","03/27/2030 11:59:59 PM","40.60543887308","-73.98352751104","43","311","3176520","3066460010","428","BK1103","POINT (-73.983527511041 40.605438873083)"
"BLUE BOTTLE COFFEE, INC","BLUE BOTTLE COFFEE","20 BROAD ST","NEW YORK","Manhattan","10005","Sidewalk","Issued","08/07/2026 11:57:19 AM","08/07/2030 11:59:59 PM","40.7065462045","-74.0110332456","1","101","1000816","1000230050","7","MN0101","POINT (-74.011033245601 40.706546204504)"
"190 SEVENTH AVENUE LLC","MERCHANTS NY","190 7 AVENUE","NEW YORK","Manhattan","10011","Roadway","Issued","04/17/2026 03:05:43 PM","04/17/2030 11:59:59 PM","40.7429807114","-73.99646338134","3","104","1014075","1007710038","87","MN0401","POINT (-73.996463381342 40.742980711395)"
"1568 GYRO LLC","YASOUVLAKI","1568 3 AVENUE","NEW YORK","Manhattan","10128","Roadway","Issued","01/02/2026 03:05:00 PM","01/02/2030 11:59:59 PM","40.78021750149","-73.95297628307","5","108","1048084","1015170033","14802","MN0802","POINT (-73.952976283073 40.780217501487)"
"GFLC MARKET LLC","GREENPOINT FISH & LOBSTER CO.","114 NASSAU AVENUE","BROOKLYN","Brooklyn","11222","Roadway","Issued","05/16/2025 04:00:44 PM","05/16/2029 11:59:59 PM","40.72428041501","-73.94920248285","33","301","3066776","3026810009","571","BK0101","POINT (-73.949202482845 40.724280415005)"
"SIMIA DEI LLC","HART'S","506 FRANKLIN AVENUE","BROOKLYN","Brooklyn","11238","Sidewalk","Issued","04/17/2026 02:31:23 PM","04/17/2030 11:59:59 PM","40.68139332425","-73.9557322973","36","303","3057388","3019970042","227","BK0301","POINT (-73.955732297296 40.681393324245)"
"LOKI HOSPITALITY LLC","SONG E' NAPULE UWS","464 AMSTERDAM AVENUE","NEW YORK","Manhattan","10024","Sidewalk","Issued","05/22/2026 12:05:47 PM","05/22/2030 11:59:59 PM","40.78532452865","-73.97674813665","6","107","1032761","1012300031","171","MN0702","POINT (-73.976748136648 40.785324528648)"
"329 HOSPITALITY GROUP LLC","ASSET","329 COLUMBUS AVENUE","NEW YORK","Manhattan","10023","Sidewalk","Issued","07/20/2026 02:29:10 PM","07/20/2030 11:59:59 PM","40.7796704135","-73.97712564089","6","107","1028743","1011280001","161","MN0702","POINT (-73.977125640885 40.7796704135)"
"SWEET RANGER INC","BAR BELLY","14B ORCHARD STREET","NEW YORK","Manhattan","10002","Roadway","Issued","06/27/2025 07:41:06 PM","06/27/2029 11:59:59 PM","40.71521441787","-73.99171406546","1","103",,,"16","MN0301","POINT (-73.991714065461 40.715214417866)"
"CENTER FOR GOODS LLC","LA MERCERIE","53 HOWARD STREET","NEW YORK","Manhattan","10013","Roadway","Issued","04/17/2026 02:46:53 PM","04/17/2030 11:59:59 PM","40.72018547558","-74.00194807996","1","102","1003009","1002310005","47","MN0201","POINT (-74.001948079959 40.72018547558)"
"LPNI LLC","MAMA MEZZE","1123 BROADWAY","NEW YORK","Manhattan","10010","Sidewalk","Issued","04/11/2025 02:09:46 PM","04/11/2029 11:59:59 PM","40.74324649227","-73.98912304965","3","105","1015618","1008270028","58","MN0501","POINT (-73.989123049646 40.743246492273)"
"CL GLOBALWINE INC","STAFILI WINE CAFE","796 GREENWICH STREET","NEW YORK","Manhattan","10014","Sidewalk","Issued","06/05/2026 06:00:30 PM","06/05/2030 11:59:59 PM","40.73738400955","-74.00650249944","3","102","1012064","1006400056","79","MN0203","POINT (-74.00650249944 40.737384009551)"
"MIMI'S BROOKLYN LLC","MIMI'S","1035 CORTELYOU ROAD","BROOKLYN","Brooklyn","11218","Sidewalk","Issued","08/07/2026 01:34:11 PM","08/07/2030 11:59:59 PM","40.63941065045","-73.96845062787","39","314","3118198","3051417502","1522","BK1402","POINT (-73.968450627873 40.63941065045)"
"BANDE A PART LLC","PETIT PAULETTE","136 DEKALB AVENUE","BROOKLYN","Brooklyn","11217","Roadway","Issued","09/05/2025 01:19:25 PM","09/05/2029 11:59:59 PM","40.689716017","-73.9759558545","35","302","3058809","3020990041","33","BK0203","POINT (-73.975955854498 40.689716017003)"
"DAO THONG CORP.","BORAN THAI CUISINE","462 COURT STREET","BROOKLYN","Brooklyn","11231","Roadway","Issued","10/17/2025 03:46:29 PM","10/17/2029 11:59:59 PM","40.67819046632","-73.99791615104","39","306","3005418","3003710040","65","BK0601","POINT (-73.997916151043 40.678190466321)"
"LOLEDO LLC","IL GIGANTE","880 WOODWARD AVENUE","RIDGEWOOD","Queens","11385","Sidewalk","Issued","07/21/2026 01:01:34 PM","07/21/2030 11:59:59 PM","40.7025439205","-73.90173102715","30","405","4083114","4034730048","551","QN0502","POINT (-73.901731027152 40.702543920498)"
"NUSBAUM WU & PARTNERS LLC","WU & NUSSBAUM","2897 BROADWAY","NEW YORK","Manhattan","10025","Sidewalk","Issued","09/18/2026 10:08:31 AM","09/18/2030 11:59:59 PM","40.80598688351","-73.96538405857","7","109","1057337","1018950023","199","MN0901","POINT (-73.965384058565 40.80598688351)"
"127 EAST RESTAURANT CORP","SNAFU","127 EAST   47 STREET","NEW YORK","Manhattan","10017","Sidewalk","Issued","07/20/2026 04:41:35 PM","07/20/2030 11:59:59 PM","40.75448097746","-73.97340218372","4","106","1036220","1013020123","92","MN0604","POINT (-73.973402183715 40.754480977458)"
"513 COLUMBUS LLC","COTTA","513 COLUMBUS AVENUE","NEW YORK","Manhattan","10024","Sidewalk","Issued","07/21/2026 10:23:59 AM","07/21/2030 11:59:59 PM","40.7856008822","-73.97280470364","6","107","1031339","1011987502","169","MN0702","POINT (-73.972804703637 40.785600882202)"
"TALEA BEER INC.","TALEA BEER CO.","61 BERGEN STREET","BROOKLYN","Brooklyn","11201","Roadway","Issued","03/07/2025 08:49:34 AM","03/07/2029 11:59:59 PM","40.68696243573","-73.9910433142","33","302","3001232","3001930034","43","BK0202","POINT (-73.991043314202 40.686962435726)"
"70 7TH AVENUE SOUTH THEROS LLC","KOUKLA ESPRESSO BAR","30-09 35 AVENUE","ASTORIA","Queens","11106","Roadway","Issued","09/18/2026 09:33:39 AM","09/18/2030 11:59:59 PM","40.75842560803","-73.9291284272","22","401","4008147","4006070105","57","QN0103","POINT (-73.929128427202 40.758425608031)"
"ELIS MANHATTAN, INC","ELI'S TABLE","1411 3 AVENUE","NEW YORK","Manhattan","10028","Roadway","Issued","04/03/2026 10:17:23 AM","04/03/2030 11:59:59 PM","40.77500120964","-73.95675660244","5","108","1048523","1015267501","138","MN0803","POINT (-73.95675660244 40.775001209636)"
"101 WILSON BAR LLC","101 WILSON BAR","101 WILSON AVENUE","BROOKLYN","Brooklyn","11237","Roadway","Issued","10/17/2025 03:42:58 PM","10/17/2029 11:59:59 PM","40.70149789697","-73.92711902463","34","304","3072501","3031860004","427","BK0401","POINT (-73.927119024631 40.701497896968)"
"SAVVY BISTRO AND BAR INC.","SAVVY BISTRO AND BAR","710 NOSTRAND AVENUE","BROOKLYN","Brooklyn","11216","Roadway","Issued","07/20/2026 04:49:54 PM","07/20/2030 11:59:59 PM","40.67443848431","-73.9500805735","36","308","3030975","3012260049","31701","BK0802","POINT (-73.950080573499 40.674438484311)"
"THE ELK MOTT LLC","THE ELK ON MOTT","228 MOTT STREET","NEW YORK","Manhattan","10012","Roadway","Issued","06/12/2026 03:46:58 PM","06/12/2030 11:59:59 PM","40.72244433219","-73.99512963439","1","102","1007475","1004930009","43","MN0201","POINT (-73.995129634394 40.722444332192)"
"TIMONI INC","TRE GIOVANI","548 LAGUARDIA PLACE","NEW YORK","Manhattan","10012","Sidewalk","Issued","02/27/2026 02:27:22 PM","02/27/2030 11:59:59 PM","40.72880404705","-73.99832587693","2","102","1008640","1005370021","65","MN0202","POINT (-73.998325876931 40.728804047051)"
"437 EAST 12TH LLC","SMØR BAKERY","437 EAST   12 STREET","NEW YORK","Manhattan","10009","Sidewalk","Issued","07/31/2026 02:21:27 PM","07/31/2030 11:59:59 PM","40.72950535736","-73.98232410428","2","103","1006000","1004400040","34","MN0303","POINT (-73.982324104277 40.729505357362)"
"ISABELLA LIMON LLC","THE FLY","549 CLASSON AVENUE","BROOKLYN","Brooklyn","11238","Sidewalk","Issued","07/20/2026 04:07:05 PM","07/20/2030 11:59:59 PM","40.68206138996","-73.95863787344","36","303","3057307","3019940058","227","BK0301","POINT (-73.958637873443 40.682061389958)"
"27-24 TAVERN CORP","DUTCH KILLS","27-24 JACKSON AVENUE","LONG ISLAND CITY","Queens","11101","Sidewalk","Issued","02/13/2026 03:37:51 PM","02/13/2030 11:59:59 PM","40.74788927109","-73.9401725833","26","402","4003491","4002660020","1902","QN0201","POINT (-73.9401725833 40.747889271091)"
"MANHATTAN ISLAND GROUP LLC","FRESH SALT","146 BEEKMAN STREET","NEW YORK","Manhattan","10038","Sidewalk","Issued","12/19/2025 10:45:19 AM","12/19/2029 11:59:59 PM","40.70703527518","-74.00258971189","1","101","1078978","1000970015","1501","MN0101","POINT (-74.002589711888 40.707035275178)"
"LA BOULANGERIE DE FRANCOIS CORP","LA BOULANGERIE","109-01 72 ROAD","FOREST HILLS","Queens","11375","Sidewalk","Issued","03/06/2026 10:25:30 AM","03/06/2030 11:59:59 PM","40.71903570762","-73.84150470768","29","406","4078031","4032580023","737","QN0602","POINT (-73.841504707675 40.719035707616)"
"WV DRIGGS LLC","WESTVILLE","658 DRIGGS AVENUE","BROOKLYN","Brooklyn","11211","Roadway","Issued","03/27/2026 11:02:57 AM","03/27/2030 11:59:59 PM","40.71465568964","-73.95899993783","34","301","3424751","3023667501","553","BK0102","POINT (-73.958999937834 40.714655689639)"
"THE CANUCK 202 9TH AVENUE LLC","THE CANUCK","202 9 AVENUE","NEW YORK","Manhattan","10011","Sidewalk","Issued","08/28/2026 09:35:08 AM","08/28/2030 11:59:59 PM","40.74606861194","-74.00161681518","3","104","1013339","1007460003","93","MN0401","POINT (-74.001616815183 40.746068611943)"
"ANTIOCHIA GRILL, INC.","OBA GRILL","70-35 AUSTIN STREET","FOREST HILLS","Queens","11375","Sidewalk","Issued","09/18/2026 10:18:54 AM","09/18/2030 11:59:59 PM","40.72049890311","-73.84570043573","29","406","4077496","4032390032","711","QN0602","POINT (-73.845700435733 40.720498903109)"
"4 CHARLES STREET RESTAURANT LLC","4 CHARLES PRIME RIB","4 CHARLES STREET","NEW YORK","Manhattan","10014","Roadway","Issued","10/17/2025 03:43:41 PM","10/17/2029 11:59:59 PM","40.73525425533","-74.00060981529","3","102","1010849","1006110056","71","MN0203","POINT (-74.000609815285 40.735254255334)"
"CAVAN HOSPITALITY INC","JUKE BAR","400 TROUTMAN STREET","BROOKLYN","Brooklyn","11237","Sidewalk","Issued","04/17/2026 02:43:26 PM","04/17/2030 11:59:59 PM","40.70630137674","-73.92311380872","34","304","3072597","3031880034","447","BK0401","POINT (-73.923113808715 40.706301376735)"
"Aggiepolo Inc","JASPER'S TAPHOUSE & KITCHEN","761 9 AVENUE","NEW YORK","Manhattan","10019","Sidewalk","Issued","03/27/2026 09:16:01 AM","03/27/2030 11:59:59 PM","40.76424658041","-73.98840122658","3","104","1026720","1010610029","133","MN0402","POINT (-73.988401226584 40.764246580406)"
"LYNDON INC","LUCKY LYNDON","156 EAST   33 STREET","NEW YORK","Manhattan","10016","Sidewalk","Issued","07/21/2026 11:54:27 AM","07/21/2030 11:59:59 PM","40.7454876763","-73.97966367437","4","106","1018486","1008880047","72","MN0603","POINT (-73.979663674365 40.7454876763)"
"BA VICTORY CORP","BUENOS AIRES","513 EAST    6 STREET","NEW YORK","Manhattan","10009","Roadway","Issued","05/02/2025 02:29:35 PM","05/02/2029 11:59:59 PM","40.72524015278","-73.98340758899","2","103","1005113","1004020059","32","MN0303","POINT (-73.983407588992 40.725240152782)"
"NARICHE LLC","VINATERIA","2211 FREDERICK DOUGLAS BOULEVARD","NEW YORK","Manhattan","10026","Sidewalk","Issued","07/20/2026 03:01:10 PM","07/20/2030 11:59:59 PM","40.8065427457","-73.9538245541","9","110","1077815","1019460029","257","MN1001","POINT (-73.953824554099 40.806542745697)"
"TEC HUDSON LLC","TOBY'S ESTATE COFFEE","550 HUDSON STREET","NEW YORK","Manhattan","10014","Sidewalk","Issued","07/20/2026 03:42:53 PM","07/20/2030 11:59:59 PM","40.73502353582","-74.00607648149","3","102","1011229","1006210008","73","MN0203","POINT (-74.00607648149 40.73502353582)"
"76 AINSLIE OPCO LLC C/O COTTA","AINSLIE","76 AINSLIE STREET","BROOKLYN","Brooklyn","11211","Roadway","Issued","01/16/2026 12:34:01 PM","01/16/2030 11:59:59 PM","40.71255318249","-73.95189877492","34","301","3062550","3023750010","513","BK0102","POINT (-73.951898774916 40.712553182491)"
"RUBY'S WILLIAMSBURG LLC","LITTLE RUBY'S","98 BERRY STREET","BROOKLYN","Brooklyn","11249","Roadway","Issued","03/06/2026 10:42:32 AM","03/06/2030 11:59:59 PM","40.71910478458","-73.95851378572","33","301","3324819","3023180017","557","BK0102","POINT (-73.958513785716 40.719104784575)"
"KDK, LLC","VIAND CAFE","2130 BROADWAY","NEW YORK","Manhattan","10023","Sidewalk","Issued","04/03/2026 03:59:38 PM","04/03/2030 11:59:59 PM","40.78073065707","-73.98137885477","6","107","1030727","1011660035","163","MN0702","POINT (-73.981378854767 40.780730657065)"
"18 GREENWICH AVENUE, LLC","ROSEMARY'S","1820 GREENWICH AVENUE","NEW YORK","Manhattan","10011","Sidewalk","Issued","07/20/2026 04:58:31 PM","07/20/2030 11:59:59 PM","40.73655255645","-74.00107591354","3","102",,,"71","MN0203","POINT (-74.001075913541 40.736552556452)"
"COWGIRL SEAHORSE INC","COWGIRL SEAHORSE","259 FRONT STREET","NEW YORK","Manhattan","10038","Roadway","Issued","04/03/2026 10:16:02 AM","04/03/2030 11:59:59 PM","40.70826495973","-74.00062399506","1","101","1079138","1001070026","1501","MN0101","POINT (-74.00062399506 40.708264959725)"
"HARLEM SHAKE PARK SLOPE LLC","HARLEM SHAKE","119 5 AVENUE","BROOKLYN","Brooklyn","11217","Sidewalk","Issued","08/14/2026 12:38:37 PM","08/14/2030 11:59:59 PM","40.67888020292","-73.97877192012","39","306","3019198","3009440010","131","BK0602","POINT (-73.978771920124 40.678880202917)"
"FRANCAT INC","LOCANDA VINI & OLII (LEWIS DRUG STORE)","129 GATES AVENUE","BROOKLYN","Brooklyn","11238","Sidewalk","Issued","12/05/2025 02:31:19 PM","12/05/2029 11:59:59 PM","40.68479665323","-73.96292687464","35","302","3335023","3019650082","201","BK0204","POINT (-73.962926874641 40.684796653234)"
"THIRD AVE REST. INC","JAKE'S DILEMMA","430 AMSTERDAM AVENUE","NEW YORK","Manhattan","10024","Sidewalk","Issued","04/17/2026 02:39:58 PM","04/17/2030 11:59:59 PM","40.78421855311","-73.97755017489","6","107","1032668","1012280034","167","MN0702","POINT (-73.977550174885 40.784218553109)"
"ELSAYED III CORP","HORUS CAFE","293 EAST   10 STREET","NEW YORK","Manhattan","10009","Sidewalk","Issued","07/03/2026 05:20:18 PM","07/03/2030 11:59:59 PM","40.72769923117","-73.98187358971","2","103","1077612","1004040059","34","MN0303","POINT (-73.981873589705 40.727699231169)"
"LA GOULUE 61, LLC","LA GOULUE","29 EAST   61 STREET","NEW YORK","Manhattan","10065","Sidewalk","Issued","05/01/2026 11:47:50 AM","05/01/2030 11:59:59 PM","40.76472088722","-73.97020685873","4","108","1040853","1013760025","11401","MN0802","POINT (-73.970206858727 40.764720887221)"
"LEO GRANDPA CORP","LEO","318 GRAND STREET","BROOKLYN","Brooklyn","11211","Sidewalk","Issued","04/03/2026 11:23:40 AM","04/03/2030 11:59:59 PM","40.71266759861","-73.95661323384","34","301","3062836","3023960001","523","BK0102","POINT (-73.956613233836 40.712667598609)"
"PROCENA INC","SPIGA","57 WEST   84 STREET","NEW YORK","Manhattan","10024","Sidewalk","Issued","09/11/2026 10:41:05 AM","09/11/2030 11:59:59 PM","40.78463449972","-73.97185177975","6","107","1031291","1011980001","169","MN0702","POINT (-73.971851779747 40.784634499716)"
"RAMBLE ON PARTNERS LLC","RADIO BAKERY","135 INDIA ST","BROOKLYN","Brooklyn","11222","Sidewalk","Issued","05/08/2026 02:29:37 PM","05/08/2030 11:59:59 PM","40.73227017421","-73.95517517719","33","301","3426628","3025320047","565","BK0101","POINT (-73.955175177187 40.732270174211)"
"BLEEKER STREET HOLDINGS LLC","EMMETT'S","50 MACDOUGAL STREET","NEW YORK","Manhattan","10012","Roadway","Issued","05/22/2026 09:31:04 AM","05/22/2030 11:59:59 PM","40.72735479107","-74.00270235087","1","102","1008064","1005180007","49","MN0201","POINT (-74.00270235087 40.727354791072)"
"IL BUCO CORP","IL BUCO","47 BOND STREET","NEW YORK","Manhattan","10012","Roadway","Issued","08/15/2025 03:37:36 PM","08/15/2029 11:59:59 PM","40.7260206459","-73.99288527527","2","102","1008434","1005297506","5502","MN0202","POINT (-73.992885275269 40.726020645904)"
"AGUA E' COCO BAR & GRILL, LLC","AGUA E' COCO BAR & GRILL","3132 EAST TREMONT AVENUE","BRONX","Bronx","10461","Sidewalk","Issued","06/25/2026 07:59:28 AM","06/25/2030 11:59:59 PM","40.83803368535","-73.83494625462","13","210","2121446","2053500049","194","BX1002","POINT (-73.834946254618 40.83803368535)"
"DESTINATION MOON 22 LLC","SAILOR","228 DEKALB AVENUE","BROOKLYN","Brooklyn","11205","Sidewalk","Issued","02/07/2025 04:52:40 PM","02/07/2029 11:59:59 PM","40.68949784991","-73.97028387019","35","302","3059083","3021040030","181","BK0203","POINT (-73.970283870189 40.689497849914)"
"ONE KID CORP.","CAFE HENRI","10-10 50 AVENUE","LONG ISLAND CITY","Queens","11101","Sidewalk","Issued","04/17/2026 12:17:40 PM","04/17/2030 11:59:59 PM","40.74260080884","-73.95352259886","26","402","4000224","4000410005","701","QN0201","POINT (-73.953522598864 40.742600808836)"
"IHMS LLC","PERRINE","2 EAST   61 STREET","NEW YORK","Manhattan","10065","Sidewalk","Issued","05/01/2026 12:01:16 PM","05/01/2030 11:59:59 PM","40.76540200517","-73.97186354944","4","108","1040809","1013750067","11401","MN0802","POINT (-73.97186354944 40.765402005167)"
"WINES AND VINTAGES, INC","CORK WINE BAR","69 THOMPSON STREET","NEW YORK","Manhattan","10012","Sidewalk","Issued","09/02/2026 02:39:12 PM","09/02/2030 11:59:59 PM","40.72435200737","-74.00307383017","1","102","1077743","1004890032","47","MN0201","POINT (-74.003073830174 40.724352007366)"
"VILLAGE RESTAURANT GROUP, LLC","HUDSON CLEARWATER","447 HUDSON STREET","NEW YORK","Manhattan","10014","Sidewalk","Issued","07/21/2026 11:32:55 AM","07/21/2030 11:59:59 PM","40.73104908002","-74.00672919207","3","102","1067303","1006030072","69","MN0203","POINT (-74.006729192073 40.731049080016)"
"RABTRA, LLC","ART BAR","52 8 AVENUE","NEW YORK","Manhattan","10014","Sidewalk","Issued","03/27/2026 06:35:16 AM","03/27/2030 11:59:59 PM","40.73857810859","-74.0036302065","3","102","1082554","1006160107","77","MN0203","POINT (-74.003630206504 40.738578108589)"
"WHITE HORSE HOSPITALITY, LLC","WHITE HORSE TAVERN","567 HUDSON STREET","NEW YORK","Manhattan","10014","Roadway","Issued","08/29/2025 01:53:05 PM","08/29/2029 11:59:59 PM","40.7357344345","-74.00598633656","3","102","1080232","1006330052","75","MN0203","POINT (-74.005986336556 40.735734434497)"
"BUNNA, LLC","BUNNA CAFE","1084 FLUSHING AVENUE","BROOKLYN","Brooklyn","11237","Roadway","Issued","01/02/2026 02:51:37 PM","01/02/2030 11:59:59 PM","40.70504185356","-73.92784008869","34","304","3071993","3031590015","427","BK0401","POINT (-73.927840088693 40.705041853555)"
"CACHETTE LLC","ENTRE NOUS","39 CLIFTON PLACE","BROOKLYN","Brooklyn","11238","Sidewalk","Issued","05/15/2026 09:43:57 AM","05/15/2030 11:59:59 PM","40.68778847545","-73.96298289756","35","302","3055551","3019470034","197","BK0204","POINT (-73.962982897558 40.68778847545)"
"WESTSIDE TOMATO, INC","ARTE CAFE / EL COCO","104 WEST   73 STREET","NEW YORK","Manhattan","10023","Roadway","Issued","03/20/2026 12:20:08 PM","03/20/2030 11:59:59 PM","40.77829561421","-73.97880509789","6","107","1029964","1011440134","157","MN0701","POINT (-73.978805097887 40.778295614213)"
"SARABETH'S PAS LLC","SARABETH'S","381 PARK AVENUE SOUTH","NEW YORK","Manhattan","10016","Sidewalk","Issued","07/20/2026 04:51:55 PM","07/20/2030 11:59:59 PM","40.74252685202","-73.98464107536","2","105","1018159","1008820085","68","MN0602","POINT (-73.984641075357 40.742526852021)"
"MDR GELATO ASTORIA LLC","BIANCO NERO GELATERIA","33-20 DITMARS BOULEVARD","ASTORIA","Queens","11105","Sidewalk","Issued","09/25/2026 09:13:00 AM","09/25/2030 11:59:59 PM","40.77527286421","-73.90950873664","22","401","4017013","4008320059","117","QN0101","POINT (-73.909508736637 40.775272864206)"
"12 CHAIRS BYN LLC","12 CHAIRS CAFE","342 WYTHE AVENUE","BROOKLYN","Brooklyn","11249","Roadway","Issued","10/03/2025 01:21:32 PM","10/03/2029 11:59:59 PM","40.71451496487","-73.96504937917","33","301","3062890","3024030031","551","BK0102","POINT (-73.965049379168 40.714514964868)"
"OLD TOWN BAR & RESTAURANT CORP.","OLD TOWN BAR","45 EAST   18 STREET","NEW YORK","Manhattan","10003","Sidewalk","Issued","01/16/2026 01:12:12 PM","01/16/2030 11:59:59 PM","40.73759507351","-73.98964720852","2","105","1016150","1008470034","52","MN0501","POINT (-73.989647208522 40.73759507351)"
"PENMANSHIP, LLC","JEFFREY'S GROCERY","172 WAVERLY PLACE","NEW YORK","Manhattan","10014","Sidewalk","Issued","05/29/2026 11:15:30 AM","05/29/2030 11:59:59 PM","40.73392852899","-74.00124486433","3","102","1010674","1006100027","73","MN0203","POINT (-74.001244864328 40.733928528991)"
"APQ FIRST AVENUE NY, LLC","LE PAIN QUOTIDIEN","1270 1 AVENUE","NEW YORK","Manhattan","10065","Sidewalk","Issued","05/29/2026 11:28:08 AM","05/29/2030 11:59:59 PM","40.76545804144","-73.95769420711","5","108","1045574","1014630003","116","MN0801","POINT (-73.957694207106 40.765458041436)"
"CARMINE'S UWS LLC","CARMINE'S / VIRGIL'S","2450 BROADWAY","NEW YORK","Manhattan","10024","Sidewalk","Issued","03/27/2026 08:22:18 AM","03/27/2030 11:59:59 PM","40.79116758434","-73.97430838175","6","107","1033560","1012380046","179","MN0702","POINT (-73.974308381746 40.791167584339)"
"PIZZA 10 LLC","MARINARA PIZZA","160 2 AVENUE","NEW YORK","Manhattan","10003","Sidewalk","Issued","08/14/2026 12:58:09 PM","08/14/2030 11:59:59 PM","40.72985453726","-73.98673308629","2","103","1006433","1004520001","4001","MN0303","POINT (-73.98673308629 40.729854537259)"
"568 FIFTH BROOKLYN LLC","BLACK HORSE PUB","568 5 AVENUE","BROOKLYN","Brooklyn","11215","Sidewalk","Issued","05/29/2026 10:08:49 AM","05/29/2030 11:59:59 PM","40.66505078047","-73.98974862543","38","307","3023925","3010470047","14102","BK0701","POINT (-73.98974862543 40.66505078047)"
"SURFISH BISTRO II, INC","SURFISH BISTRO","550 3 AVENUE","NEW YORK","Manhattan","10016","Sidewalk","Issued","07/20/2026 04:35:04 PM","07/20/2030 11:59:59 PM","40.74731517876","-73.9769707777","4","106","1018965","1008920043","8","MN0603","POINT (-73.976970777703 40.747315178763)"
"LENWICH 83RD LLC","LENWICH","469 COLUMBUS AVENUE","NEW YORK","Manhattan","10024","Sidewalk","Issued","08/14/2026 12:51:33 PM","08/14/2030 11:59:59 PM","40.78420952797","-73.97381636474","6","107","1031205","1011960064","169","MN0702","POINT (-73.973816364741 40.784209527973)"
"NITEHAWK BROOKLYN LLC","NITEHAWK CINEMA/ LO-RES BAR","136 METROPOLITAN AVENUE","BROOKLYN","Brooklyn","11249","Sidewalk","Issued","02/06/2026 12:25:03 PM","02/06/2030 11:59:59 PM","40.71622139214","-73.96245841049","34","301","3062437","3023647501","555","BK0102","POINT (-73.962458410491 40.716221392142)"
"48TH RESTAURANT ASSOCIATES LLC","AVRA ESTIATORIO","145 EAST   48 STREET","NEW YORK","Manhattan","10017","Roadway","Issued","06/27/2025 07:27:59 PM","06/27/2029 11:59:59 PM","40.75503527161","-73.97277391718","4","106","1036233","1013037501","92","MN0604","POINT (-73.972773917182 40.755035271611)"
"NYC PIZZA GROUP CORP","MADE IN NEW YORK PIZZA","271 1/2 AMSTERDAM AVENUE","NEW YORK","Manhattan","10023","Roadway","Issued","10/03/2025 01:35:08 PM","10/03/2029 11:59:59 PM","40.77901791977","-73.98131073123","6","107","1029960","1011440061","157","MN0701","POINT (-73.981310731227 40.779017919773)"
"12 CHAIRS BYN LLC","12 CHAIRS CAFE","342 WYTHE AVENUE","BROOKLYN","Brooklyn","11249","Sidewalk","Issued","01/02/2026 01:25:40 PM","01/02/2030 11:59:59 PM","40.71451496487","-73.96504937917","33","301","3062890","3024030031","551","BK0102","POINT (-73.965049379168 40.714514964868)"
"ECUINDI CORP","CAFE PANINO MUCHO GUSTO","551 HUDSON STREET","NEW YORK","Manhattan","10014","Sidewalk","Issued","09/18/2026 09:17:02 AM","09/18/2030 11:59:59 PM","40.73523488343","-74.00606206735","3","102","1011886","1006330058","75","MN0203","POINT (-74.006062067345 40.735234883433)"
"CENADURIA LA PALMERA REAL LLC","TACOMBI","242 METROPOLITAN AVENUE","BROOKLYN","Brooklyn","11211","Sidewalk","Issued","08/14/2026 02:07:43 PM","08/14/2030 11:59:59 PM","40.71506766815","-73.95974278266","34","301","3062464","3023660016","553","BK0102","POINT (-73.959742782664 40.715067668149)"
"STOKES & MCGINLEY INC.","ALFIE'S","800 9 AVENUE","NEW YORK","Manhattan","10019","Sidewalk","Issued","11/14/2025 12:18:05 PM","11/14/2029 11:59:59 PM","40.76544868973","-73.98750212227","3","104","1025389","1010440001","133","MN0402","POINT (-73.98750212227 40.76544868973)"
"4716 ARDEN LLC","CANAVE","4716 BROADWAY","NEW YORK","Manhattan","10040","Sidewalk","Issued","06/05/2026 05:14:06 PM","06/05/2030 11:59:59 PM","40.86453741464","-73.9290474457","10","112","1064222","1021750027","287","MN1202","POINT (-73.9290474457 40.86453741464)"
"DESSYN BAKERY CORP.","MILLE-FEUILLE BAKERY CAFE","552 LAGUARDIA PLACE","NEW YORK","Manhattan","10012","Sidewalk","Issued","08/14/2026 01:25:18 PM","08/14/2030 11:59:59 PM","40.72888364423","-73.99825732239","2","102","1008650","1005377501","65","MN0202","POINT (-73.998257322389 40.728883644234)"
"RF BROADWAY LLC","REDFARM","2170 BROADWAY","NEW YORK","Manhattan","10024","Sidewalk","Issued","08/07/2026 01:56:23 PM","08/07/2030 11:59:59 PM","40.78213040581","-73.98091987437","6","107","1030865","1011680044","163","MN0702","POINT (-73.980919874371 40.782130405806)"
"WV UWS LLC","WESTVILLE","2290 BROADWAY","NEW YORK","Manhattan","10024","Sidewalk","Issued","08/21/2026 01:50:55 PM","08/21/2030 11:59:59 PM","40.78613727031","-73.97825369829","6","107","1032769","1012300043","171","MN0702","POINT (-73.978253698288 40.786137270312)"
"BREAD OF UNION SQUARE LLC","BREADS BAKERY","18 EAST   16 STREET","NEW YORK","Manhattan","10003","Roadway","Issued","01/02/2026 01:39:15 PM","01/02/2030 11:59:59 PM","40.73710395946","-73.99215156681","2","105","1016076","1008430037","52","MN0501","POINT (-73.992151566806 40.737103959456)"
"SAUCED ROOSTER LLC","SAUCED","331 BEDFORD AVENUE","BROOKLYN","Brooklyn","11211","Roadway","Issued","04/10/2026 12:36:06 PM","04/10/2030 11:59:59 PM","40.7126062553","-73.96224269362","34","301","3063107","3024180002","551","BK0102","POINT (-73.962242693623 40.712606255297)"
"FRANCIS LOUIS, LLC","ANTON'S","570 HUDSON STREET","NEW YORK","Manhattan","10014","Sidewalk","Issued","07/20/2026 02:26:58 PM","07/20/2030 11:59:59 PM","40.73564111289","-74.00597911135","3","102","1011282","1006220010","73","MN0203","POINT (-74.005979111349 40.735641112892)"
"MAZI HOSPITALITY GROUP CORP.","ANATOLI 56","1066 2 AVENUE","NEW YORK","Manhattan","10022","Roadway","Issued","05/08/2026 11:52:56 AM","05/08/2030 11:59:59 PM","40.75872233224","-73.96570109812","4","106","1039976","1013490001","10802","MN0604","POINT (-73.965701098119 40.758722332241)"
"ABRIL NY CORPORATION","VAMOS AL TEQUILA","162 FRANKLIN STREET","BROOKLYN","Brooklyn","11222","Sidewalk","Issued","08/07/2026 02:44:17 PM","08/07/2030 11:59:59 PM","40.73075328777","-73.95772714958","33","301","3064539","3025500002","565","BK0101","POINT (-73.957727149581 40.730753287767)"
"Variety Cafe Inc","VARIETY COFFEE ROASTERS","146 WYCKOFF AVENUE","BROOKLYN","Brooklyn","11237","Roadway","Issued","10/31/2025 11:47:26 AM","10/31/2029 11:59:59 PM","40.70287160305","-73.91695046549","37","304","3074859","3032800031","443","BK0401","POINT (-73.916950465494 40.70287160305)"
"CALIENTE CAB REST CO INC","CALIENTE CAB CO.","61 7 AVENUE SOUTH","NEW YORK","Manhattan","10014","Sidewalk","Issued","04/03/2026 10:11:08 AM","04/03/2030 11:59:59 PM","40.73162286601","-74.00392930483","3","102","1009947","1005870021","67","MN0203","POINT (-74.00392930483 40.731622866008)"
"TLM HARLEM PIZZA LTD","ROSA'S PIZZA","2210 FREDERICK DOUGLASS BOULEVARD","NEW YORK","Manhattan","10026","Sidewalk","Issued","03/13/2026 03:19:44 PM","03/13/2030 11:59:59 PM","40.80648785804","-73.95384265358","9","110","1058440","1019250001","22","MN1001","POINT (-73.953842653582 40.80648785804)"
"MUSSELS & MORE LTD","MUSSELS & MORE","510 80 STREET","BROOKLYN","Brooklyn","11209","Roadway","Issued","04/10/2026 12:16:39 PM","04/10/2030 11:59:59 PM","40.62558155113","-74.023851638","47","310","3151363","3059900010","138","BK1001","POINT (-74.023851637995 40.62558155113)"
"ELIS MANHATTAN, INC","ELI'S TABLE","1411 3 AVENUE","NEW YORK","Manhattan","10028","Sidewalk","Issued","07/31/2026 01:09:48 PM","07/31/2030 11:59:59 PM","40.77500120964","-73.95675660244","5","108","1048523","1015267501","138","MN0803","POINT (-73.95675660244 40.775001209636)"
"TIN MARIN BAR & LOUNGE, INC","TIN MARIN RESTAURANT & LOUNGE","3708 RIVERDALE AVENUE","BRONX","Bronx","10463","Sidewalk","Issued","08/14/2026 02:11:50 PM","08/14/2030 11:59:59 PM","40.88693792716","-73.90707043517","11","208","2083997","2057720001","295","BX0803","POINT (-73.907070435174 40.886937927163)"
"IHMS LLC","PERRINE","2 EAST   61 STREET","NEW YORK","Manhattan","10065","Roadway","Issued","05/01/2026 12:01:40 PM","05/01/2030 11:59:59 PM","40.76540200517","-73.97186354944","4","108","1040809","1013750067","11401","MN0802","POINT (-73.97186354944 40.765402005167)"
"RISE BAR NYC LLC","RISE BAR","859 9 AVENUE","NEW YORK","Manhattan","10019","Roadway","Issued","06/13/2025 09:17:38 AM","06/13/2029 11:59:59 PM","40.76710089791","-73.98631408596","6","104","1026849","1010650036","139","MN0402","POINT (-73.986314085955 40.767100897914)"
"LILAC GM LLC","BLACK OAK","200 5 AVENUE","BROOKLYN","Brooklyn","11217","Roadway","Issued","07/02/2026 03:52:36 PM","07/02/2030 11:59:59 PM","40.67667093023","-73.98029401735","39","306","3332137","3009520038","131","BK0602","POINT (-73.980294017354 40.676670930228)"
"SOUTH VILLAGE HOSPITALITY GROUP LLC","YESTERDAY'S","157 BLEECKER STREET","NEW YORK","Manhattan","10012","Roadway","Issued","04/17/2026 12:20:04 PM","04/17/2030 11:59:59 PM","40.72851585879","-73.99986289569","2","102","1008682","1005390036","65","MN0202","POINT (-73.999862895689 40.728515858786)"
"905 LORIMER F&B LLC","RAY'S HOMETOWN BAR","905 LORIMER STREET","BROOKLYN","Brooklyn","11222","Roadway","Issued","05/01/2026 12:06:01 PM","05/01/2030 11:59:59 PM","40.72372709172","-73.95179687741","33","301","3066004","3026440041","569","BK0101","POINT (-73.95179687741 40.723727091717)"
"ST TROPEZ WINE BAR, LLC","ST. TROPEZ","302 WEST    4 STREET","NEW YORK","Manhattan","10014","Roadway","Issued","04/04/2025 04:35:24 PM","04/04/2029 11:59:59 PM","40.73699163099","-74.00376002462","3","102","1011388","1006240053","77","MN0203","POINT (-74.003760024616 40.73699163099)"
"PRINCE SULLIVAN, LLC.","THE DUTCH","131 SULLIVAN STREET","NEW YORK","Manhattan","10012","Sidewalk","Issued","04/17/2026 04:10:56 PM","04/17/2030 11:59:59 PM","40.72664939684","-74.00220443102","1","102","1008057","1005170043","49","MN0201","POINT (-74.002204431024 40.726649396842)"
"8522 JAMAICA AVENUE CORP","POP'S RESTAURANT","85-22 JAMAICA AVENUE","WOODHAVEN","Queens","11421","Sidewalk","Issued","08/08/2025 02:53:14 PM","08/08/2029 11:59:59 PM","40.69251909993","-73.85881215394","32","409","4183851","4089220010","1","QN0905","POINT (-73.858812153935 40.692519099934)"
"JAGR 187 COLUMBUS LLC","JOE COFFEE","187 COLUMBUS AVENUE","NEW YORK","Manhattan","10023","Sidewalk","Issued","08/14/2026 12:43:20 PM","08/14/2030 11:59:59 PM","40.77508454824","-73.9804778044","6","107","1028437","1011210001","15301","MN0701","POINT (-73.980477804397 40.775084548238)"
"SERAFINA BROADWAY, LTD.","SERAFINA BROADWAY","210 WEST   55 STREET","NEW YORK","Manhattan","10019","Roadway","Issued","04/24/2026 10:01:10 PM","04/24/2030 11:59:59 PM","40.76448449352","-73.98165055184","6","105","1024858","1010260041","137","MN0502","POINT (-73.981650551837 40.764484493518)"
"B & D RESTAURANT GROUP INC","BAR BASIC","71 7 AVENUE","BROOKLYN","Brooklyn","11217","Roadway","Issued","06/18/2025 03:32:26 PM","06/18/2029 11:59:59 PM","40.67524533972","-73.97491200305","39","306","3024474","3010610002","159","BK0602","POINT (-73.974912003046 40.675245339718)"
"BENVA BAKERY, LLC","ORWASHERS","440 AMSTERDAM AVENUE","NEW YORK","Manhattan","10024","Sidewalk","Issued","07/31/2026 01:35:22 PM","07/31/2030 11:59:59 PM","40.78460550775","-73.97726838127","6","107","1032681","1012290029","167","MN0702","POINT (-73.977268381274 40.784605507747)"
"ASTROCCO INC","BOSINO","203 WEST  103 STREET","NEW YORK","Manhattan","10025","Sidewalk","Issued","03/27/2026 08:03:04 AM","03/27/2030 11:59:59 PM","40.79860957939","-73.96735635271","7","107","1056565","1018750029","191","MN0703","POINT (-73.967356352706 40.79860957939)"
"PISTACCHIO LLC","FIGO IL GELATO ITALIANO","178 MULBERRY STREET","NEW YORK","Manhattan","10012","Roadway","Issued","05/15/2026 09:51:25 AM","05/15/2030 11:59:59 PM","40.72062460957","-73.99677482407","1","102","1007177","1004800001","41","MN0201","POINT (-73.996774824068 40.720624609574)"
"A SALT & BATTERY, LLC","A SALT & BATTERY","112 GREENWICH AVENUE","NEW YORK","Manhattan","10011","Roadway","Issued","07/03/2025 01:07:51 PM","07/03/2029 11:59:59 PM","40.73847384348","-74.00222286649","3","102","1011090","1006170036","77","MN0203","POINT (-74.002222866494 40.738473843476)"
"WESTWAY DINER INC.","TROOP WINGS","614 9 AVENUE","NEW YORK","Manhattan","10036","Sidewalk","Issued","06/19/2026 12:01:48 PM","06/19/2030 11:59:59 PM","40.75947923235","-73.99184931572","3","104","1024979","1010340063","12101","MN0402","POINT (-73.99184931572 40.759479232348)"
"201 REST. 95TH ST. CORP.","BUCEO 95","201 WEST   95 STREET","NEW YORK","Manhattan","10025","Sidewalk","Issued","06/19/2026 11:04:22 AM","06/19/2030 11:59:59 PM","40.793464165","-73.97104988128","7","107","1033697","1012430029","183","MN0702","POINT (-73.971049881281 40.793464164995)"
"HAKU GROUP LLC","KEI","193 7 AVENUE","NEW YORK","Manhattan","10011","Sidewalk","Issued","07/21/2026 12:52:12 PM","07/21/2030 11:59:59 PM","40.74298894468","-73.99643090175","3","104","1080586","1007970002","87","MN0401","POINT (-73.996430901748 40.742988944677)"
"LO-FI CAFE, LLC","LO-FI CAFE","413 NOSTRAND AVENUE","BROOKLYN","Brooklyn","11216","Sidewalk","Issued","09/04/2026 10:32:29 AM","09/04/2030 11:59:59 PM","40.68349903687","-73.95018914272","36","303","3051975","3018280092","249","BK0301","POINT (-73.950189142721 40.683499036866)"
"HOST 1373 LLC","SEFTON","1373 1 AVENUE","NEW YORK","Manhattan","10021","Roadway","Issued","06/26/2026 02:24:09 PM","06/26/2030 11:59:59 PM","40.76871792027","-73.95533828118","5","108","1044911","1014480029","12601","MN0801","POINT (-73.955338281179 40.768717920267)"
"THE MERCER 1 LLC.","SARTIANO'S / SUBMERCER","147 MERCER STREET","NEW YORK","Manhattan","10012","Sidewalk","Issued","03/27/2026 10:38:02 AM","03/27/2030 11:59:59 PM","40.7249311823","-73.99834040585","1","102","1007983","1005130035","49","MN0201","POINT (-73.99834040585 40.724931182296)"
"SOCIALE LLC","SOCIALE","320 COURT STREET","BROOKLYN","Brooklyn","11231","Sidewalk","Issued","06/26/2026 02:25:29 PM","06/26/2030 11:59:59 PM","40.6832709745","-73.99546782271","39","306","3004211","3003330038","67","BK0601","POINT (-73.99546782271 40.683270974497)"
"MMI 2020 LLC","RECETTE","103 HAVEMEYER STREET","BROOKLYN","Brooklyn","11211","Sidewalk","Issued","03/20/2026 12:55:58 PM","03/20/2030 11:59:59 PM","40.71323571926","-73.95649021854","34","301","3062692","3023840003","519","BK0102","POINT (-73.956490218544 40.713235719259)"
"M.R.R.REST LLC","RAS PLANT BASED","739 FRANKLIN AVENUE","BROOKLYN","Brooklyn","11238","Roadway","Issued","06/26/2026 02:22:30 PM","06/26/2030 11:59:59 PM","40.67349980621","-73.95693442368","35","308","3031391","3012380002","219","BK0802","POINT (-73.956934423683 40.67349980621)"
"YERINA REST CORP","ARTE","21 EAST    9 STREET","NEW YORK","Manhattan","10003","Sidewalk","Issued","05/01/2026 03:57:24 PM","05/01/2030 11:59:59 PM","40.73234742997","-73.99472478754","2","102","1009240","1005670024","59","MN0202","POINT (-73.994724787541 40.732347429966)"
"COOLER RUNNINGS JAMAICAN RESTAURANT, LLC","COOLER RUNNINGS JAMAICAN RESTAURANT","1802 NEREID AVENUE","BRONX","Bronx","10466","Sidewalk","Issued","06/19/2026 11:06:05 AM","06/19/2030 11:59:59 PM","40.89830430117","-73.85029237981","11","212","2070103","2050520044","436","BX1203","POINT (-73.850292379808 40.898304301171)"
"MATCHAFUL INC.","MATCHAFUL","217 MULBERRY STREET","NEW YORK","Manhattan","10012","Roadway","Issued","07/21/2026 10:58:48 AM","07/21/2030 11:59:59 PM","40.72225223755","-73.99615783381","1","102","1007533","1004950040","43","MN0201","POINT (-73.996157833806 40.72225223755)"
"THINK BLEECKER, LLC","THINK COFFEE","1 BLEECKER STREET","NEW YORK","Manhattan","10012","Sidewalk","Issued","08/14/2026 02:11:11 PM","08/14/2030 11:59:59 PM","40.72528227203","-73.99239108135","2","102","1082610","1005297505","5502","MN0202","POINT (-73.992391081354 40.725282272031)"
"DAI HACHI SUSHI CORPORATION","DAI HACHI","46-18 VERNON BOULEVARD","LONG ISLAND CITY","Queens","11101","Sidewalk","Issued","10/03/2025 01:24:53 PM","10/03/2029 11:59:59 PM","40.74633068992","-73.95290646059","26","402","4000036","4000270001","702","QN0201","POINT (-73.952906460589 40.746330689918)"
"SENANROSSA LLC","JOHN DOE BAR & KITCHEN","253 5 AVENUE","NEW YORK","Manhattan","10016","Roadway","Issued","06/06/2025 10:05:20 AM","06/06/2029 11:59:59 PM","40.7448355075","-73.98716676789","2","105","1080770","1008580001","74","MN0501","POINT (-73.987166767892 40.744835507503)"
"MPQ 370 LEXINGTON, LLC","LE PAIN QUOTIDIEN","370 LEXINGTON AVENUE","NEW YORK","Manhattan","10017","Sidewalk","Issued","06/12/2026 02:34:43 PM","06/12/2030 11:59:59 PM","40.75063901798","-73.97664118601","4","105","1036150","1012950058","8","MN0603","POINT (-73.976641186014 40.75063901798)"
"K'CAFE CORP","YUKKA LATIN BISTRO","5684 RIVERDALE AVENUE","BRONX","Bronx","10471","Sidewalk","Issued","07/31/2026 03:06:55 PM","07/31/2030 11:59:59 PM","40.90638740753","-73.90421408971","11","208","2085165","2058630134","337","BX0803","POINT (-73.904214089713 40.906387407534)"
"TERROIR TRIBECA, LLC","TERROIR TRIBECA","24 HARRISON STREET","NEW YORK","Manhattan","10013","Roadway","Issued","08/15/2025 04:09:16 PM","08/15/2029 11:59:59 PM","40.71876600844","-74.01003239732","1","101","1002082","1001810041","39","MN0102","POINT (-74.010032397316 40.718766008443)"
"CAFE MOGADOR LLC","CAFE MOGADOR","133 WYTHE AVENUE","BROOKLYN","Brooklyn","11249","Roadway","Issued","05/23/2025 11:57:23 AM","05/23/2029 11:59:59 PM","40.7198354471","-73.9600753926","33","301","3061884","3023180002","557","BK0102","POINT (-73.960075392603 40.719835447101)"
"NECTAR RESTAURANT CORP.","NECTAR","1090 MADISON AVENUE","NEW YORK","Manhattan","10028","Roadway","Issued","04/24/2026 03:32:44 PM","04/24/2030 11:59:59 PM","40.77812894166","-73.96081299828","4","108","1046733","1014937503","142","MN0802","POINT (-73.960812998275 40.778128941659)"
"143 CAFE INC","TOSCANA 49","143 EAST   49 STREET","NEW YORK","Manhattan","10017","Roadway","Issued","08/14/2026 02:12:26 PM","08/14/2030 11:59:59 PM","40.75564448983","-73.97227916798","4","106","1036442","1013040025","1","MN0604","POINT (-73.972279167983 40.755644489825)"
"SULTAN & SON'S DELICATESSEN INC","BROAD NOSH BAGELS","314 WEST   58 STREET","NEW YORK","Manhattan","10019","Roadway","Issued","09/19/2025 12:03:39 PM","09/19/2029 11:59:59 PM","40.76763568028","-73.9829854305","6","104","1026056","1010480041","139","MN0402","POINT (-73.9829854305 40.767635680283)"
"AB CAFE 58 LLC","CAFE 58 PIZZERIA & GRILL","169 58 STREET","BROOKLYN","Brooklyn","11220","Roadway","Issued","03/13/2026 01:40:04 PM","03/13/2030 11:59:59 PM","40.64507803337","-74.02240282878","38","307","3015573","3008440047","22","BK0702","POINT (-74.022402828775 40.645078033368)"
"211 RESERVE LLC","LOVEBIRDS","211 NASSAU AVENUE","BROOKLYN","Brooklyn","11222","Roadway","Issued","06/27/2025 08:06:00 PM","06/27/2029 11:59:59 PM","40.72565046035","-73.94417208724","33","301","3066503","3026550038","58901","BK0101","POINT (-73.944172087238 40.725650460351)"
"22 EAST 54TH STREET RESTAURANT CORP.","PAPILLON","22 EAST   54 STREET","NEW YORK","Manhattan","10022","Sidewalk","Issued","07/24/2026 02:08:26 PM","07/24/2030 11:59:59 PM","40.76064595037","-73.97447541952","4","105","1035735","1012890059","102","MN0502","POINT (-73.974475419522 40.760645950373)"
"CHARLIE WORK LLC","EVIL TWIN BREWING","43 MAIN STREET","BROOKLYN","Brooklyn","11201","Sidewalk","Issued","08/14/2026 12:11:16 PM","08/14/2030 11:59:59 PM","40.7028958107","-73.99066968376","33","302","3329423","3000370001","21","BK0202","POINT (-73.99066968376 40.702895810701)"
"PAINT 367 LLC","BAR MADONNA","367 METROPOLITAN AVENUE","BROOKLYN","Brooklyn","11211","Roadway","Issued","07/02/2026 03:45:58 PM","07/02/2030 11:59:59 PM","40.71408907046","-73.95577903608","34","301","3062351","3023460025","519","BK0102","POINT (-73.955779036083 40.714089070456)"
"SUMMER THOMPSON LLC","LEON'S BAGELS","169 THOMPSON STREET","NEW YORK","Manhattan","10012","Roadway","Issued","10/17/2025 03:49:38 PM","10/17/2029 11:59:59 PM","40.72764851237","-74.00033554038","2","102","1077793","1005250024","65","MN0202","POINT (-74.000335540378 40.727648512373)"
"MOTORINO 3 INC","MOTORINO","510 COLUMBUS AVENUE","NEW YORK","Manhattan","10024","Roadway","Issued","01/02/2026 03:00:10 PM","01/02/2030 11:59:59 PM","40.78551032674","-73.97289501849","6","107","1032130","1012150033","169","MN0702","POINT (-73.972895018486 40.78551032674)"
"C7 AVE SOUTH LLC","JUDY Z'S","1 7 AVENUE SOUTH","NEW YORK","Manhattan","10014","Sidewalk","Issued","06/25/2026 08:59:43 AM","06/25/2030 11:59:59 PM","40.72956973605","-74.00508737232","3","102","1009771","1005820043","67","MN0203","POINT (-74.005087372318 40.729569736053)"
"EL ENCANTO DE LOLA 2 LLC","EL ENCANTO DE LOLA 2","175 LENOX AVENUE","NEW YORK","Manhattan","10026","Sidewalk","Issued","07/31/2026 01:04:42 PM","07/31/2030 11:59:59 PM","40.80376276096","-73.94841917157","9","110","1057494","1019037501","22","MN1001","POINT (-73.948419171569 40.803762760961)"
"LANZHOU HAND PULLED NOODLES HOUSE INC.","LANZHOU HAND PULLED NOODLES & DUMPLINGS","76 MOTT STREET","NEW YORK","Manhattan","10013","Roadway","Issued","09/18/2026 10:14:29 AM","09/18/2030 11:59:59 PM","40.71638397133","-73.99801235074","1","103","1002409","1002010011","2902","MN0301","POINT (-73.998012350741 40.716383971332)"
"DEN NOHO LLC","BANDITS","44 BEDFORD STREET","NEW YORK","Manhattan","10014","Roadway","Issued","06/05/2026 04:12:17 PM","06/05/2030 11:59:59 PM","40.73035202867","-74.00423952689","3","102","1009893","1005860005","67","MN0203","POINT (-74.004239526892 40.730352028671)"
"GORDOS 140 ST. NICHOLAS, LLC","GORDOS CANTINA","140 SAINT NICHOLAS AVENUE","BROOKLYN","Brooklyn","11237","Sidewalk","Issued","08/29/2025 01:43:34 PM","08/29/2029 11:59:59 PM","40.70504583557","-73.91746711614","37","304","3073953","3032490033","445","BK0401","POINT (-73.917467116137 40.705045835565)"
"Two Dimitris Corp.","GYRO WORLD","194-21 NORTHERN BOULEVARD","FLUSHING","Queens","11358","Sidewalk","Issued","07/21/2026 11:20:30 AM","07/21/2030 11:59:59 PM","40.75791284117","-73.78733981263","19","411","4121140","4053700002","1181","QN1101","POINT (-73.787339812632 40.757912841169)"
"THE WEALTHY WELLNESS CORP.","OM JUICE BAR","62 MADISON AVENUE","NEW YORK","Manhattan","10016","Sidewalk","Issued","09/04/2026 10:35:16 AM","09/04/2030 11:59:59 PM","40.7434794692","-73.98608799241","3","105","1016887","1008570017","56","MN0501","POINT (-73.98608799241 40.743479469201)"
"MAMAMIA CORP","SPAGHETTI INCIDENT","231 ELDRIDGE STREET","NEW YORK","Manhattan","10002","Roadway","Issued","01/02/2026 03:03:26 PM","01/02/2030 11:59:59 PM","40.72232321592","-73.98984079663","1","103","1005625","1004220064","3601","MN0302","POINT (-73.989840796629 40.722323215915)"
"YATENGA LLC","OUAGA SPORTS BAR","2280 ADAM CLAYTON POWELL JR BOULEVARD","NEW YORK","Manhattan","10030","Sidewalk","Issued","08/14/2026 01:31:49 PM","08/14/2030 11:59:59 PM","40.81473150236","-73.9441259742","9","110","1058841","1019400029","228","MN1002","POINT (-73.944125974198 40.814731502355)"
"RED HOOK TAVERN LLC","RED HOOK TAVERN","329 VAN BRUNT STREET","BROOKLYN","Brooklyn","11231","Sidewalk","Issued","09/11/2026 10:39:15 AM","09/11/2030 11:59:59 PM","40.67792908188","-74.01220380794","38","306","3008541","3005560001","5301","BK0601","POINT (-74.012203807939 40.67792908188)"
"ORCHARD STREET RESTAURANT MANAGEMENT LLC","SWAN ROOM / CORNER BAR","54 CANAL STREET","NEW YORK","Manhattan","10002","Sidewalk","Issued","01/07/2026 11:33:10 AM","01/07/2030 11:59:59 PM","40.71490427724","-73.99197022023","1","103","1003795","1002940007","16","MN0301","POINT (-73.991970220231 40.714904277236)"
"ARTURO'S PARK,INC","ARTURO'S","1617 YORK AVENUE","NEW YORK","Manhattan","10028","Roadway","Issued","02/13/2026 02:30:44 PM","02/13/2030 11:59:59 PM","40.77543376138","-73.94749162197","5","108","1050540","1015650022","14401","MN0803","POINT (-73.947491621968 40.775433761382)"
"KETTLE PIE INC","ALLSWELL","124 BEDFORD AVENUE","BROOKLYN","Brooklyn","11249","Sidewalk","Issued","02/20/2026 02:57:04 PM","02/20/2030 11:59:59 PM","40.71957315001","-73.95586196391","33","301","3061611","3022970020","517","BK0102","POINT (-73.955861963907 40.71957315001)"
"LAND RESTAURANT CORP","MADELINE'S","113 FRANKLIN ST","JERSEY CITY",,"07307","Roadway","Issued","06/06/2025 10:12:04 AM","06/06/2029 11:59:59 PM","40.74248652474","-74.04974565564","33","301",,,,,"POINT (-74.049745655642 40.742486524741)"
"231 MANAGMENT GROUP INC","DAR525","231 MALCOLM X BOULEVARD","BROOKLYN","Brooklyn","11221","Roadway","Issued","07/24/2026 01:06:03 PM","07/24/2030 11:59:59 PM","40.68494562554","-73.9294520079","36","303","3045856","3016570001","383","BK0302","POINT (-73.929452007903 40.68494562554)"
"AUBERGINE CAFFE, INC","AUBERGINE CAFE","49-22 SKILLMAN AVENUE","WOODSIDE","Queens","11377","Sidewalk","Issued","08/28/2026 01:21:18 PM","08/28/2030 11:59:59 PM","40.74619903982","-73.91494740106","26","402","4001163","4001340029","25301","QN0202","POINT (-73.914947401064 40.746199039818)"
"ROOT NOLITA LLC","SHOO SHOO NOLITA","371 BROOME STREET","NEW YORK","Manhattan","10013","Roadway","Issued","08/29/2025 01:47:43 PM","08/29/2029 11:59:59 PM","40.72020738519","-73.99613630681","1","102","1006985","1004710043","41","MN0201","POINT (-73.996136306805 40.720207385185)"
"BERRY STREET ASSOCIATES LLC","GRAN TORINO CAFE","131 BERRY STREET","BROOKLYN","Brooklyn","11249","Sidewalk","Issued","03/13/2026 02:46:59 PM","03/13/2030 11:59:59 PM","40.71842433325","-73.95921405818","34","301","3340970","3023270005","553","BK0102","POINT (-73.959214058177 40.718424333253)"
"BAGEL PUB 350 7TH AVENUE CORP.","BAGEL PUB","350 7 AVENUE","NEW YORK","Manhattan","10001","Sidewalk","Issued","09/11/2026 09:59:13 AM","09/11/2030 11:59:59 PM","40.74815715436","-73.99269523009","3","105","1014290","1007790039","95","MN0501","POINT (-73.992695230087 40.748157154357)"
"SOHOGOZO LLC","DIASPORA","91 BAXTER STREET","NEW YORK","Manhattan","10013","Roadway","Issued","12/20/2024 10:14:38 AM","12/20/2028 11:59:59 PM","40.71695764462","-73.99966090627","1","103","1083368","1001990007","2902","MN0301","POINT (-73.999660906271 40.71695764462)"
"IT 390 5TH AVENUE, LLC","IT TRATTORIA","390 5 AVENUE","NEW YORK","Manhattan","10018","Sidewalk","Issued","08/07/2026 01:23:27 PM","08/07/2030 11:59:59 PM","40.74980039437","-73.9840799713","4","105","1015900","1008370048","84","MN0502","POINT (-73.984079971299 40.749800394372)"
"TMK 157 COLUMBUS AVE LLC","THE MIGRANT KITCHEN","157 COLUMBUS AVENUE","NEW YORK","Manhattan","10023","Roadway","Issued","01/09/2026 01:40:32 PM","01/09/2030 11:59:59 PM","40.77431062121","-73.9810376595","6","107","1028260","1011207501","15301","MN0701","POINT (-73.981037659502 40.774310621209)"
"CBHTW CORP","YANKEE TWIN EATERY","844 RIVER AVENUE","BRONX","Bronx","10451","Sidewalk","Issued","04/10/2026 01:09:13 PM","04/10/2030 11:59:59 PM","40.82702891806","-73.92636672729","16","204","2002980","2024830034","6301","BX0401","POINT (-73.92636672729 40.827028918055)"
"LITTLE LUCKY'S, LLC","LUCKY'S","224 LAFAYETTE STREET","NEW YORK","Manhattan","10012","Sidewalk","Issued","04/17/2026 03:01:00 PM","04/17/2030 11:59:59 PM","40.72205190325","-73.99734837218","1","102","1007217","1004820024","45","MN0201","POINT (-73.997348372178 40.722051903254)"
"340 BLEECKER LLC","SAINT THEO'S","340 BLEECKER STREET","NEW YORK","Manhattan","10014","Sidewalk","Issued","05/22/2026 12:04:06 PM","05/22/2030 11:59:59 PM","40.73371710302","-74.00443819782","3","102","1011144","1006190026","73","MN0203","POINT (-74.004438197819 40.733717103018)"
"P&C RESTAURANT GROUP OF MANHATTAN, INC","CAFE EIGHTY TWO","2282 BROADWAY","NEW YORK","Manhattan","10024","Sidewalk","Issued","06/05/2026 04:26:09 PM","06/05/2030 11:59:59 PM","40.78595888668","-73.9783873687","6","107","1076247","1012307501","171","MN0702","POINT (-73.9783873687 40.785958886677)"
"DITMARS BOULEVARD KX LLC","KX BURGER & BEYOND","29-04 DITMARS BOULEVARD","ASTORIA","Queens","11105","Sidewalk","Issued","05/23/2025 11:59:55 AM","05/23/2029 11:59:59 PM","40.77671270768","-73.91155038992","22","401","4017609","4008440033","115","QN0101","POINT (-73.911550389917 40.776712707678)"
"I SODI LLC","I SODI","314 BLEECKER STREET","NEW YORK","Manhattan","10014","Sidewalk","Issued","06/25/2026 08:57:59 AM","06/25/2030 11:59:59 PM","40.73281683863","-74.00393298375","3","102","1076842","1005887501","73","MN0203","POINT (-74.003932983749 40.732816838629)"
"SWEETGREEN NEW YORK, LLC","SWEETGREEN","125 CHAMBERS STREET","NEW YORK","Manhattan","10007","Sidewalk","Issued","07/31/2026 02:25:10 PM","07/31/2030 11:59:59 PM","40.71530221562","-74.00875489322","1","101","1001584","1001450012","21","MN0102","POINT (-74.008754893218 40.715302215618)"
"FOUR HANDS LLC","ANAIS","196 BERGEN STREET","BROOKLYN","Brooklyn","11217","Sidewalk","Issued","05/15/2026 09:23:55 AM","05/15/2030 11:59:59 PM","40.68488411169","-73.98579739065","39","302","3005898","3003870008","71","BK0601","POINT (-73.985797390653 40.684884111685)"
"CBCS WASHINGTON STREET LP","BRASSERIE FOUQUET'S / ELYSEE'S / TITSOU BAR / LE VAUX ROOFTOP","456 GREENWICH STREET","NEW YORK","Manhattan","10013","Sidewalk","Issued","05/29/2026 11:14:05 AM","05/29/2030 11:59:59 PM","40.72356390535","-74.00952082341","1","101","1002927","1002240032","39","MN0102","POINT (-74.009520823412 40.723563905347)"
"GREENWICH HOTEL RESTAURANT LLC","LOCANDA VERDE","377 GREENWICH STREET","NEW YORK","Manhattan","10013","Sidewalk","Issued","05/15/2026 12:32:35 PM","05/15/2030 11:59:59 PM","40.71977606575","-74.01022735674","1","101","1087575","1001870016","39","MN0102","POINT (-74.01022735674 40.719776065749)"
"BAGELWORKS, INC","BAGEL WORKS","1229 FIRST AVENUE","NEW YORK","Manhattan","10065","Sidewalk","Issued","07/20/2026 03:17:14 PM","07/20/2030 11:59:59 PM","40.76422872594","-73.9586155284","5","108","1044742","1014410025","118","MN0801","POINT (-73.9586155284 40.76422872594)"
"161 MULBERRY RESTAURANT LLC","GELSO & GRAND","161 MULBERRY STREET","NEW YORK","Manhattan","10013","Sidewalk","Issued","08/14/2026 12:14:53 PM","08/14/2030 11:59:59 PM","40.7196639515","-73.99717530625","1","102","1006970","1004710022","41","MN0201","POINT (-73.997175306248 40.7196639515)"
"LENA TRATTORIA LLC","LENA TRATTORIA","3470 EAST TREMONT AVENUE","BRONX","Bronx","10465","Roadway","Issued","02/27/2026 01:41:15 PM","02/27/2030 11:59:59 PM","40.8317725208","-73.8272033705","13","210","2079387","2055310028","166","BX1002","POINT (-73.827203370496 40.831772520802)"
"MAGGIES PLACE INC","MAGGIE'S PLACE","21 EAST   47 STREET","NEW YORK","Manhattan","10017","Sidewalk","Issued","03/27/2026 09:52:26 AM","03/27/2030 11:59:59 PM","40.75615887998","-73.97738641173","4","105","1035419","1012830015","94","MN0502","POINT (-73.977386411729 40.75615887998)"
"EIGHTY THIRD AND FIRST LLC.","FELICE 83","1593 1 AVENUE","NEW YORK","Manhattan","10028","Sidewalk","Issued","03/20/2026 12:37:58 PM","03/20/2030 11:59:59 PM","40.77474086561","-73.95094383037","5","108","1049893","1015450030","138","MN0803","POINT (-73.95094383037 40.774740865607)"
"63 GUERNSEY LLC","SPRITZENHAUS","63 GUERNSEY STREET","BROOKLYN","Brooklyn","11222","Sidewalk","Issued","05/08/2026 02:36:34 PM","05/08/2030 11:59:59 PM","40.72365063904","-73.95276020065","33","301","3065960","3026430029","569","BK0101","POINT (-73.952760200654 40.723650639043)"
"BOX HILL LLC","KING","18 KING STREET","NEW YORK","Manhattan","10014","Sidewalk","Issued","07/24/2026 01:15:06 PM","07/24/2030 11:59:59 PM","40.72769511634","-74.00363321933","3","102","1008099","1005190030","37","MN0201","POINT (-74.003633219329 40.727695116343)"
"LIZ'S BOOK BAR, LLC","LIZ'S BOOK BAR","315 SMITH STREET","BROOKLYN","Brooklyn","11231","Roadway","Issued","05/29/2026 11:32:13 AM","05/29/2030 11:59:59 PM","40.68128644175","-73.99413394418","39","306","3007263","3004360005","75","BK0601","POINT (-73.994133944178 40.681286441746)"
"MERAKI RESTAURANT CORP","TREMONT DINER","3007 EAST TREMONT AVENUE","BRONX","Bronx","10461","Sidewalk","Issued","09/25/2026 11:54:25 AM","09/25/2030 11:59:59 PM","40.84020294646","-73.8375140876","13","210","2074321","2053810038","264","BX1002","POINT (-73.837514087601 40.840202946462)"
"THAI SMILE RESTAURANT INC","TUE THAI FOOD","3 GREENWICH AVENUE","NEW YORK","Manhattan","10014","Sidewalk","Issued","05/08/2026 04:17:07 PM","05/08/2030 11:59:59 PM","40.73392853517","-73.99963556146","3","102","1010268","1005930013","71","MN0203","POINT (-73.999635561457 40.733928535167)"
"JUICERIE LLC","THE BUTCHER'S DAUGHTER","19 KENMARE STREET","NEW YORK","Manhattan","10012","Sidewalk","Issued","05/29/2026 11:55:17 AM","05/29/2030 11:59:59 PM","40.72053395432","-73.99468243531","1","102","1007131","1004780012","41","MN0201","POINT (-73.994682435308 40.720533954323)"
"4LOVES INC.","GIOVANNI'S BROOKLYN EATS","1666 8 AVENUE","BROOKLYN","Brooklyn","11215","Sidewalk","Issued","07/03/2026 04:56:04 PM","07/03/2030 11:59:59 PM","40.65999699529","-73.98407265149","39","307","3016528","3008690040","14902","BK0701","POINT (-73.984072651492 40.659996995287)"
"THE OTHEROOM, INC.","THE OTHEROOM","143 PERRY STREET","NEW YORK","Manhattan","10014","Roadway","Issued","04/24/2026 10:16:18 PM","04/24/2030 11:59:59 PM","40.73487245679","-74.00798528678","3","102","1011869","1006330034","75","MN0203","POINT (-74.007985286781 40.734872456791)"
"SWEETGREEN NEW YORK, LLC","SWEETGREEN","100 KENMARE STREET","NEW YORK","Manhattan","10012","Sidewalk","Issued","07/31/2026 02:29:59 PM","07/31/2030 11:59:59 PM","40.72135198295","-73.99715358871","1","102","1007193","1004810001","41","MN0201","POINT (-73.997153588714 40.721351982949)"
"239 PARK SOUTH RESTAURANT CORP.","WHISKEY ROXX","239 PARK AVENUE SOUTH","NEW YORK","Manhattan","10003","Roadway","Issued","07/31/2026 03:03:03 PM","07/31/2030 11:59:59 PM","40.73792428637","-73.98801610629","2","105","1017907","1008750003","5","MN0602","POINT (-73.988016106288 40.737924286365)"
"520 COLUMBUS AVENUE, LTD.","GOOD ENOUGH TO EAT","520 COLUMBUS AVENUE","NEW YORK","Manhattan","10024","Sidewalk","Issued","07/21/2026 11:18:07 AM","07/21/2030 11:59:59 PM","40.78590550243","-73.97260596657","6","107","1032161","1012160027","169","MN0702","POINT (-73.972605966568 40.785905502434)"
"DRIGGS MANAGEMENT GROUP INC","DAR525","168 DRIGGS AVENUE","BROOKLYN","Brooklyn","11222","Roadway","Issued","07/24/2026 01:05:23 PM","07/24/2030 11:59:59 PM","40.72298578143","-73.94518809409","33","301","3067013","3026850041","571","BK0101","POINT (-73.945188094092 40.722985781434)"
"POST HOUSE INVESTORS LP","MAJORELLE","28 EAST   63 STREET","NEW YORK","Manhattan","10065","Sidewalk","Issued","07/24/2026 01:57:21 PM","07/24/2030 11:59:59 PM","40.76596952252","-73.96933627712","4","108","1040906","1013770047","11401","MN0802","POINT (-73.969336277115 40.765969522515)"
"SWEETGREEN NEW YORK, LLC","SWEETGREEN","100 WILLOUGHBY STREET","BROOKLYN","Brooklyn","11201","Sidewalk","Issued","07/31/2026 02:30:39 PM","07/31/2030 11:59:59 PM","40.69211919416","-73.9846996101","33","302","3424451","3001457502","1502","BK0202","POINT (-73.984699610102 40.692119194158)"
"DLS CHICKEN CORP.","CHIRPING CHICKEN","355 AMSTERDAM AVENUE","NEW YORK","Manhattan","10024","Sidewalk","Issued","08/14/2026 12:03:53 PM","08/14/2030 11:59:59 PM","40.78173488828","-73.97934202347","6","107","1030188","1011480061","161","MN0702","POINT (-73.979342023471 40.781734888276)"
"46-02 SKILLMAN CAFE LLC","CLARET WINE BAR","46-02 SKILLMAN AVENUE","SUNNYSIDE","Queens","11104","Sidewalk","Issued","01/15/2025 10:29:01 AM","01/15/2029 11:59:59 PM","40.74653328043","-73.91786303613","26","402","4001250","4001370027","25301","QN0202","POINT (-73.917863036128 40.746533280431)"
"SWEETLEAF COFFEE BK, INC","SWEETLEAF COFFEE ROASTERS","159 FREEMAN STREET","BROOKLYN","Brooklyn","11222","Sidewalk","Issued","08/28/2026 09:25:13 AM","08/28/2030 11:59:59 PM","40.73438110124","-73.95569695915","33","301","3063926","3025040045","56301","BK0101","POINT (-73.955696959149 40.734381101235)"
"SUSHI VIDA BRONX LLC","MAMA SUSHI","3478 EAST TREMONT AVENUE","BRONX","Bronx","10465","Sidewalk","Issued","04/24/2026 02:59:32 PM","04/24/2030 11:59:59 PM","40.8314949383","-73.82696198157","13","210","2079388","2055310030","166","BX1002","POINT (-73.82696198157 40.8314949383)"
"EAST HARLEM BOTTLING CO LLC","EAST HARLEM BOTTLING CO","1711 LEXINGTON AVENUE","NEW YORK","Manhattan","10029","Roadway","Issued","03/27/2026 08:34:39 AM","03/27/2030 11:59:59 PM","40.79304325242","-73.9456791427","8","111","1052073","1016350024","172","MN1101","POINT (-73.9456791427 40.793043252418)"
"OBRESTA CORP","ANTOJITOS ECUATORIANOS","3398 FULTON STREET","BROOKLYN","Brooklyn","11208","Sidewalk","Issued","04/03/2026 09:44:59 AM","04/03/2030 11:59:59 PM","40.68420762046","-73.8701730558","37","305","3092908","3041490020","1184","BK0501","POINT (-73.870173055804 40.684207620456)"
"PLAN A GROUP, LLC","FORGTMENOT","138 DIVISION STREET","NEW YORK","Manhattan","10002","Sidewalk","Issued","06/26/2026 01:40:44 PM","06/26/2030 11:59:59 PM","40.71446234128","-73.99157708402","1","103","1003805","1002940028","16","MN0301","POINT (-73.991577084022 40.714462341278)"
"ELEVATED ENTERTAINMENT RESTAURANTS LLC","CORNERSTONE / THE STAG'S HEAD","961 2 AVENUE","NEW YORK","Manhattan","10022","Sidewalk","Issued","07/21/2026 10:20:45 AM","07/21/2030 11:59:59 PM","40.75540736771","-73.96814642322","4","106","1038445","1013240029","98","MN0604","POINT (-73.968146423221 40.755407367711)"
"BOGMAN LLC","BEARDED LADY","686A WASHINGTON AVENUE","BROOKLYN","Brooklyn","11238","Sidewalk","Issued","03/27/2026 07:50:11 AM","03/27/2030 11:59:59 PM","40.67737228076","-73.96369172148","35","308","3028558","3011530030","205","BK0801","POINT (-73.963691721476 40.677372280756)"
"TERMINUS RESTAURANT ASSOCIATES LLC","ORSAY","1057 LEXINGTON AVENUE","NEW YORK","Manhattan","10021","Roadway","Issued","04/10/2026 12:17:59 PM","04/10/2030 11:59:59 PM","40.77245824081","-73.96070442567","4","108","1043145","1014100023","128","MN0802","POINT (-73.960704425666 40.772458240805)"
"71 WEST 55TH RESTAURANT CORP","WHISKEY TRADER","71 WEST   55 STREET","NEW YORK","Manhattan","10019","Roadway","Issued","05/08/2026 04:23:41 PM","05/08/2030 11:59:59 PM","40.76255134734","-73.97700519778","4","105","1034855","1012710071","104","MN0502","POINT (-73.97700519778 40.762551347344)"
"Little Dokebi Inc.","LITTLE DOKEBI","85 DRIGGS AVENUE","BROOKLYN","Brooklyn","11222","Sidewalk","Issued","05/29/2026 11:30:09 AM","05/29/2030 11:59:59 PM","40.72323696409","-73.94246044884","33","301","3067714","3027040025","591","BK0101","POINT (-73.942460448842 40.723236964089)"
"TIMONI INC","TRE GIOVANI","548 LAGUARDIA PLACE","NEW YORK","Manhattan","10012","Roadway","Issued","09/26/2025 12:42:32 PM","09/26/2029 11:59:59 PM","40.72880404705","-73.99832587693","2","102","1008640","1005370021","65","MN0202","POINT (-73.998325876931 40.728804047051)"
"MIPR INC","MADE IN PUERTO RICO","3363 EAST TREMONT AVENUE","BRONX","Bronx","10461","Sidewalk","Issued","05/15/2026 12:35:02 PM","05/15/2030 11:59:59 PM","40.83444073638","-73.82925626939","13","210","2072680","2053110002","184","BX1002","POINT (-73.829256269387 40.834440736382)"
"NY GEORGE'S CATERING CORP.","MAMA PISCO KITCHEN","53-05 65 PLACE","MASPETH","Queens","11378","Sidewalk","Issued","08/21/2026 11:21:29 AM","08/21/2030 11:59:59 PM","40.73081094603","-73.9001557236","30","405","4054978","4023810040","515","QN0501","POINT (-73.900155723596 40.730810946032)"
"PLATAMATA LLC","RHODORA","197 ADELPHI STREET","BROOKLYN","Brooklyn","11205","Roadway","Issued","08/15/2025 04:02:04 PM","08/15/2029 11:59:59 PM","40.69187241147","-73.97159539832","35","302","3058343","3020740001","183","BK0203","POINT (-73.971595398318 40.691872411467)"
"IN GOOD CO PARK AVE INC","PARK AVENUE TAVERN","99 PARK AVENUE","NEW YORK","Manhattan","10016","Sidewalk","Issued","03/13/2026 03:15:52 PM","03/13/2030 11:59:59 PM","40.75073822369","-73.97866592157","4","106","1019460","1008950001","8","MN0603","POINT (-73.978665921568 40.75073822369)"
"TIKI CHICKI LLC","TIKI CHICK","517 AMSTERDAM AVENUE","NEW YORK","Manhattan","10024","Roadway","Issued","04/24/2026 10:18:55 PM","04/24/2030 11:59:59 PM","40.78684762986","-73.9756100805","6","107","1032134","1012150061","169","MN0702","POINT (-73.975610080498 40.786847629855)"
"MEZCALS OF 5 AVE REST. CORP","MEZCAL'S","223 5 AVENUE","BROOKLYN","Brooklyn","11215","Sidewalk","Issued","01/09/2026 01:45:59 PM","01/09/2030 11:59:59 PM","40.67586131003","-73.98081700406","39","306","3020108","3009560001","133","BK0602","POINT (-73.980817004063 40.675861310029)"
"PIACERE ENTERPRISES LLC","PIACERE","351 BROOME STREET","NEW YORK","Manhattan","10013","Sidewalk","Issued","08/14/2026 01:55:33 PM","08/14/2030 11:59:59 PM","40.71977641604","-73.99507571711","1","102","1006944","1004700050","41","MN0201","POINT (-73.995075717108 40.719776416044)"
"ORIGINALBEEBEAVE, LLC","DK PUBLIC","38-40 29 STREET","LONG ISLAND CITY","Queens","11101","Sidewalk","Issued","07/21/2026 10:49:14 AM","07/21/2030 11:59:59 PM","40.75413019922","-73.93396600413","26","401","4430742","4003850031","31","QN0105","POINT (-73.933966004134 40.754130199222)"
"JUST AN OVEN CORP","LIL FRANKIE'S PIZZA","19 1 AVENUE","NEW YORK","Manhattan","10003","Roadway","Issued","01/23/2026 12:12:42 PM","01/23/2030 11:59:59 PM","40.72346763619","-73.98829290367","2","103","1006096","1004430036","3602","MN0303","POINT (-73.988292903674 40.723467636191)"
"NOOR EL HADA CORP.","SABRY'S SEAFOOD","24-25 STEINWAY STREET","ASTORIA","Queens","11103","Sidewalk","Issued","08/07/2026 02:03:11 PM","08/07/2030 11:59:59 PM","40.76857694193","-73.91115328539","22","401","4011501","4006860007","141","QN0104","POINT (-73.911153285388 40.768576941927)"
"PARTNERS COFFEE WV LLC","PARTNERS COFFEE","44 CHARLES STREET","NEW YORK","Manhattan","10014","Sidewalk","Issued","03/06/2026 10:53:03 AM","03/06/2030 11:59:59 PM","40.73500720521","-74.00229491762","3","102","1010829","1006110016","73","MN0203","POINT (-74.002294917621 40.735007205214)"
"WESTVILLE RESTAURANT, INC.","WESTVILLE","173 AVENUE A","NEW YORK","Manhattan","10009","Sidewalk","Issued","09/11/2026 11:15:29 AM","09/11/2030 11:59:59 PM","40.72835248429","-73.98186619533","2","103","1005944","1004380027","34","MN0303","POINT (-73.981866195331 40.728352484287)"
"BONDI - 75 KENMARE STREET, LLC","BONDI SUSHI","75 KENMARE STREET","NEW YORK","Manhattan","10012","Sidewalk","Issued","08/07/2026 11:58:36 AM","08/07/2030 11:59:59 PM","40.72145626132","-73.99634908397","1","102","1007179","1004807504","41","MN0201","POINT (-73.996349083972 40.721456261317)"
"OAK CAFE LLC","GRETA","204 NASSAU AVENUE","BROOKLYN","Brooklyn","11222","Roadway","Issued","10/24/2025 03:37:11 PM","10/24/2029 11:59:59 PM","40.7255766225","-73.94473136596","33","301","3067044","3026860007","591","BK0101","POINT (-73.944731365955 40.725576622499)"
"BK BRASS LLC","BKB","327 STUYVESANT AVENUE","BROOKLYN","Brooklyn","11233","Sidewalk","Issued","05/22/2026 09:09:58 AM","05/22/2030 11:59:59 PM","40.68320154556","-73.93209672691","36","303","3046474","3016660001","295","BK0302","POINT (-73.932096726908 40.683201545558)"
"FIASCHETTERIA WEST LTD.","FIASCHETTERIA PISTOIA","114 CHRISTOPHER STREET","NEW YORK","Manhattan","10014","Roadway","Issued","03/13/2026 02:43:03 PM","03/13/2030 11:59:59 PM","40.73319280806","-74.00547734234","3","102","1010036","1005880048","73","MN0203","POINT (-74.005477342338 40.733192808056)"
"BAGEL PUB 110 UNIVERSITY PLACE CORP","BAGEL PUB","110 UNIVERSITY PLACE","NEW YORK","Manhattan","10003","Sidewalk","Issued","09/25/2026 09:08:29 AM","09/25/2030 11:59:59 PM","40.73427687532","-73.99249469161","2","102","1009386","1005707503","61","MN0202","POINT (-73.992494691609 40.734276875319)"
"340 WEST 46TH STREET CORP","LE RIVAGE","340 WEST   46 STREET","NEW YORK","Manhattan","10036","Roadway","Issued","10/03/2025 01:31:57 PM","10/03/2029 11:59:59 PM","40.76029969331","-73.98916718069","3","104","1025020","1010360049","12101","MN0402","POINT (-73.989167180685 40.760299693312)"
"490 LAGUARDIA LLC","SAINT DENIS","88 WEST HOUSTON STREET","NEW YORK","Manhattan","10012","Sidewalk","Issued","09/25/2026 11:47:57 AM","09/25/2030 11:59:59 PM","40.72698702426","-74.00001803963","2","102","1008273","1005250056","65","MN0202","POINT (-74.000018039625 40.726987024256)"
"22 CAFE INC","OSTERIA DELBIANCO","22 EAST   49 STREET","NEW YORK","Manhattan","10017","Roadway","Issued","05/08/2026 02:21:21 PM","05/08/2030 11:59:59 PM","40.75747896461","-73.9766640452","4","105","1035446","1012840059","94","MN0502","POINT (-73.976664045202 40.757478964608)"
"PIZZA 54 INC","MARINARA","985 1 AVENUE","NEW YORK","Manhattan","10022","Sidewalk","Issued","07/24/2026 02:00:49 PM","07/24/2030 11:59:59 PM","40.75647393637","-73.9642656679","4","106","1076279","1013470023","10801","MN0604","POINT (-73.964265667901 40.756473936366)"
"CERELI, INC","MOLE","57 JANE STREET","NEW YORK","Manhattan","10014","Sidewalk","Issued","09/25/2026 11:46:31 AM","09/25/2030 11:59:59 PM","40.73814162262","-74.00537671185","3","102","1011646","1006260021","77","MN0203","POINT (-74.00537671185 40.738141622621)"
"MOULINAS LLC","BAR TABAC","128 SMITH STREET","AMITYVILLE",,"11701","Roadway","Issued","07/18/2025 02:53:22 PM","07/18/2029 11:59:59 PM","40.6906523745","-73.41365668616","33","302",,,,,"POINT (-73.41365668616 40.6906523745)"
"TK RESTAURANT CORP","SQUARE DINER","33 LEONARD STREET","NEW YORK","Manhattan","10013","Sidewalk","Issued","07/31/2026 02:23:03 PM","07/31/2030 11:59:59 PM","40.71840664723","-74.00734839364","1","101","1079304","1001790042","33","MN0102","POINT (-74.007348393635 40.718406647231)"
"SAVORY BAR INC","CLOUD TOUCH","2785 BROADWAY","NEW YORK","Manhattan","10025","Sidewalk","Issued","05/15/2026 09:23:01 AM","05/15/2030 11:59:59 PM","40.80247986175","-73.96802267347","7","107","1057284","1018920046","195","MN0703","POINT (-73.968022673472 40.80247986175)"
"ELLA HOSPITALITY LLC","MEADOWSWEET","149 BROADWAY","BROOKLYN","Brooklyn","11211","Sidewalk","Issued","06/25/2026 09:02:09 AM","06/25/2030 11:59:59 PM","40.71027100447","-73.96329860267","34","301","3063560","3024570039","549","BK0102","POINT (-73.963298602668 40.710271004471)"
"ANDREAS WV, LLC","DA ANDREA","35 WEST   13 STREET","NEW YORK","Manhattan","10011","Sidewalk","Issued","03/13/2026 01:52:03 PM","03/13/2030 11:59:59 PM","40.73584703304","-73.99538123943","2","102","1009713","1005770019","63","MN0202","POINT (-73.995381239429 40.73584703304)"
"EAST COUNTY LOUTH INC","THE PENNY FARTHING","103 3 AVENUE","NEW YORK","Manhattan","10003","Sidewalk","Issued","08/07/2026 01:49:20 PM","08/07/2030 11:59:59 PM","40.7324457118","-73.98777895274","2","103","1079847","1004680007","4002","MN0303","POINT (-73.987778952735 40.732445711799)"
"BOLIVIAN LLAMA PARTY LLC","BOLIVIAN LLAMA PARTY","44-14 48 AVENUE","WOODSIDE","Queens","11377","Roadway","Issued","06/27/2025 07:51:03 PM","06/27/2029 11:59:59 PM","40.73948150308","-73.92109063928","26","402","4446397","4022880032","18501","QN0202","POINT (-73.921090639282 40.739481503076)"
"BUNS REST INC","THE BROOKLYN TREE","188 MONTROSE AVENUE","BROOKLYN","Brooklyn","11206","Roadway","Issued","02/13/2026 03:36:02 PM","02/13/2030 11:59:59 PM","40.70743235965","-73.94201607197","34","301","3071220","3030620020","49302","BK0104","POINT (-73.94201607197 40.707432359652)"
"701 RESTAURANT LLC","MOM'S KITCHEN & BAR","701 9 AVENUE","NEW YORK","Manhattan","10019","Sidewalk","Issued","05/08/2026 02:11:13 PM","05/08/2030 11:59:59 PM","40.76229793771","-73.98982745611","3","104","1026601","1010580029","127","MN0402","POINT (-73.989827456113 40.762297937707)"
"CHARLESNUMBERTHREE LLC","CHARLES PAN-FRIED CHICKEN","439 WEST  125 STREET","NEW YORK","Manhattan","10027","Sidewalk","Issued","05/13/2026 10:22:00 AM","05/13/2030 11:59:59 PM","40.81240066118","-73.95541361921","7","109","1087339","1019660049","20901","MN0901","POINT (-73.955413619207 40.812400661178)"
"D'ANTIGUA N Y CORP","D'ANTIGUA","84-16 NORTHERN BOULEVARD","JACKSON HEIGHTS","Queens","11372","Sidewalk","Issued","09/11/2026 10:18:17 AM","09/11/2030 11:59:59 PM","40.75576686817","-73.88326184181","25","403","4035174","4014320006","281","QN0301","POINT (-73.883261841807 40.755766868169)"
"JUICE GENERATION INC","JUICE GENERATION","4 ASTOR PLACE","NEW YORK","Manhattan","10003","Sidewalk","Issued","05/15/2026 12:28:39 PM","05/15/2030 11:59:59 PM","40.73001425725","-73.99252403827","2","102","1080094","1005450026","57","MN0202","POINT (-73.992524038272 40.730014257254)"
"SINGLECUT BEERSMITHS LLC","SINGLECUT BEERSMITHS","19-33 37 STREET","ASTORIA","Queens","11105","Sidewalk","Issued","07/24/2026 02:26:44 PM","07/24/2030 11:59:59 PM","40.77857936741","-73.90170504177","22","401","4016130","4008120031","12301","QN0101","POINT (-73.901705041774 40.778579367406)"
"JOHN DORY LLC","MARKET TABLE","54 CARMINE STREET","NEW YORK","Manhattan","10014","Sidewalk","Issued","07/24/2026 02:01:58 PM","07/24/2030 11:59:59 PM","40.72993209934","-74.00366581453","3","102","1008355","1005270053","67","MN0203","POINT (-74.003665814531 40.729932099336)"
"SUN OF MAY LLC","CORNER SOCIAL","321 LENOX AVENUE","NEW YORK","Manhattan","10027","Sidewalk","Issued","08/28/2026 02:03:04 PM","08/28/2030 11:59:59 PM","40.80853974836","-73.94493674916","9","110","1057863","1019110029","224","MN1002","POINT (-73.944936749162 40.808539748359)"
"DANA'S LLC","MARSEILLE","630 9 AVENUE","NEW YORK","Manhattan","10036","Sidewalk","Issued","07/24/2026 02:02:36 PM","07/24/2030 11:59:59 PM","40.76003089966","-73.99144856882","3","104","1024982","1010350001","12101","MN0402","POINT (-73.99144856882 40.760030899657)"
"NICHL DUE INC","POLPETTE 71","71 WEST   71 STREET","NEW YORK","Manhattan","10023","Roadway","Issued","05/22/2026 11:50:30 AM","05/22/2030 11:59:59 PM","40.77643463143","-73.97859266623","6","107","1079297","1011240003","157","MN0701","POINT (-73.978592666233 40.776434631426)"
"TRAIN DESIGN LLC","PASTIS","54 GANSEVOORT STREET","NEW YORK","Manhattan","10014","Roadway","Issued","05/01/2026 11:59:23 AM","05/01/2030 11:59:59 PM","40.73937942291","-74.00700789876","3","102","1080258","1006430049","79","MN0203","POINT (-74.007007898756 40.739379422906)"
"GRAND ASTORIA INC","THE GRAND","37-01 30 AVENUE","ASTORIA","Queens","11103","Sidewalk","Issued","08/07/2026 02:15:06 PM","08/07/2030 11:59:59 PM","40.76458730531","-73.91646167624","22","401","4430956","4006610047","6502","QN0103","POINT (-73.91646167624 40.764587305306)"
"GALICIA TAPAS LLC","GALICIA TAPAS","575 WEST  207 STREET","NEW YORK","Manhattan","10034","Sidewalk","Issued","07/21/2026 11:13:29 AM","07/21/2030 11:59:59 PM","40.86656839595","-73.92048008317","10","112","1064847","1022270001","293","MN1203","POINT (-73.920480083171 40.866568395946)"
"NUMINOSITY LLC","JACK'S WIFE FREDA","226 LAFAYETTE STREET","NEW YORK","Manhattan","10012","Sidewalk","Issued","03/20/2026 12:43:16 PM","03/20/2030 11:59:59 PM","40.72209856337","-73.99730868606","1","102","1007216","1004820022","45","MN0201","POINT (-73.997308686061 40.722098563371)"
"PETER'S FRESH BAGEL INC.","PETER'S HOT BAGEL","47-04 BELL BOULEVARD","BAYSIDE","Queens","11361","Sidewalk","Issued","05/22/2026 10:56:04 AM","05/22/2030 11:59:59 PM","40.75667507549","-73.76758870649","19","411","4157332","4073300023","1447","QN1102","POINT (-73.767588706493 40.756675075494)"
"GREAT CATERERS LLC","BALADE","208 1 AVENUE","NEW YORK","Manhattan","10009","Roadway","Issued","07/31/2026 12:09:15 PM","07/31/2030 11:59:59 PM","40.7303453984","-73.98327642103","2","103","1005980","1004400006","34","MN0303","POINT (-73.983276421025 40.730345398397)"
"118 RESTAURANT LLC","ROMEO'S","118 SAINT MARKS PLACE","NEW YORK","Manhattan","10009","Sidewalk","Issued","06/25/2026 09:03:33 AM","06/25/2030 11:59:59 PM","40.72727144193","-73.98456883816","2","103","1005831","1004350023","32","MN0303","POINT (-73.98456883816 40.727271441933)"
"table 87 GOWANUS NYC LLC","TABLE 87 / EIGHTY-SEVEN NEXT DOOR","473 3 AVENUE","BROOKLYN","Brooklyn","11215","Sidewalk","Issued","03/27/2026 10:41:38 AM","03/27/2030 11:59:59 PM","40.67075732231","-73.99158622951","38","306","3022458","3010150011","121","BK0601","POINT (-73.991586229513 40.670757322307)"
"BUBBY'S PIE CO INC","BUBBY'S","120 HUDSON STREET","NEW YORK","Manhattan","10013","Sidewalk","Issued","05/01/2026 11:37:50 AM","05/01/2030 11:59:59 PM","40.71984756406","-74.00858954589","1","101","1002140","1001890020","33","MN0102","POINT (-74.008589545893 40.719847564063)"
"THREE TOP CHELSEA LLC.","THE COMMONS CHELSEA","128 7 AVENUE","NEW YORK","Manhattan","10011","Sidewalk","Issued","08/07/2026 02:13:04 PM","08/07/2030 11:59:59 PM","40.74084806813","-73.99801883546","3","104","1013853","1007670043","81","MN0401","POINT (-73.998018835455 40.740848068134)"
"KIKO NYC LLC","KIKO","307 SPRING STREET","NEW YORK","Manhattan","10013","Sidewalk","Issued","08/07/2026 01:24:38 PM","08/07/2030 11:59:59 PM","40.72593271855","-74.00850735228","3","102","1010364","1005970033","37","MN0201","POINT (-74.008507352284 40.725932718545)"
"AVANOELLE BK LLC","ALTAR","645 STERLING PLACE","BROOKLYN","Brooklyn","11238","Sidewalk","Issued","05/22/2026 08:47:00 AM","05/22/2030 11:59:59 PM","40.67335172857","-73.95730944101","35","308","3324385","3011680060","217","BK0802","POINT (-73.957309441007 40.673351728568)"
"MACOLETTA LLC","MACOLETTA","28-15 24 AVENUE","ASTORIA","Queens","11102","Sidewalk","Issued","06/19/2026 11:24:35 AM","06/19/2030 11:59:59 PM","40.77335163047","-73.9168947246","22","401","4017574","4008430076","115","QN0101","POINT (-73.916894724604 40.773351630472)"
"AUTOMATIC SLIMS INC.","AUTOMATIC SLIM'S","733 WASHINGTON STREET","NEW YORK","Manhattan","10014","Sidewalk","Issued","06/25/2026 08:10:17 AM","06/25/2030 11:59:59 PM","40.7362997124","-74.00829217515","3","102","1011923","1006357502","79","MN0203","POINT (-74.008292175149 40.736299712402)"
"UNCLE BIAGIO LLC","DON ANGIE","103 GREENWICH AVENUE","NEW YORK","Manhattan","10014","Roadway","Issued","10/31/2025 11:34:53 AM","10/31/2029 11:59:59 PM","40.73773276442","-74.00181868864","3","102","1011048","1006150081","77","MN0203","POINT (-74.001818688643 40.737732764416)"
"VEGG 58TH LLC","MASSERIA DEI VINI","889 9 AVENUE","NEW YORK","Manhattan","10019","Sidewalk","Issued","05/15/2026 12:36:37 PM","05/15/2030 11:59:59 PM","40.76831397189","-73.98543295359","6","104","1026889","1010670033","139","MN0402","POINT (-73.985432953589 40.768313971894)"
"SBCPS, LLC","SARABETH'S","40 CENTRAL PARK SOUTH","NEW YORK","Manhattan","10019","Sidewalk","Issued","07/31/2026 01:48:44 PM","07/31/2030 11:59:59 PM","40.76507882166","-73.97487081375","4","105","1080443","1012740006","11201","MN0502","POINT (-73.974870813753 40.765078821657)"
"TPK HOLDINGS LLC","7TH STREET BURGER","91 EAST    7 STREET","NEW YORK","Manhattan","10009","Roadway","Issued","02/27/2026 01:04:41 PM","02/27/2030 11:59:59 PM","40.72683513323","-73.98540236838","2","103","1005814","1004350001","32","MN0303","POINT (-73.985402368383 40.726835133231)"
"DINGXIANG INC.","BIRDS OF A FEATHER","191 GRAND STREET","BROOKLYN","Brooklyn","11211","Roadway","Issued","05/08/2026 12:11:26 PM","05/08/2030 11:59:59 PM","40.71423356663","-73.96063066757","34","301","3062637","3023810008","553","BK0102","POINT (-73.960630667574 40.71423356663)"
"CATICHO INC.","IL CORALLO","176 PRINCE STREET","NEW YORK","Manhattan","10012","Sidewalk","Issued","09/02/2026 02:43:44 PM","09/02/2030 11:59:59 PM","40.72626787935","-74.00192661113","1","102","1007785","1005030020","49","MN0201","POINT (-74.001926611132 40.726267879345)"
"LITTLE POLAND LLC","LITTLE POLAND","200 2 AVENUE","NEW YORK","Manhattan","10003","Sidewalk","Issued","02/13/2026 04:01:30 PM","02/13/2030 11:59:59 PM","40.7313942162","-73.98561785568","2","103","1006479","1004540004","4001","MN0303","POINT (-73.985617855678 40.731394216196)"
"PIZZA 34 LLC","PREVITI PIZZA","344 EAST   34 STREET","NEW YORK","Manhattan","10016","Sidewalk","Issued","06/19/2026 11:58:05 AM","06/19/2030 11:59:59 PM","40.74419661219","-73.97452505221","4","106","1081681","1009390037","7001","MN0603","POINT (-73.974525052212 40.744196612185)"
"THE ALCOVE RESTAURANT INC","THE ALCOVE","41-11 49 STREET","SUNNYSIDE","Queens","11104","Roadway","Issued","10/24/2025 03:51:04 PM","10/24/2029 11:59:59 PM","40.74591932256","-73.91528339246","26","402","4001158","4001340025","25301","QN0202","POINT (-73.915283392457 40.745919322558)"
"LITTLE TIFFIN LLC","LITTLE TIFFIN","970 MANHATTAN AVENUE","BROOKLYN","Brooklyn","11222","Sidewalk","Issued","05/15/2026 12:31:50 PM","05/15/2030 11:59:59 PM","40.73221229997","-73.95457986169","33","301","3321485","3025410008","575","BK0101","POINT (-73.954579861686 40.732212299968)"
"MPRINCE INC.","MOMOYA SOHO","47 PRINCE STREET","NEW YORK","Manhattan","10012","Roadway","Issued","05/22/2026 10:36:44 AM","05/22/2030 11:59:59 PM","40.72341326198","-73.99581503218","1","102","1089679","1005100025","43","MN0201","POINT (-73.995815032179 40.72341326198)"
"MAMAN WASHINGTON SQUARE LLC","MAMAN","67 UNIVERSITY PLACE","NEW YORK","Manhattan","10003","Roadway","Issued","07/21/2026 11:00:08 AM","07/21/2030 11:59:59 PM","40.7329539659","-73.99360257377","2","102","1082681","1005620001","61","MN0202","POINT (-73.993602573765 40.7329539659)"
"STREET ART AND GRAFFITI LLC","ARTXNYC","409 WEST   14 STREET","NEW YORK","Manhattan","10014","Sidewalk","Issued","05/29/2026 09:33:59 AM","05/29/2030 11:59:59 PM","40.74118279367","-74.00591826274","3","104","1012532","1007120024","79","MN0203","POINT (-74.005918262738 40.741182793673)"
"grey dog carmine inc","THE GREY DOG","49 CARMINE STREET","NEW YORK","Manhattan","10014","Roadway","Issued","10/03/2025 01:47:20 PM","10/03/2029 11:59:59 PM","40.72992660748","-74.00373797593","3","102","1083525","1005860042","67","MN0203","POINT (-74.003737975925 40.729926607476)"
"EGS LLC","THE VIAND","517 COLUMBUS AVENUE","NEW YORK","Manhattan","10024","Sidewalk","Issued","07/20/2026 03:53:36 PM","07/20/2030 11:59:59 PM","40.78569967614","-73.97273244075","6","107","1031339","1011987502","169","MN0702","POINT (-73.972732440747 40.785699676137)"
"ARTICHOKE BUSHWICK, LLC","ARTICHOKE BASILLE'S PIZZA","18 WYCKOFF AVENUE","BROOKLYN","Brooklyn","11237","Sidewalk","Issued","07/31/2026 12:08:03 PM","07/31/2030 11:59:59 PM","40.70649327546","-73.92276372566","34","304","3072597","3031880034","447","BK0401","POINT (-73.922763725663 40.706493275462)"
"TIME SQUARE 46 RESTAURANT CORP","SICILY OSTERIA","328 WEST   46 STREET","NEW YORK","Manhattan","10036","Roadway","Issued","04/24/2026 10:02:24 PM","04/24/2030 11:59:59 PM","40.76019811382","-73.98892173556","3","104","1076202","1010360045","12101","MN0402","POINT (-73.98892173556 40.760198113817)"
"ROMA CREW INC","JORA","4746 11TH ST","LONG ISLAND CITY","Queens","11101","Roadway","Issued","03/13/2026 02:51:51 PM","03/13/2030 11:59:59 PM","40.74410392575","-73.95108556831","26","402","4000280","4000450022","701","QN0201","POINT (-73.951085568312 40.744103925746)"
"CREVETTE LLC","CREVETTE","10 DOWNING ST","NEW YORK","Manhattan","10014","Sidewalk","Issued","07/24/2026 01:03:03 PM","07/24/2030 11:59:59 PM","40.72958902744","-74.00282511609","3","102","1008350","1005270027","67","MN0203","POINT (-74.002825116086 40.729589027438)"
"4710 CAFE INC","WOODBINES","47-10 VERNON BOULEVARD","LONG ISLAND CITY","Queens","11101","Roadway","Issued","05/15/2026 01:44:59 PM","05/15/2030 11:59:59 PM","40.74514236898","-73.9533006753","26","402","4000087","4000290048","702","QN0201","POINT (-73.953300675297 40.745142368982)"
"PIZZA FUSION INC","CANTINA LA 87","87-01 NORTHERN BOULEVARD","JACKSON HEIGHTS","Queens","11372","Sidewalk","Issued","04/10/2026 11:58:35 AM","04/10/2030 11:59:59 PM","40.75606329082","-73.88058306437","25","403","4034811","4014170047","279","QN0301","POINT (-73.880583064368 40.756063290823)"
"SIREN RETAIL CORPORATION","STARBUCKS RESERVE ROASTERY","61 9 AVENUE","NEW YORK","Manhattan","10011","Sidewalk","Issued","08/21/2026 01:39:05 PM","08/21/2030 11:59:59 PM","40.74143260993","-74.00501971613","3","104","1090217","1007120036","83","MN0401","POINT (-74.00501971613 40.74143260993)"
"COLUMBUS AVENUE HOSPITALITY LLC","PARLA","320 COLUMBUS AVENUE","NEW YORK","Manhattan","10023","Roadway","Issued","12/20/2024 10:18:36 AM","12/20/2028 11:59:59 PM","40.77945635856","-73.97730625366","6","107","1030136","1011470029","161","MN0702","POINT (-73.977306253658 40.779456358561)"
"LUCALI BROOKLYN LLC","LUCALI","575 HENRY STREET","BROOKLYN","Brooklyn","11231","Roadway","Issued","04/17/2026 02:59:39 PM","04/17/2030 11:59:59 PM","40.68190691006","-74.0004651065","39","306","3004909","3003550002","65","BK0601","POINT (-74.000465106496 40.681906910059)"
"CENTER BLVD RESTAURANT LLC","AMERICAN BRASS","2-01 50 AVENUE","LONG ISLAND CITY","Queens","11101","Sidewalk","Issued","02/20/2026 02:58:45 PM","02/20/2030 11:59:59 PM","40.74358261006","-73.95853457303","26","402","4533416","4000170028","101","QN0201","POINT (-73.958534573032 40.743582610058)"
"NTH NY CORP","LA BOMBONIERA","1378 LEXINGTON AVENUE","NEW YORK","Manhattan","10128","Sidewalk","Issued","05/29/2026 11:26:08 AM","05/29/2030 11:59:59 PM","40.78258362713","-73.95333931153","4","108","1048276","1015190059","14802","MN0802","POINT (-73.953339311533 40.782583627131)"
"EPSTEIN'S BAR LLC","82 STANTON","82 STANTON STREET","NEW YORK","Manhattan","10002","Sidewalk","Issued","02/13/2026 02:23:31 PM","02/13/2030 11:59:59 PM","40.72155184032","-73.98880913256","1","103","1079079","1004170070","3001","MN0302","POINT (-73.988809132558 40.721551840317)"
"PYRAMID EFFECT LLC","FELLINI CUCINA / FELLINI COFFEE","176 7 AVENUE SOUTH","NEW YORK","Manhattan","10014","Sidewalk","Issued","07/21/2026 11:07:48 AM","07/21/2030 11:59:59 PM","40.7359514177","-74.00146501542","3","102","1010941","1006130068","71","MN0203","POINT (-74.001465015422 40.735951417703)"
"UNCLE BOON'S LLC","THAI DINER","186 MOTT STREET","NEW YORK","Manhattan","10012","Sidewalk","Issued","04/03/2026 03:46:26 PM","04/03/2030 11:59:59 PM","40.72078102913","-73.99578272981","1","102","1007157","1004790003","41","MN0201","POINT (-73.995782729812 40.720781029127)"
"TALIA'S RESTAURANT GROUP, LLC","TALIA'S STEAKHOUSE","668 AMSTERDAM AVENUE","NEW YORK","Manhattan","10025","Sidewalk","Issued","06/27/2025 08:07:16 PM","06/27/2029 11:59:59 PM","40.79185322704","-73.97197872822","7","107","1033614","1012400036","179","MN0702","POINT (-73.971978728216 40.791853227041)"
"WARREN STREET HOTEL LLC","WARREN STREET BAR & RESTAURANT","86 WARREN STREET","NEW YORK","Manhattan","10007","Sidewalk","Issued","05/15/2026 01:43:08 PM","05/15/2030 11:59:59 PM","40.71537067796","-74.0106126586","1","101","1090140","1001370010","21","MN0102","POINT (-74.010612658602 40.715370677962)"
"1031 LEX AVE HOSPITALITY LLC","COLOMBA COFFEE + BAKERY","1031 LEXINGTON AVENUE","NEW YORK","Manhattan","10021","Sidewalk","Issued","07/24/2026 01:00:57 PM","07/24/2030 11:59:59 PM","40.7716322731","-73.9613042336","4","108","1043057","1014080053","128","MN0802","POINT (-73.961304233603 40.771632273095)"
"1600 AMSTERDAM HARLEM GROUP LLC","FUMO","1600 AMSTERDAM AVENUE","NEW YORK","Manhattan","10031","Sidewalk","Issued","12/19/2025 10:37:39 AM","12/19/2029 11:59:59 PM","40.82132454481","-73.95047578999","7","109","1079854","1020700036","225","MN0903","POINT (-73.950475789991 40.821324544808)"
"BROOME BISTRO AND CAFE LLC","EARLY TERRIBLE","303 BROOME STREET","NEW YORK","Manhattan","10002","Roadway","Issued","05/22/2026 09:30:07 AM","05/22/2030 11:59:59 PM","40.71872226894","-73.99224753412","1","103","1005565","1004180037","18","MN0302","POINT (-73.992247534121 40.718722268935)"
"ANDREWS 35 ST  COFFEE SHOP INC.","ANDREW'S NYC DINER","463 7 AVENUE","NEW YORK","Manhattan","10018","Sidewalk","Issued","05/29/2026 08:51:33 AM","05/29/2030 11:59:59 PM","40.75174161377","-73.99005645841","3","105","1015222","1008110001","109","MN0502","POINT (-73.990056458411 40.751741613774)"
"GREEK TAVERNA LLC","TELLY'S TAVERNA","28-11 23 AVENUE","ASTORIA","Queens","11105","Roadway","Issued","05/08/2026 02:37:21 PM","05/08/2030 11:59:59 PM","40.77543854646","-73.91438638009","22","401","4017677","4008450061","115","QN0101","POINT (-73.914386380092 40.775438546455)"
"STERLING PARKSIDE CORP","PARKSIDE LOUNGE","317 EAST HOUSTON STREET","NEW YORK","Manhattan","10002","Roadway","Issued","04/03/2026 02:34:19 PM","04/03/2030 11:59:59 PM","40.72124647653","-73.98313080089","2","103","1004272","1003500062","2201","MN0302","POINT (-73.983130800885 40.72124647653)"
"MEALZ POINT CORP","SAPERAVI","245 EAST   14 STREET","NEW YORK","Manhattan","10003","Sidewalk","Issued","07/20/2026 04:56:03 PM","07/20/2030 11:59:59 PM","40.7328544951","-73.98613712643","2","106","1019514","1008960023","48","MN0602","POINT (-73.986137126427 40.7328544951)"
"THE BEER GARAGE LLC","THE BEER GARAGE","412 DOUGLASS STREET","BROOKLYN","Brooklyn","11217","Roadway","Issued","07/03/2025 01:25:40 PM","07/03/2029 11:59:59 PM","40.67848237195","-73.97966255411","39","306","3019356","3009460045","131","BK0602","POINT (-73.979662554113 40.678482371945)"
"LA MELA RISTORANTE ITALIANO INC.","LA MELA","167 MULBERRY STREET","NEW YORK","Manhattan","10013","Roadway","Issued","08/08/2025 02:50:57 PM","08/08/2029 11:59:59 PM","40.71991097814","-73.99707789214","1","102","1006967","1004710019","41","MN0201","POINT (-73.997077892142 40.719910978144)"
"CITIZENS OF CHELSEA LLC","CITIZENS OF CHELSEA","401 WEST   25 STREET","NEW YORK","Manhattan","10001","Sidewalk","Issued","07/21/2026 10:07:34 AM","07/21/2030 11:59:59 PM","40.74780331171","-74.00046917738","3","104","1089398","1007237502","93","MN0401","POINT (-74.000469177384 40.747803311708)"
"108-02 72ND REST LLC","REEF","108-02 72 AVENUE","FOREST HILLS","Queens","11375","Sidewalk","Issued","07/31/2026 01:45:14 PM","07/31/2030 11:59:59 PM","40.71950094922","-73.84250288122","29","406","4078033","4032580033","737","QN0602","POINT (-73.842502881222 40.719500949215)"
"ELITE PASTRIES INC","ELITE PASTRIES CAFE","47-36 BELL BOULEVARD","BAYSIDE","Queens","11361","Sidewalk","Issued","08/28/2026 01:25:38 PM","08/28/2030 11:59:59 PM","40.75638938755","-73.76747420196","19","411","4157334","4073300038","1447","QN1102","POINT (-73.76747420196 40.756389387545)"
"SIXSILY LLC","IL MELOGRANO","501 WEST   51 STREET","NEW YORK","Manhattan","10019","Sidewalk","Issued","05/15/2026 10:28:57 AM","05/15/2030 11:59:59 PM","40.76535023817","-73.99141900311","3","104","1070111","1010800028","13501","MN0402","POINT (-73.991419003112 40.765350238165)"
"APQ 1399 MADISON NY, LLC","LE PAIN QUOTIDIEN","1399 MADISON AVENUE","NEW YORK","Manhattan","10029","Sidewalk","Issued","08/14/2026 12:48:02 PM","08/14/2030 11:59:59 PM","40.78798265617","-73.95358830019","8","111","1051462","1016030020","16002","MN1101","POINT (-73.953588300185 40.787982656167)"
"PEDRO'S BAR & RESTAURANT, INC","PEDRO'S","73 JAY STREET","BROOKLYN","Brooklyn","11201","Sidewalk","Issued","02/13/2026 03:51:57 PM","02/13/2030 11:59:59 PM","40.70251663748","-73.98667362902","33","302","3000091","3000410001","21","BK0202","POINT (-73.986673629017 40.702516637482)"
"ARCHWAY ON WATER CORP","TOMMY'S BAR & BURGER","57B PEARL STREET","BROOKLYN","Brooklyn","11201","Sidewalk","Issued","06/25/2026 08:06:01 AM","06/25/2030 11:59:59 PM","40.70304922509","-73.98758239155","33","302","3000090","3000400001","21","BK0202","POINT (-73.987582391545 40.703049225092)"
"848 RESTAURANT INC","BENNY JOHN'S BAR AND GRILL","8 EAST   48 STREET","NEW YORK","Manhattan","10017","Sidewalk","Issued","08/07/2026 11:53:43 AM","08/07/2030 11:59:59 PM","40.75705096779","-73.97759546218","4","105","1035426","1012830064","94","MN0502","POINT (-73.97759546218 40.757050967793)"
"JUST SALAD 670 COLUMBUS AVENUE LLC","JUST SALAD","670 COLUMBUS AVENUE","NEW YORK","Manhattan","10025","Sidewalk","Issued","07/21/2026 12:53:12 PM","07/21/2030 11:59:59 PM","40.79066950693","-73.96912261909","7","107","1032526","1012237503","177","MN0702","POINT (-73.969122619093 40.790669506933)"
"ADELPHI BROTHERS TAVERN & LOUNGE, INC.","DICK AND JANE'S","266 ADELPHI STREET","BROOKLYN","Brooklyn","11205","Roadway","Issued","04/24/2026 02:40:22 PM","04/24/2030 11:59:59 PM","40.6899756842","-73.97123922386","35","302","3335272","3020900065","183","BK0203","POINT (-73.971239223861 40.6899756842)"
"SELVAM CORP","DINO","222 DEKALB AVENUE","BROOKLYN","Brooklyn","11205","Sidewalk","Issued","03/13/2026 01:53:33 PM","03/13/2030 11:59:59 PM","40.68950613826","-73.97049300807","35","302","3059082","3021040029","181","BK0203","POINT (-73.970493008067 40.689506138257)"
"FGNY 188 SECOND AVENUE LLC","FIVE GUYS BURGERS & FRIES","188 2 AVENUE","NEW YORK","Manhattan","10003","Sidewalk","Issued","04/17/2026 02:17:48 PM","04/17/2030 11:59:59 PM","40.73085629087","-73.98601125899","2","103","1006476","1004530008","4001","MN0303","POINT (-73.98601125899 40.730856290865)"
"GRAND ENDEAVORS INC.","CLEM'S","264 GRAND STREET","BROOKLYN","Brooklyn","11211","Sidewalk","Issued","05/16/2025 03:49:18 PM","05/16/2029 11:59:59 PM","40.71337921541","-73.95856425653","34","301","3062815","3023940022","523","BK0102","POINT (-73.958564256526 40.713379215412)"
"1490 REST, INC.","DOC WATSONS","1490 2 AVENUE","NEW YORK","Manhattan","10075","Sidewalk","Issued","06/12/2026 02:13:04 PM","06/12/2030 11:59:59 PM","40.77241525005","-73.95570766281","5","108","1045228","1014520052","134","MN0801","POINT (-73.955707662814 40.772415250053)"
"ESQ 60TH LLC","EMMY SQUARED PIZZA","200 WEST   60 STREET","NEW YORK","Manhattan","10023","Sidewalk","Issued","08/14/2026 12:09:54 PM","08/14/2030 11:59:59 PM","40.7711303201","-73.98736024919","6","107","1077845","1011517501","147","MN0701","POINT (-73.987360249193 40.771130320103)"
"THREE HOOPLES LTD","BROADWAY DIVE","2662 BROADWAY","NEW YORK","Manhattan","10025","Sidewalk","Issued","08/07/2026 12:01:56 PM","08/07/2030 11:59:59 PM","40.79797883385","-73.96933953471","7","107","1056505","1018730020","187","MN0703","POINT (-73.969339534706 40.797978833846)"
"NJJMJ INC","DENINO'S","93 MACDOUGAL STREET","NEW YORK","Manhattan","10012","Roadway","Issued","05/22/2026 09:22:09 AM","05/22/2030 11:59:59 PM","40.72933928373","-74.00105355146","2","102","1084932","1005427502","65","MN0202","POINT (-74.00105355146 40.729339283726)"
"PJC RESTAURANT, LLC","RUFFIAN WINE BAR","125 EAST    7 STREET","NEW YORK","Manhattan","10009","Roadway","Issued","09/18/2026 09:56:52 AM","09/18/2030 11:59:59 PM","40.72637935772","-73.98430927729","2","103","1005846","1004350040","32","MN0303","POINT (-73.984309277291 40.72637935772)"
"JULIANA'S UTBB LLC","JULIANA'S PIZZA","19 OLD FULTON STREET","BROOKLYN","Brooklyn","11201","Sidewalk","Issued","05/16/2025 03:56:20 PM","05/16/2029 11:59:59 PM","40.7025748744","-73.99361632009","33","302","3329414","3000350005","21","BK0202","POINT (-73.993616320094 40.702574874401)"
"BRK BAR GROUP LLC","SILVER LIGHT TAVERN","689 LORIMER STREET","BROOKLYN","Brooklyn","11211","Sidewalk","Issued","09/04/2026 10:36:41 AM","09/04/2030 11:59:59 PM","40.71750665384","-73.94994357714","33","301","3068136","3027360025","515","BK0102","POINT (-73.949943577142 40.717506653842)"
"HDMS FOOD LLC","ZIZI WINE BAR","2012 BROADWAY","NEW YORK","Manhattan","10023","Sidewalk","Issued","08/07/2026 02:54:44 PM","08/07/2030 11:59:59 PM","40.77597960868","-73.98213841231","6","107","1028948","1011400046","15302","MN0701","POINT (-73.982138412314 40.775979608678)"
"DIM SUM PALACE INC","DIM SUM PALACE","334 WEST   46 STREET","NEW YORK","Manhattan","10036","Roadway","Issued","05/29/2026 10:37:40 AM","05/29/2030 11:59:59 PM","40.76024753125","-73.98904445826","3","104","1025018","1010360047","12101","MN0402","POINT (-73.989044458255 40.760247531251)"
"FARE & SQUARE PIZZA 23 LLC","BRONI & BELLE’S PIZZERIA","268 WEST   23 STREET","NEW YORK","Manhattan","10011","Sidewalk","Issued","06/25/2026 08:13:36 AM","06/25/2030 11:59:59 PM","40.7448444313","-73.9974557284","3","104","1014139","1007720081","91","MN0401","POINT (-73.997455728397 40.744844431297)"
"PIEINTHESKYBROOKLYN LLC","ME AND PAUL'S","60 GREENPOINT AVENUE","BROOKLYN","Brooklyn","11222","Roadway","Issued","10/31/2025 11:37:07 AM","10/31/2029 11:59:59 PM","40.72977096861","-73.95856845704","33","301","3064789","3025620012","565","BK0101","POINT (-73.958568457037 40.729770968613)"
"WATCHHOUSE COFFEE LLC","WATCHHOUSE COFFEE","287 PARK AVENUE SOUTH","NEW YORK","Manhattan","10010","Sidewalk","Issued","09/11/2026 11:14:45 AM","09/11/2030 11:59:59 PM","40.73967804756","-73.98672029685","2","105","1018010","1008780001","68","MN0602","POINT (-73.986720296845 40.739678047559)"
"THINK FOURTH AVENUE LLC","THINK COFFEE","123 4 AVENUE","NEW YORK","Manhattan","10003","Sidewalk","Issued","04/03/2026 03:58:22 PM","04/03/2030 11:59:59 PM","40.73310741033","-73.98994378559","2","103","1009008","1005580005","42","MN0303","POINT (-73.989943785585 40.733107410331)"
"BOOK CLUB BAR, LLC","BOOK CLUB BAR","197 EAST    3 STREET","NEW YORK","Manhattan","10009","Roadway","Issued","08/08/2025 02:39:44 PM","08/08/2029 11:59:59 PM","40.72292084472","-73.98354526141","2","103","1005000","1003990039","32","MN0303","POINT (-73.983545261413 40.722920844715)"
"JANKYBOYZ LLC","JACK'S WIFE FREDA","258 WYTHE AVENUE","BROOKLYN","Brooklyn","11249","Roadway","Issued","08/08/2025 02:49:59 PM","08/08/2029 11:59:59 PM","40.71706149375","-73.96308201326","33","301","3062390","3023570017","555","BK0102","POINT (-73.96308201326 40.717061493746)"
"THREEFOLD HOLDINGS LLC","THREES BREWING","113 FRANKLIN STREET","BROOKLYN","Brooklyn","11222","Roadway","Issued","01/23/2026 12:13:49 PM","01/23/2030 11:59:59 PM","40.72997648066","-73.95762300971","33","301","3337033","3025570024","565","BK0101","POINT (-73.957623009713 40.729976480659)"
"BLUE BOTTLE COFFEE, LLC","BLUE BOTTLE COFFEE","2901 BROADWAY","NEW YORK","Manhattan","10025","Sidewalk","Issued","06/26/2026 01:33:22 PM","06/26/2030 11:59:59 PM","40.80617348589","-73.96525030848","7","109","1057350","1018950055","199","MN0901","POINT (-73.965250308478 40.806173485886)"
"BROADWAY GS LLC","THE ELLINGTON","2745 BROADWAY","NEW YORK","Manhattan","10025","Sidewalk","Issued","03/20/2026 01:08:12 PM","03/20/2030 11:59:59 PM","40.80075065172","-73.96795488053","7","107","1056607","1018770001","191","MN0703","POINT (-73.967954880525 40.800750651715)"
"OSTERIA POSITANO LLC","POSITANO","10018 4 AVENUE","BROOKLYN","Brooklyn","11209","Sidewalk","Issued","04/03/2026 02:51:16 PM","04/03/2030 11:59:59 PM","40.61251932461","-74.03392455102","47","310","3156122","3061370045","5602","BK1001","POINT (-74.033924551021 40.612519324609)"
"K&L HOSPITALITY LLC","LITTLE REBEL","219 2 AVENUE","NEW YORK","Manhattan","10003","Sidewalk","Issued","06/05/2026 05:37:45 PM","06/05/2030 11:59:59 PM","40.73200075695","-73.98520638973","2","103","1006908","1004690034","4002","MN0303","POINT (-73.985206389728 40.732000756953)"
"1621 RESTAURANTS INC","ELIO'S","1621 SECOND AVENUE","NEW YORK","Manhattan","10028","Sidewalk","Issued","03/06/2026 10:15:04 AM","03/06/2030 11:59:59 PM","40.77670406411","-73.95260687884","5","108","1048737","1015300022","14601","MN0803","POINT (-73.952606878844 40.776704064109)"
"BERNIE'S POINT LLC","BERNIE'S","332 DRIGGS AVENUE","BROOKLYN","Brooklyn","11222","Sidewalk","Issued","03/13/2026 01:36:40 PM","03/13/2030 11:59:59 PM","40.72177776985","-73.95053561784","33","301","3066721","3026790042","569","BK0101","POINT (-73.950535617841 40.721777769847)"
"ESTHER HADASSA, CORP.","I X CAFE","43 LINCOLN ROAD","BROOKLYN","Brooklyn","11225","Sidewalk","Issued","08/07/2026 01:21:32 PM","08/07/2030 11:59:59 PM","40.66081773701","-73.96127505078","40","309","3114573","3050240067","327","BK0902","POINT (-73.961275050781 40.660817737012)"
"CARMINE RESTAURANT,CORP.","IL CORTILE","123 MULBERRY STREET","NEW YORK","Manhattan","10013","Sidewalk","Issued","03/27/2026 09:13:06 AM","03/27/2030 11:59:59 PM","40.71789085064","-73.99810609883","1","102","1002653","1002060017","41","MN0201","POINT (-73.99810609883 40.717890850638)"
"NEWSTEAD RESTAURANT LLC","LEFT BANK","117 PERRY STREET","NEW YORK","Manhattan","10014","Roadway","Issued","03/13/2026 02:56:06 PM","03/13/2030 11:59:59 PM","40.73505369745","-74.00663217224","3","102","1011871","1006330038","75","MN0203","POINT (-74.006632172242 40.735053697447)"
"222 CASSIEL LLC","CRISPY HEAVEN","222 LAFAYETTE STREET","NEW YORK","Manhattan","10012","Roadway","Issued","08/28/2026 02:10:02 PM","08/28/2030 11:59:59 PM","40.72200524312","-73.99738805824","1","102","1007218","1004820025","45","MN0201","POINT (-73.99738805824 40.722005243123)"
"330 WB OPERATIONS LLC","A. PASTA BAR","330 WEST BROADWAY","NEW YORK","Manhattan","10013","Sidewalk","Issued","03/13/2026 01:12:29 PM","03/13/2030 11:59:59 PM","40.72210675921","-74.00400811013","1","102","1002945","1002270022","47","MN0201","POINT (-74.004008110129 40.722106759214)"
"RATHBONES ARD LLC","MELLER'S SPORTS HUB & GRILL","1702 2 AVENUE","NEW YORK","Manhattan","10128","Sidewalk","Issued","08/14/2026 01:24:02 PM","08/14/2030 11:59:59 PM","40.77932723315","-73.95066963055","5","108","1050066","1015510002","14602","MN0803","POINT (-73.95066963055 40.779327233146)"
"1475 SECOND AVENUE BAGEL, LLC","PICK A BAGEL","1475 2 AVENUE","NEW YORK","Manhattan","10075","Sidewalk","Issued","02/06/2026 12:44:05 PM","02/06/2030 11:59:59 PM","40.77185548637","-73.95614128044","5","108","1080480","1014310026","134","MN0801","POINT (-73.956141280439 40.771855486372)"
"SOTTOLIO INC","NORMA","438 3 AVENUE","NEW YORK","Manhattan","10016","Roadway","Issued","07/20/2026 05:10:56 PM","07/20/2030 11:59:59 PM","40.74345931816","-73.97978338697","2","106","1018323","1008860046","72","MN0603","POINT (-73.979783386973 40.743459318157)"
"CKPNYC LLC","CAVIAR KASPIA AT THE MARK","992 MADISON AVENUE","NEW YORK","Manhattan","10075","Sidewalk","Issued","05/08/2026 01:23:30 PM","05/08/2030 11:59:59 PM","40.77509397672","-73.96302444278","4","108","1041821","1013920017","142","MN0802","POINT (-73.963024442778 40.775093976721)"
"CIAO, GLORIA LLC","CIAO, GLORIA","550 VANDERBILT AVENUE","BROOKLYN","Brooklyn","11238","Sidewalk","Issued","05/08/2026 01:26:05 PM","05/08/2030 11:59:59 PM","40.68030221866","-73.96792284785","35","308","3418187","3011297501","163","BK0801","POINT (-73.967922847847 40.68030221866)"
"RAISE HOSPITALITY LLC","JAJAJA MEXICANA","162 EAST BROADWAY","NEW YORK","Manhattan","10002","Sidewalk","Issued","08/28/2026 08:43:19 AM","08/28/2030 11:59:59 PM","40.71404503736","-73.99032182375","1","103","1003598","1002830072","6","MN0301","POINT (-73.990321823748 40.71404503736)"
"PAESANO REST. CORP.","PAESANO'S","136 MULBERRY STREET","NEW YORK","Manhattan","10013","Sidewalk","Issued","04/03/2026 02:32:20 PM","04/03/2030 11:59:59 PM","40.71851939497","-73.9976948299","1","102","1066508","1002377501","41","MN0201","POINT (-73.997694829896 40.718519394966)"
"HUMMUS ON 6TH LLC","HUMMUS & PITA CO","585 AVENUE OF THE AMERICAS","NEW YORK","Manhattan","10011","Sidewalk","Issued","02/28/2025 09:05:58 AM","02/28/2029 11:59:59 PM","40.73902547938","-73.99563361881","3","104","1014582","1007920038","81","MN0401","POINT (-73.99563361881 40.739025479377)"
"MBRP REST. INC.","THE STUMBLE INN","1454 2 AVENUE","NEW YORK","Manhattan","10021","Sidewalk","Issued","03/27/2026 10:48:48 AM","03/27/2030 11:59:59 PM","40.77128198358","-73.95653879639","5","108","1045156","1014500049","134","MN0801","POINT (-73.956538796394 40.771281983582)"
"JES CATERING GROUP LLC","SUNFLOWER CAFE","1223 QUENTIN ROAD","BROOKLYN","Brooklyn","11229","Sidewalk","Issued","04/10/2026 12:43:43 PM","04/10/2030 11:59:59 PM","40.60798046761","-73.96067916207","48","315","3182344","3067750038","554","BK1501","POINT (-73.960679162068 40.607980467607)"
"JUICE GENERATION 2 INC","JUICE GENERATION","117 WEST   72 STREET","NEW YORK","Manhattan","10023","Roadway","Issued","06/25/2026 09:00:56 AM","06/25/2030 11:59:59 PM","40.77766717208","-73.97939022913","6","107","1029934","1011440026","157","MN0701","POINT (-73.979390229126 40.777667172079)"
"ROCCO PARTNERS LLC","L'INCONTRO BY ROCCO","1572 2 AVENUE","NEW YORK","Manhattan","10028","Sidewalk","Issued","08/28/2026 08:52:04 AM","08/28/2030 11:59:59 PM","40.77498634684","-73.95383207783","5","108","1049867","1015440051","138","MN0803","POINT (-73.953832077826 40.774986346842)"
"DOHERTY APPLE WC LLC","APPLEBEE'S","38-01 35 AVENUE","LONG ISLAND CITY","Queens","11101","Sidewalk","Issued","05/29/2026 09:27:17 AM","05/29/2030 11:59:59 PM","40.75545168281","-73.92278253859","22","401","4010898","4006720001","157","QN0104","POINT (-73.922782538592 40.755451682811)"
"BLUE BOTTLE COFFEE, LLC","BLUE BOTTLE COFFEE","85 DEAN STREET","BROOKLYN","Brooklyn","11201","Sidewalk","Issued","03/20/2026 12:22:11 PM","03/20/2030 11:59:59 PM","40.68719561975","-73.98960097724","33","302","3001060","3001880001","43","BK0202","POINT (-73.98960097724 40.687195619751)"
"NEW HK 2LLC","ZIZI","182 8 AVENUE","NEW YORK","Manhattan","10011","Sidewalk","Issued","09/11/2026 11:18:48 AM","09/11/2030 11:59:59 PM","40.74300821345","-74.00013352545","3","104","1013963","1007690001","87","MN0401","POINT (-74.000133525454 40.743008213452)"
"SICILY STREET FOOD INC","VISIT SICILY NYC","86 EAST    7 STREET","NEW YORK","Manhattan","10003","Sidewalk","Issued","08/07/2026 02:51:02 PM","08/07/2030 11:59:59 PM","40.72714538876","-73.98618522178","2","103","1006283","1004480027","38","MN0303","POINT (-73.986185221784 40.727145388761)"
"O B HOSPITALITY INC.","OH BOY","84 HAVEMEYER STREET","BROOKLYN","Brooklyn","11211","Roadway","Issued","04/10/2026 12:17:20 PM","04/10/2030 11:59:59 PM","40.71386413659","-73.95613629993","34","301","3062492","3023680023","519","BK0102","POINT (-73.956136299926 40.713864136591)"
"WB CAFE INC","MAX RESTAURANT","134 WEST BROADWAY","NEW YORK","Manhattan","10013","Sidewalk","Issued","07/21/2026 10:57:34 AM","07/21/2030 11:59:59 PM","40.71675972481","-74.00825366107","1","101","1001569","1001440030","33","MN0102","POINT (-74.008253661066 40.716759724808)"
"COFFEE MOB COFFEE ROASTERS LLC","COFFEE MOB BAR & ROASTERY","1602 NEWKIRK AVENUE","BROOKLYN","Brooklyn","11226","Sidewalk","Issued","06/05/2026 05:15:02 PM","06/05/2030 11:59:59 PM","40.63598880154","-73.9623271748","45","314","3121198","3052370001","518","BK1402","POINT (-73.962327174803 40.635988801535)"
"EAT LEXINGTON 87 LLC","ELI'S ESSENTIALS","1291 LEXINGTON AVENUE","NEW YORK","Manhattan","10028","Sidewalk","Issued","06/12/2026 02:16:19 PM","06/12/2030 11:59:59 PM","40.78006192323","-73.9551573241","4","108","1047969","1015150052","14802","MN0802","POINT (-73.955157324101 40.780061923229)"
"188 AVE A TAKE OUT FOOD CORP","AU ZA'ATAR","188 AVENUE A","NEW YORK","Manhattan","10009","Roadway","Issued","03/27/2026 06:39:20 AM","03/27/2030 11:59:59 PM","40.72892332511","-73.98142585968","2","103","1005166","1004050008","34","MN0303","POINT (-73.981425859683 40.72892332511)"
"TEREUS CAFE, INC","OMONIA CAFE","7612 3 AVENUE","BROOKLYN","Brooklyn","11209","Sidewalk","Issued","07/31/2026 01:34:06 PM","07/31/2030 11:59:59 PM","40.63057607823","-74.02816225077","47","310","3149164","3059490045","64","BK1001","POINT (-74.028162250774 40.630576078226)"
"LULA ENTERPRISES LLC","HAMILTON'S","2826 FORT HAMILTON PARKWAY","BROOKLYN","Brooklyn","11218","Roadway","Issued","05/16/2025 04:02:56 PM","05/16/2029 11:59:59 PM","40.64904410318","-73.97690032141","39","307","3123994","3053180001","50001","BK0701","POINT (-73.97690032141 40.649044103178)"
"N & D RESTAURANT CORP.","KANOYAMA","175 2 AVENUE","NEW YORK","Manhattan","10003","Sidewalk","Issued","05/29/2026 11:20:13 AM","05/29/2030 11:59:59 PM","40.73047206029","-73.98631442158","2","103","1006837","1004670035","4002","MN0303","POINT (-73.986314421583 40.730472060292)"
"ESSE TACO WILLIAMSBURG LLC","ESSE TACO","142 NORTH    5 STREET","BROOKLYN","Brooklyn","11211","Sidewalk","Issued","05/08/2026 01:33:50 PM","05/08/2030 11:59:59 PM","40.71659339762","-73.95872458185","34","301","3335720","3023440003","553","BK0102","POINT (-73.958724581852 40.716593397622)"
"BOWERY F & B, LLC","GEMMA","4 EAST    3 STREET","NEW YORK","Manhattan","10003","Roadway","Issued","10/03/2025 01:27:03 PM","10/03/2029 11:59:59 PM","40.72620444205","-73.99138076854","2","103","1006545","1004580006","3602","MN0303","POINT (-73.991380768535 40.726204442054)"
"C&K Grocery Corporation","MALT & MOLD","362 2 AVENUE","NEW YORK","Manhattan","10010","Sidewalk","Issued","07/21/2026 11:00:43 AM","07/21/2030 11:59:59 PM","40.73668283003","-73.98176649124","2","106","1020543","1009270001","64","MN0602","POINT (-73.981766491244 40.736682830027)"
"HENRO JONES,LLC","HENRY PUBLIC","329 HENRY STREET","BROOKLYN","Brooklyn","11201","Roadway","Issued","08/29/2025 01:45:38 PM","08/29/2029 11:59:59 PM","40.69036350403","-73.99640848799","39","306","3002941","3002850003","45","BK0601","POINT (-73.996408487991 40.690363504032)"
"MAKIMAKI 350 HUDSON LLC","MAKIMAKI","350 HUDSON STREET","NEW YORK","Manhattan","10014","Sidewalk","Issued","07/22/2026 05:25:02 PM","07/22/2030 11:59:59 PM","40.72754123637","-74.00727363773","3","102","1009750","1005800039","37","MN0201","POINT (-74.007273637731 40.727541236371)"
"251 WEST 51 HOSPITALITY CORP","MCHALE'S BAR & GRILL","251 WEST   51 STREET","NEW YORK","Manhattan","10019","Sidewalk","Issued","03/13/2026 03:02:12 PM","03/13/2030 11:59:59 PM","40.76247027316","-73.98458592074","3","105","1024815","1010230005","131","MN0502","POINT (-73.984585920742 40.762470273155)"
"EASTSIDE BARKING DOG INC","BARKING DOG","1678 3 AVENUE","NEW YORK","Manhattan","10128","Sidewalk","Issued","05/22/2026 08:50:39 AM","05/22/2030 11:59:59 PM","40.78398214338","-73.95022562333","5","108","1048432","1015230033","15801","MN0802","POINT (-73.950225623325 40.783982143383)"
"SEAN OG ENTERPRISE LLC","SEAN OG'S IRISH PUB","60-02 WOODSIDE AVENUE","WOODSIDE","Queens","11377","Roadway","Issued","01/09/2026 01:44:02 PM","01/09/2030 11:59:59 PM","40.74505982754","-73.90432062244","26","402","4031423","4013350031","249","QN0203","POINT (-73.904320622438 40.745059827543)"
"CORNERSTONE LI INC.","BAGEL EXPRESS II","1228 2 AVENUE","NEW YORK","Manhattan","10065","Sidewalk","Issued","12/19/2025 10:39:50 AM","12/19/2029 11:59:59 PM","40.76398556812","-73.96186462376","5","108","1072488","1014397501","118","MN0801","POINT (-73.961864623756 40.763985568121)"
"ONE MELON LLC","MERMAID OYSTER BAR","89 MACDOUGAL STREET","NEW YORK","Manhattan","10012","Roadway","Issued","07/21/2026 10:21:07 AM","07/21/2030 11:59:59 PM","40.72900441939","-74.00133497286","2","102","1008303","1005260025","65","MN0202","POINT (-74.001334972856 40.729004419392)"
"BABALU LLC","MAMAJUANA CAFE","3233 EAST TREMONT AVENUE","BRONX","Bronx","10461","Sidewalk","Issued","08/21/2026 11:42:19 AM","08/21/2030 11:59:59 PM","40.83581618128","-73.83321712625","13","210","2096033","2053310007","184","BX1002","POINT (-73.833217126245 40.835816181281)"
"ENOTECA, INC.","LA LANTERNA DI VITTORIO","129 MACDOUGAL STREET","NEW YORK","Manhattan","10012","Roadway","Issued","09/18/2026 09:34:40 AM","09/18/2030 11:59:59 PM","40.73057992254","-74.00000360812","2","102","1008762","1005430058","65","MN0202","POINT (-74.00000360812 40.730579922537)"
"NIGHTS & WEEKENDS BK CORP","GOOD BAR","627 MANHATTAN AVENUE","BROOKLYN","Brooklyn","11222","Sidewalk","Issued","08/21/2026 10:01:07 AM","08/21/2030 11:59:59 PM","40.72381176905","-73.9508299381","33","301","3066069","3026460001","569","BK0101","POINT (-73.950829938097 40.723811769051)"
"GENNARO RESTAURANT INC","GENNARO","665 AMSTERDAM AVENUE","NEW YORK","Manhattan","10025","Sidewalk","Issued","08/14/2026 12:17:36 PM","08/14/2030 11:59:59 PM","40.79172698526","-73.97204739905","7","107","1032532","1012237501","177","MN0702","POINT (-73.972047399054 40.791726985258)"
"265 LAFAYETTE RISTORANTE, LLC","SANT AMBROEUS GELATERIA","267 LAFAYETTE STREET","NEW YORK","Manhattan","10012","Sidewalk","Issued","05/01/2026 12:15:08 PM","05/01/2030 11:59:59 PM","40.72356424887","-73.99655821691","1","102","1007524","1004950011","43","MN0201","POINT (-73.996558216913 40.723564248865)"
"AURORA FG INC","EVELINA'S","211 DEKALB AVENUE","BROOKLYN","Brooklyn","11205","Roadway","Issued","07/03/2025 01:20:17 PM","07/03/2029 11:59:59 PM","40.6895364395","-73.97091848975","35","302","3058544","3020910075","183","BK0203","POINT (-73.970918489751 40.689536439495)"
"UPPER WEST HOSPITALITY LLC","CRAVE FISH BAR","428 AMSTERDAM AVENUE","NEW YORK","Manhattan","10024","Sidewalk","Issued","08/14/2026 12:04:38 PM","08/14/2030 11:59:59 PM","40.78416915462","-73.97758630196","6","107","1032667","1012280033","167","MN0702","POINT (-73.977586301962 40.784169154624)"
"D AND A COFFEE LLC","TWELVE CHAIRS","56 MACDOUGAL STREET","NEW YORK","Manhattan","10012","Roadway","Issued","07/24/2026 03:33:49 PM","07/24/2030 11:59:59 PM","40.72748379757","-74.00259411756","1","102","1008067","1005180010","49","MN0201","POINT (-74.002594117559 40.727483797573)"
"PARLOUR ESPRESSO LLC","DOUBLE DUTCH ESPRESSO","2194 FREDRICK DOUGLAS BOULEVARD","NEW YORK","Manhattan","10026","Sidewalk","Issued","07/02/2026 04:32:43 PM","07/02/2030 11:59:59 PM","40.80591986039","-73.95425484214","9","110","1058410","1019240003","22","MN1001","POINT (-73.954254842138 40.805919860393)"
"DMT HALAL RESTAURANT INC.","LAVA ROCK KITCHEN","2119 STARLING AVENUE","BRONX","Bronx","10462","Sidewalk","Issued","08/07/2026 01:26:23 PM","08/07/2030 11:59:59 PM","40.83611142578","-73.85456352206","18","209","2041212","2039460051","222","BX0904","POINT (-73.854563522062 40.836111425782)"
"1379 WATER & WHEAT LLC","WATER & WHEAT","1379 3 AVENUE","NEW YORK","Manhattan","10075","Roadway","Issued","01/31/2025 02:35:24 PM","01/31/2029 11:59:59 PM","40.77395299787","-73.957519097","5","108","1076312","1014337501","134","MN0801","POINT (-73.957519096997 40.773952997869)"
"PASTA PERFECT LLC","IL MULINO PRIME","331 WEST BROADWAY","NEW YORK","Manhattan","10013","Sidewalk","Issued","08/07/2026 01:22:12 PM","08/07/2030 11:59:59 PM","40.72217263649","-74.00392513785","1","102","1002962","1002280022","47","MN0201","POINT (-74.003925137847 40.722172636494)"
"WEST10WEST LLC","WEST10WEST","242 WEST   10 STREET","NEW YORK","Manhattan","10014","Roadway","Issued","08/29/2025 02:06:03 PM","08/29/2029 11:59:59 PM","40.73382409428","-74.00567585075","3","102","1011136","1006190014","73","MN0203","POINT (-74.005675850751 40.733824094276)"
"BOTANICUS COLUMBUS INC","LE BOTANISTE","156 COLUMBUS AVENUE","NEW YORK","Manhattan","10023","Sidewalk","Issued","06/19/2026 11:21:49 AM","06/19/2030 11:59:59 PM","40.77408558217","-73.98122546914","6","107","1028844","1011380035","15302","MN0701","POINT (-73.98122546914 40.77408558217)"
"RAMBLING HOUSE INC.","RAMBLING HOUSE","4292 KATONAH AVENUE","BRONX","Bronx","10470","Sidewalk","Issued","04/17/2026 03:27:15 PM","04/17/2030 11:59:59 PM","40.89842403625","-73.86733669217","11","212","2019423","2033850001","45101","BX1203","POINT (-73.867336692173 40.898424036247)"
"114 KENMARE ASSOCIATES, LLC","THE CORNER DELI / LA ESQUINA CANTINA","106 KENMARE STREET","NEW YORK","Manhattan","10012","Sidewalk","Issued","09/18/2026 10:06:21 AM","09/18/2030 11:59:59 PM","40.72145354646","-73.99745662481","1","102","1066733","1004827501","45","MN0201","POINT (-73.997456624808 40.721453546457)"
"MZ RESTAURANT GROUP LLC","BURGER CLUB","32-02 30 AVENUE","ASTORIA","Queens","11102","Sidewalk","Issued","06/12/2026 01:59:21 PM","06/12/2030 11:59:59 PM","40.76644560212","-73.92045929667","22","401","4008590","4006160133","63","QN0103","POINT (-73.920459296671 40.76644560212)"
"45 MERCER RESTAURANT LLC","ODD SISTER","45 MERCER STREET","NEW YORK","Manhattan","10013","Roadway","Issued","06/12/2026 03:43:15 PM","06/12/2030 11:59:59 PM","40.72156610397","-74.00118691044","1","102","1079899","1004740018","47","MN0201","POINT (-74.001186910435 40.721566103974)"
"TK FOOD CONCEPTS LLC","SALT + CHARCOAL","171 GRAND STREET","BROOKLYN","Brooklyn","11249","Sidewalk","Issued","01/31/2025 02:41:56 PM","01/31/2029 11:59:59 PM","40.71459342766","-73.96150340918","34","301","3062619","3023800025","553","BK0102","POINT (-73.961503409183 40.714593427657)"
"HARD EIGHT RESTAURANT COMPANY, LLC","THE WHISKEY BROOKLYN","44 BERRY STREET","BROOKLYN","Brooklyn","11249","Roadway","Issued","11/12/2024 10:22:46 AM","11/12/2028 11:59:59 PM","40.72103632885","-73.95643099229","33","301","3329920","3022897501","557","BK0102","POINT (-73.956430992292 40.721036328847)"
"IFETA CORP","DIWINE","41-15 31 AVENUE","ASTORIA","Queens","11103","Sidewalk","Issued","09/25/2026 09:16:43 AM","09/25/2030 11:59:59 PM","40.7608514151","-73.91608735424","22","401","4011313","4006820102","149","QN0104","POINT (-73.916087354242 40.760851415095)"
"JANKMAN LLC","JACK'S WIFE FREDA","50 CARMINE STREET","NEW YORK","Manhattan","10014","Sidewalk","Issued","06/19/2026 02:19:27 PM","06/19/2030 11:59:59 PM","40.72997052991","-74.00354314169","3","102","1008357","1005270057","67","MN0203","POINT (-74.003543141686 40.729970529906)"
"TINY'S GUMBO BAR NYC LLC","FILÉ GUMBO BAR","275 CHURCH STREET","NEW YORK","Manhattan","10013","Roadway","Issued","05/22/2026 09:36:28 AM","05/22/2030 11:59:59 PM","40.71857420197","-74.00505767004","1","101","1001926","1001750014","33","MN0102","POINT (-74.005057670039 40.718574201969)"
"FRENCH ROAST INC.","LA CONTENTA OESTE","78 WEST   11 STREET","NEW YORK","Manhattan","10011","Sidewalk","Issued","07/21/2026 12:44:00 PM","07/21/2030 11:59:59 PM","40.73497425984","-73.9973262058","2","102","1009510","1005740007","63","MN0202","POINT (-73.997326205797 40.734974259837)"
"19 GREENPOINT LLC","BANKS TAVERN","19 GREENPOINT AVENUE","BROOKLYN","Brooklyn","11222","Roadway","Issued","10/03/2025 01:23:16 PM","10/03/2029 11:59:59 PM","40.72965890766","-73.95990351314","33","301","3064662","3025560048","565","BK0101","POINT (-73.959903513142 40.729658907663)"
"NINURTA BAKERY WEST CORP","HERITAGE GRAND BAKERY, RESTAURANT & PIZZA BAR","8 WEST   40 STREET","NEW YORK","Manhattan","10018","Roadway","Issued","08/15/2025 03:34:03 PM","08/15/2029 11:59:59 PM","40.75237746221","-73.98228913744","4","105","1016048","1008410054","84","MN0502","POINT (-73.982289137444 40.75237746221)"
"14 AVENUE C LLC","COMMODORE II","14 AVENUE C","NEW YORK","Manhattan","10009","Sidewalk","Issued","04/17/2026 12:25:15 PM","04/17/2030 11:59:59 PM","40.72109518391","-73.9810167828","2","103","1004352","1003720001","2202","MN0303","POINT (-73.981016782804 40.721095183906)"
"HOLE IN THE WALL WILLIAMSBURG LLC","HOLE IN THE WALL","292 BEDFORD AVENUE","BROOKLYN","Brooklyn","11249","Roadway","Issued","08/08/2025 02:49:08 PM","08/08/2029 11:59:59 PM","40.71435459521","-73.96139172325","34","301","3062776","3023927504","551","BK0102","POINT (-73.961391723247 40.71435459521)"
"BURGER HEIGHTS LLC","BURGER AND PIZZA HEIGHTS","177 WADSWORTH AVENUE","NEW YORK","Manhattan","10033","Sidewalk","Issued","05/08/2026 12:23:09 PM","05/08/2030 11:59:59 PM","40.85028184192","-73.93462564119","10","112","1063939","1021650004","271","MN1202","POINT (-73.934625641193 40.850281841919)"
"14 EAST 47TH PUB INC.","CONNOLLY'S PUB","14 EAST   47 STREET","NEW YORK","Manhattan","10017","Roadway","Issued","07/30/2026 01:18:01 PM","07/30/2030 11:59:59 PM","40.75628245911","-73.97771844528","4","105","1035406","1012820064","94","MN0502","POINT (-73.977718445279 40.756282459109)"
"YORKVILLE MANSION INC","THE MANSION","1634 YORK AVENUE","NEW YORK","Manhattan","10028","Roadway","Issued","05/08/2026 03:54:15 PM","05/08/2030 11:59:59 PM","40.77598526127","-73.94706513572","5","108","1051258","1015830001","14402","MN0803","POINT (-73.947065135716 40.775985261266)"
"DIG INN 232 BLEECKER ST LLC","DIG INN ON BLEECKER","232 BLEECKER STREET","NEW YORK","Manhattan","10014","Sidewalk","Issued","09/02/2026 02:40:06 PM","09/02/2030 11:59:59 PM","40.73024503524","-74.00243907707","3","102","1008366","1005270072","67","MN0203","POINT (-74.002439077072 40.730245035236)"
"WHITE HORSE HOSPITALITY, LLC","WHITE HORSE TAVERN","567 HUDSON STREET","NEW YORK","Manhattan","10014","Sidewalk","Issued","08/28/2026 09:52:36 AM","08/28/2030 11:59:59 PM","40.7357344345","-74.00598633656","3","102","1080232","1006330052","75","MN0203","POINT (-74.005986336556 40.735734434497)"
"THIRD AVE CAFE LLC","BANC BAR & CAFE","431 3 AVENUE","NEW YORK","Manhattan","10016","Sidewalk","Issued","06/19/2026 10:49:48 AM","06/19/2030 11:59:59 PM","40.74328641589","-73.97988448636","2","106","1019947","1009110001","7002","MN0603","POINT (-73.979884486356 40.743286415889)"
"MARLTON HOTEL OPERATING, LLC","CHEZ NOUS","5 WEST    8 STREET","NEW YORK","Manhattan","10011","Roadway","Issued","10/24/2025 03:44:27 PM","10/24/2029 11:59:59 PM","40.73242161374","-73.99674538512","2","102","1009433","1005720045","63","MN0202","POINT (-73.99674538512 40.732421613743)"
"FIG & GRAPE LLC","ACADIA","101 WEST   57 STREET","NEW YORK","Manhattan","10019","Sidewalk","Issued","09/02/2026 02:32:33 PM","09/02/2030 11:59:59 PM","40.76443434126","-73.97745940032","6","105","1023730","1010107508","137","MN0502","POINT (-73.977459400324 40.764434341257)"
"NEW YORK BEER CO, LLC","VELVET COWBOY","509 AMSTERDAM AVENUE","NEW YORK","Manhattan","10024","Sidewalk","Issued","07/03/2026 05:25:32 PM","07/03/2030 11:59:59 PM","40.78665003758","-73.97575098882","6","107","1032136","1012150064","169","MN0702","POINT (-73.97575098882 40.786650037575)"
"FRIEND OF A FARMER CORP.","FRIEND OF A FARMER","77 IRVING PLACE","NEW YORK","Manhattan","10003","Roadway","Issued","05/08/2026 01:39:37 PM","05/08/2030 11:59:59 PM","40.73690033847","-73.98664868331","2","105","1017899","1008740065","5","MN0602","POINT (-73.986648683307 40.736900338471)"
"BLANK STREET INC.","BLANK STREET","147 MONTAGUE STREET","BROOKLYN","Brooklyn","11201","Sidewalk","Issued","07/24/2026 12:11:03 PM","07/24/2030 11:59:59 PM","40.69457385795","-73.99350169185","33","302","3339099","3002430013","502","BK0201","POINT (-73.993501691853 40.694573857947)"
"RAVE RESTAURANT CORP","HURLEY'S SALOON","232 WEST   48 STREET","NEW YORK","Manhattan","10036","Roadway","Issued","02/06/2026 11:49:36 AM","02/06/2030 11:59:59 PM","40.76043379712","-73.98562239033","3","105","1024763","1010190054","125","MN0502","POINT (-73.985622390329 40.760433797116)"
"WATER ST TAVERN CORP","LOVE & DOUGH","57 PEARL STREET","BROOKLYN","Brooklyn","11201","Roadway","Issued","07/21/2026 12:48:51 PM","07/21/2030 11:59:59 PM","40.70304922509","-73.98758239155","33","302","3000090","3000400001","21","BK0202","POINT (-73.987582391545 40.703049225092)"
"RIVERCREST INC.","RIVERCREST","33-15 DITMARS BOULEVARD","ASTORIA","Queens","11105","Sidewalk","Issued","04/17/2026 03:28:11 PM","04/17/2030 11:59:59 PM","40.77528657943","-73.90949788627","22","401","4442357","4008307501","113","QN0101","POINT (-73.909497886266 40.775286579432)"
"50 HY RESTAURANT OWNER LLC","LOCANDA VERDE","20 HUDSON BLVD EAST","NEW YORK","Manhattan","10001","Sidewalk","Issued","07/21/2026 12:16:22 PM","07/21/2030 11:59:59 PM","40.75493694343","-74.00066774729","3","104","1090274","1007050039","9903","MN0401","POINT (-74.000667747286 40.754936943427)"
"MILLE-FEUILLE BAKERY BROADWAY LLC","MILLE-FEUILLE BAKERY","2175 BROADWAY","NEW YORK","Manhattan","10024","Sidewalk","Issued","08/07/2026 01:33:37 PM","08/07/2030 11:59:59 PM","40.78224568182","-73.98089817563","6","107","1030866","1011680056","163","MN0702","POINT (-73.980898175625 40.782245681821)"
"ESPRESSO 77, INC","ESPRESSO 77","35-57 77 STREET","JACKSON HEIGHTS","Queens","11372","Sidewalk","Issued","07/31/2026 01:14:08 PM","07/31/2030 11:59:59 PM","40.75091183401","-73.88925448411","25","403","4029588","4012770036","287","QN0301","POINT (-73.889254484113 40.750911834014)"
"PK & SON, LLC","MATCH 65","29 EAST   65 STREET","NEW YORK","Manhattan","10065","Sidewalk","Issued","04/10/2026 12:13:52 PM","04/10/2030 11:59:59 PM","40.76723460471","-73.9684115032","4","108","1041128","1013800023","122","MN0802","POINT (-73.968411503201 40.767234604713)"
"OSTERIA PIEMONTE CORPORATION","SAN CARLO OSTERIA PIEMONTE","90 THOMPSON STREET","NEW YORK","Manhattan","10012","Sidewalk","Issued","08/21/2026 11:55:41 AM","08/21/2030 11:59:59 PM","40.72520015759","-74.00233787254","1","102","1007724","1005020002","49","MN0201","POINT (-74.002337872536 40.725200157592)"
"BLACKSTONE COFFEE ROASTERS CORP","BLACK STONE COFFEE ROASTERS","502 HUDSON STREET","NEW YORK","Manhattan","10014","Sidewalk","Issued","07/31/2026 12:11:03 PM","07/31/2030 11:59:59 PM","40.7331488452","-74.00637940372","3","102","1011133","1006190001","73","MN0203","POINT (-74.006379403717 40.733148845202)"
"M & N CATERING LLC","NABILA'S","248 COURT STREET","BROOKLYN","Brooklyn","11201","Sidewalk","Issued","04/24/2026 03:29:39 PM","04/24/2030 11:59:59 PM","40.6854969391","-73.99439318071","39","306","3003542","3003120036","45","BK0601","POINT (-73.994393180705 40.685496939104)"
"DAO THONG CORP.","BORAN THAI CUISINE","462 COURT STREET","BROOKLYN","Brooklyn","11231","Sidewalk","Issued","02/27/2026 01:22:01 PM","02/27/2030 11:59:59 PM","40.67819046632","-73.99791615104","39","306","3005418","3003710040","65","BK0601","POINT (-73.997916151043 40.678190466321)"
"ZAGAYA LLC","ZAGAYA","465 16 STREET","BROOKLYN","Brooklyn","11215","Roadway","Issued","04/03/2026 04:04:55 PM","04/03/2030 11:59:59 PM","40.66035047946","-73.98026641837","39","307","3026729","3011060001","169","BK0701","POINT (-73.980266418373 40.66035047946)"
"WV UWS LLC","WESTVILLE","2290 BROADWAY","NEW YORK","Manhattan","10024","Roadway","Issued","05/02/2025 02:32:38 PM","05/02/2029 11:59:59 PM","40.78613727031","-73.97825369829","6","107","1032769","1012300043","171","MN0702","POINT (-73.978253698288 40.786137270312)"
"24 5TH AVE LLC","CLAUDETTE","24 5 AVENUE","NEW YORK","Manhattan","10011","Sidewalk","Issued","07/24/2026 01:00:12 PM","07/24/2030 11:59:59 PM","40.73300347356","-73.99581081929","2","102","1009482","1005730043","63","MN0202","POINT (-73.995810819292 40.733003473564)"
"TK RESTAURANT CORP","SQUARE DINER","33 LEONARD STREET","NEW YORK","Manhattan","10013","Roadway","Issued","07/03/2025 01:24:49 PM","07/03/2029 11:59:59 PM","40.71840664723","-74.00734839364","1","101","1079304","1001790042","33","MN0102","POINT (-74.007348393635 40.718406647231)"
"NYCBCH V INC","NEW YORK CITY BAGEL & COFFEE HOUSE","332 8 AVENUE","NEW YORK","Manhattan","10001","Sidewalk","Issued","07/24/2026 02:07:36 PM","07/24/2030 11:59:59 PM","40.74755898495","-73.99682404171","3","105","1084996","1007760004","95","MN0501","POINT (-73.996824041711 40.747558984945)"
"JUNOON NYC LLC","JUNOON","19 WEST   24 STREET","NEW YORK","Manhattan","10010","Roadway","Issued","04/24/2026 02:55:52 PM","04/24/2030 11:59:59 PM","40.74262626387","-73.99009391185","3","105","1015598","1008260026","58","MN0501","POINT (-73.990093911849 40.742626263873)"
"2848 BROADWAY LLC","KORONET PIZZA","2848 BROADWAY","NEW YORK","Manhattan","10025","Sidewalk","Issued","08/28/2026 01:28:22 PM","08/28/2030 11:59:59 PM","40.80453796204","-73.9664106642","7","109","1056917","1018820063","199","MN0901","POINT (-73.966410664204 40.80453796204)"
"GROTTA AZZURRA INN INC.","GROTTA AZZURRA","177 MULBERRY STREET","NEW YORK","Manhattan","10013","Sidewalk","Issued","05/15/2026 10:24:40 AM","05/15/2030 11:59:59 PM","40.72032268902","-73.99691553369","1","102","1006963","1004710014","41","MN0201","POINT (-73.996915533689 40.720322689023)"
"CARLA HOSPITALITY GROUP INC","CASA CARLA","25-03 40 AVENUE","LONG ISLAND CITY","Queens","11101","Roadway","Issued","05/29/2026 10:35:41 AM","05/29/2030 11:59:59 PM","40.7534269477","-73.93781789494","26","401","4004797","4003960101","3302","QN0105","POINT (-73.937817894944 40.753426947698)"
"NENES TAQUERIA LLC","NENES TAQUERIA","660 DEGRAW STREET","BROOKLYN","Brooklyn","11217","Sidewalk","Issued","07/31/2026 01:30:43 PM","07/31/2030 11:59:59 PM","40.67844976933","-73.98164547314","39","306","3019529","3009490011","131","BK0602","POINT (-73.981645473138 40.678449769328)"
"1481 3RD AVE IOU LLC","ISLE OF US","1481 3 AVENUE","NEW YORK","Manhattan","10028","Sidewalk","Issued","06/12/2026 03:13:34 PM","06/12/2030 11:59:59 PM","40.77723206972","-73.9551267412","5","108","1048721","1015290045","138","MN0803","POINT (-73.955126741196 40.777232069721)"
"ACBP SOHA LLC","ARTS & CRAFTS BEER PARLOR","1135 AMSTERDAM AVENUE","NEW YORK","Manhattan","10025","Sidewalk","Issued","12/20/2024 10:05:54 AM","12/20/2028 11:59:59 PM","40.80669641004","-73.96112483034","7","109","1056058","1018670074","20101","MN0901","POINT (-73.961124830344 40.806696410041)"
"CENTER FOR GOODS LLC","LA MERCERIE","53 HOWARD STREET","NEW YORK","Manhattan","10013","Sidewalk","Issued","07/21/2026 12:42:38 PM","07/21/2030 11:59:59 PM","40.72018547558","-74.00194807996","1","102","1003009","1002310005","47","MN0201","POINT (-74.001948079959 40.72018547558)"
"JOANNIDES GROUP LLC","QUEEN'S ROOM","36-02 DITMARS BOULEVARD","ASTORIA","Queens","11105","Sidewalk","Issued","12/20/2024 10:21:59 AM","12/20/2028 11:59:59 PM","40.77426165893","-73.90808035874","22","401","4016362","4008210029","117","QN0101","POINT (-73.908080358739 40.774261658928)"
"H & M RESTAURANT, INC","LA BELLA VITA","163 MULBERRY STREET","NEW YORK","Manhattan","10013","Roadway","Issued","05/15/2026 12:31:09 PM","05/15/2030 11:59:59 PM","40.71974629373","-73.99714283496","1","102","1006969","1004710021","41","MN0201","POINT (-73.99714283496 40.719746293725)"
"SECOND STREET RESTAURANT LLC","ROSIE'S","29 EAST    2 STREET","NEW YORK","Manhattan","10003","Sidewalk","Issued","04/03/2026 03:22:56 PM","04/03/2030 11:59:59 PM","40.72516414198","-73.99094435665","2","103","1087254","1004570128","3602","MN0303","POINT (-73.99094435665 40.725164141976)"
"DECO CAFE INC.","BROOKLYN PUBLIC HOUSE","247 DEKALB AVENUE","BROOKLYN","Brooklyn","11205","Sidewalk","Issued","03/06/2026 09:56:55 AM","03/06/2030 11:59:59 PM","40.68947838771","-73.96933913626","35","302","3058585","3020920064","183","BK0203","POINT (-73.969339136262 40.689478387712)"
"NJJMJ INC","DENINO'S","93 MACDOUGAL STREET","NEW YORK","Manhattan","10012","Sidewalk","Issued","08/27/2026 10:34:46 AM","08/27/2030 11:59:59 PM","40.72933928373","-74.00105355146","2","102","1084932","1005427502","65","MN0202","POINT (-74.00105355146 40.729339283726)"
"BARN JOO UNION SQUARE INC","BARN JOO","35 UNION SQUARE WEST","NEW YORK","Manhattan","10003","Sidewalk","Issued","08/14/2026 11:25:35 AM","08/14/2030 11:59:59 PM","40.73675800256","-73.99059997153","2","105","1016086","1008440021","52","MN0501","POINT (-73.990599971532 40.736758002561)"
"ZUCKER'S COLUMBUS LLC","ZUCKER'S BAGELS & SMOKED FISH","273 COLUMBUS AVENUE","NEW YORK","Manhattan","10023","Roadway","Issued","05/01/2026 12:32:17 PM","05/01/2030 11:59:59 PM","40.77787834303","-73.97843694051","6","107","1028646","1011250062","157","MN0701","POINT (-73.978436940505 40.777878343032)"
"AGI’S CAFE, LLC","AGI’S COUNTER","818 FRANKLIN AVENUE","BROOKLYN","Brooklyn","11225","Sidewalk","Issued","05/22/2026 08:45:18 AM","05/22/2030 11:59:59 PM","40.66993208113","-73.95824528849","35","309","3029675","3011850046","213","BK0901","POINT (-73.958245288492 40.669932081125)"
"IOTA 244 CORP","BARFLY","244 3 AVENUE","NEW YORK","Manhattan","10010","Roadway","Issued","08/27/2026 08:49:53 AM","08/27/2030 11:59:59 PM","40.73698515569","-73.98449801895","2","106","1076149","1008767502","5","MN0602","POINT (-73.98449801895 40.736985155694)"
"FOUR PROVINCES LLC","BAR BONOBO","184 8 AVENUE","NEW YORK","Manhattan","10011","Sidewalk","Issued","06/19/2026 10:50:30 AM","06/19/2030 11:59:59 PM","40.74305212969","-74.00010104636","3","104","1013964","1007690003","87","MN0401","POINT (-74.000101046356 40.743052129685)"
"MPQ 400 FIFTH AVENUE, LLC","LE PAIN QUOTIDIEN","400 5 AVENUE","NEW YORK","Manhattan","10018","Sidewalk","Issued","09/25/2026 11:42:32 AM","09/25/2030 11:59:59 PM","40.75003085918","-73.9834086089","4","105","1015937","1008387501","84","MN0502","POINT (-73.983408608902 40.750030859179)"
"1063 FIRST AVE RESTAURANT CORP","AU ZA'ATAR","1063 1 AVENUE","NEW YORK","Manhattan","10022","Roadway","Issued","03/13/2026 01:31:21 PM","03/13/2030 11:59:59 PM","40.75887778776","-73.96251729811","4","106","1040007","1013500030","10802","MN0604","POINT (-73.962517298111 40.75887778776)"
"MANHATTAN ISLAND GROUP LLC","FRESH SALT","146 BEEKMAN STREET","NEW YORK","Manhattan","10038","Roadway","Issued","05/09/2025 09:13:37 AM","05/09/2029 11:59:59 PM","40.70703527518","-74.00258971189","1","101","1078978","1000970015","1501","MN0101","POINT (-74.002589711888 40.707035275178)"
"CINQUE RESTAURANT INC","OSTERIA BAROCCA","133 MULBERRY STREET","NEW YORK","Manhattan","10013","Roadway","Issued","10/17/2025 03:50:27 PM","10/17/2029 11:59:59 PM","40.71844803229","-73.99775976667","1","102","1003081","1002367503","41","MN0201","POINT (-73.997759766673 40.718448032288)"
"VIBRANT NYC LLC","RADIANT CAFE & WINE BAR","172 WAVERLY PLACE","NEW YORK","Manhattan","10014","Sidewalk","Issued","08/07/2026 02:48:46 PM","08/07/2030 11:59:59 PM","40.73392852899","-74.00124486433","3","102","1010674","1006100027","73","MN0203","POINT (-74.001244864328 40.733928528991)"
"RUBY'S MIDTOWN, LLC","RUBY'S CAFE","442 3 AVENUE","NEW YORK","Manhattan","10016","Roadway","Issued","04/17/2026 03:29:28 PM","04/17/2030 11:59:59 PM","40.74356634987","-73.97970396019","2","106","1018324","1008860048","72","MN0603","POINT (-73.979703960186 40.74356634987)"
"620 LOR LLC","MO'S GENERAL","620 LORIMER STREET","BROOKLYN","Brooklyn","11211","Roadway","Issued","03/20/2026 12:54:26 PM","03/20/2030 11:59:59 PM","40.71556320972","-73.94960595566","34","301","3068365","3027470001","501","BK0104","POINT (-73.949605955656 40.715563209716)"
"MACOLETTA LLC","MACOLETTA","28-15 24 AVENUE","ASTORIA","Queens","11102","Roadway","Issued","03/27/2026 09:51:23 AM","03/27/2030 11:59:59 PM","40.77335163047","-73.9168947246","22","401","4017574","4008430076","115","QN0101","POINT (-73.916894724604 40.773351630472)"
"Mahapochanahphan Inc.","ENTHAICE THAI KITCHEN","33-20 31 AVENUE","ASTORIA","Queens","11106","Sidewalk","Issued","08/07/2026 12:09:34 PM","08/07/2030 11:59:59 PM","40.76345189259","-73.9216541558","22","401","4008904","4006230044","61","QN0103","POINT (-73.921654155796 40.763451892585)"
"DTRS ESSEX HOUSE LLC","SOUTHGATE RESTAURANT, JW MARRIOT ESSEX HOUSE","160 CENTRAL PARK SOUTH","NEW YORK","Manhattan","10019","Sidewalk","Issued","04/03/2026 03:29:46 PM","04/03/2030 11:59:59 PM","40.76660563884","-73.97847309503","6","105","1023760","1010117501","137","MN0502","POINT (-73.978473095031 40.766605638837)"
"BLUE BOTTLE COFFEE, INC.","BLUE BOTTLE COFFEE","76 N 4TH ST","BROOKLYN","Brooklyn","11249","Sidewalk","Issued","03/27/2026 07:52:19 AM","03/27/2030 11:59:59 PM","40.71771439979","-73.96201385344","34","301","3062364","3023507502","555","BK0102","POINT (-73.962013853437 40.717714399793)"
"CHAMA MAMA LLC","CHAMA MAMA","121 MONTAGUE STREET","BROOKLYN","Brooklyn","11201","Sidewalk","Issued","04/11/2025 02:06:50 PM","04/11/2029 11:59:59 PM","40.69490603721","-73.99470251809","33","302","3001962","3002420001","501","BK0201","POINT (-73.994702518086 40.694906037208)"
"CAFE 96 CORP","EFFY'S CAFE","104 WEST   96 STREET","NEW YORK","Manhattan","10025","Sidewalk","Issued","05/08/2026 01:32:44 PM","05/08/2030 11:59:59 PM","40.79305714408","-73.96804166301","7","107","1032609","1012260037","181","MN0702","POINT (-73.968041663012 40.793057144077)"
"LOLLO LLC","LOLLO","27 AVENUE B","NEW YORK","Manhattan","10009","Sidewalk","Issued","08/14/2026 12:53:52 PM","08/14/2030 11:59:59 PM","40.72235811411","-73.98317741818","2","103","1004589","1003850005","2202","MN0303","POINT (-73.983177418179 40.722358114106)"
"335 COLUMBUS LLC","THE MERMAID INN","335 COLUMBUS AVENUE","NEW YORK","Manhattan","10023","Roadway","Issued","05/08/2026 03:55:40 PM","05/08/2030 11:59:59 PM","40.7798021422","-73.97702810391","6","107","1028789","1011280061","161","MN0702","POINT (-73.977028103914 40.779802142197)"
"PAPPA & CICCIA INC","SOTTOCASA PIZZERIA","227 LENOX AVENUE","NEW YORK","Manhattan","10027","Sidewalk","Issued","07/24/2026 03:02:14 PM","07/24/2030 11:59:59 PM","40.80545022174","-73.94718971248","9","110","1057686","1019060031","22","MN1001","POINT (-73.947189712484 40.805450221744)"
"PIZZA BOY 2 INC","PIZZA BOY","58-19 WOODSIDE AVENUE","WOODSIDE","Queens","11377","Sidewalk","Issued","08/07/2026 01:52:11 PM","08/07/2030 11:59:59 PM","40.74559667328","-73.9062795023","26","402","4028286","4012290001","259","QN0203","POINT (-73.906279502303 40.745596673279)"
"L.I.C. SEAFOOD INC.","PSARI","32-10 36 AVENUE","ASTORIA","Queens","11106","Sidewalk","Issued","08/14/2026 01:56:14 PM","08/14/2030 11:59:59 PM","40.75611430482","-73.92878077335","26","401","4007949","4006010134","55","QN0105","POINT (-73.928780773348 40.75611430482)"
"GPH NY LLC","GUPSHUP","113 EAST   18 STREET","NEW YORK","Manhattan","10003","Roadway","Issued","04/24/2026 02:47:51 PM","04/24/2030 11:59:59 PM","40.7367934151","-73.9877456761","2","105","1017863","1008740010","5","MN0602","POINT (-73.987745676103 40.736793415104)"
"2896 BROADWAY FOOD SERVICE INC.","COMMUNITY FOOD AND JUICE","2893 BROADWAY","NEW YORK","Manhattan","10025","Sidewalk","Issued","07/21/2026 10:15:51 AM","07/21/2030 11:59:59 PM","40.80589907121","-73.96544912436","7","109","1057337","1018950023","199","MN0901","POINT (-73.965449124356 40.805899071211)"
"EL MONO LLC","CASA MONO / BAR JAMON","52 IRVING PLACE","NEW YORK","Manhattan","10003","Sidewalk","Issued","02/20/2026 03:03:56 PM","02/20/2030 11:59:59 PM","40.73595621542","-73.98731642956","2","106","1017846","1008730022","5","MN0602","POINT (-73.98731642956 40.735956215416)"
"153 NIGEL LLC","MISS ADA","184 DEKALB AVENUE","BROOKLYN","Brooklyn","11205","Roadway","Issued","06/18/2025 03:29:41 PM","06/18/2029 11:59:59 PM","40.68957522315","-73.97236083003","35","302","3059016","3021020033","181","BK0203","POINT (-73.972360830029 40.689575223151)"
"THE BARN COFFEE SHOP CORP","THE BARN COFFEE SHOP","26-08 HOYT AVENUE SOUTH","ASTORIA","Queens","11102","Sidewalk","Issued","07/31/2026 02:57:05 PM","07/31/2030 11:59:59 PM","40.7724375248","-73.92062902184","22","401","4018540","4008610049","69","QN0103","POINT (-73.920629021837 40.772437524799)"
"NEWTOWN BAR LLC","LAS CATRINAS","32-02 BROADWAY","ASTORIA","Queens","11106","Sidewalk","Issued","03/27/2026 09:21:41 AM","03/27/2030 11:59:59 PM","40.76152420903","-73.92446125013","22","401","4008327","4006120033","59","QN0103","POINT (-73.924461250134 40.761524209031)"
"TOZZER, LTD.","NIAGARA / LOVERS OF TODAY / 96 TEARS/ THE CABIN","112 AVENUE A","NEW YORK","Manhattan","10009","Roadway","Issued","04/24/2026 04:07:21 PM","04/24/2030 11:59:59 PM","40.72591265113","-73.98362028505","2","103","1005082","1004027501","32","MN0303","POINT (-73.983620285047 40.725912651128)"
"CHELSEA PANTRY CORP","HENRY & THE LIONS","405 WEST   23 STREET","NEW YORK","Manhattan","10011","Sidewalk","Issued","08/14/2026 12:39:55 PM","08/14/2030 11:59:59 PM","40.74670539352","-74.00182615253","3","104","1077236","1007217501","93","MN0401","POINT (-74.001826152527 40.746705393524)"
"PLAN A GROUP, LLC","FORGTMENOT","138 DIVISION STREET","NEW YORK","Manhattan","10002","Roadway","Issued","04/17/2026 02:18:55 PM","04/17/2030 11:59:59 PM","40.71446234128","-73.99157708402","1","103","1003805","1002940028","16","MN0301","POINT (-73.991577084022 40.714462341278)"
"AV 1123 BROADWAY LLC","ALL'ANTICO VINAIO","1123 BROADWAY","NEW YORK","Manhattan","10010","Roadway","Issued","08/15/2025 03:26:55 PM","08/15/2029 11:59:59 PM","40.74324649227","-73.98912304965","3","105","1015618","1008270028","58","MN0501","POINT (-73.989123049646 40.743246492273)"
"SARITA'S MACARONI & CHEESE EV, LLC","SARITA'S MAC & CHEESE","197 1 AVENUE","NEW YORK","Manhattan","10003","Sidewalk","Issued","05/15/2026 01:12:02 PM","05/15/2030 11:59:59 PM","40.73010114304","-73.98347492775","2","103","1006498","1004540045","4001","MN0303","POINT (-73.983474927753 40.730101143043)"
"COTTON BEAN CORPORATION","COTTON BEAN","1077 BERGEN STREET","BROOKLYN","Brooklyn","11216","Roadway","Issued","05/08/2026 01:30:51 PM","05/08/2030 11:59:59 PM","40.67613499926","-73.95064170434","36","308","3030337","3012120051","315","BK0802","POINT (-73.950641704337 40.676134999255)"
"ZANNIMAD FOOD CORP","THREE GUYS","960 MADISON AVENUE","NEW YORK","Manhattan","10021","Roadway","Issued","06/12/2026 03:48:27 PM","06/12/2030 11:59:59 PM","40.77397437678","-73.96384103552","4","108","1041694","1013900017","13","MN0802","POINT (-73.963841035522 40.773974376779)"
"MATCHAFUL PRINCE LLC","MATCHAFUL","184 PRINCE STREET","NEW YORK","Manhattan","10012","Roadway","Issued","09/02/2026 02:54:11 PM","09/02/2030 11:59:59 PM","40.72637217669","-74.00213947977","1","102","1007783","1005030018","49","MN0201","POINT (-74.002139479768 40.726372176688)"
"JAY STREET PLACE CORP","WATER STREET TAVERN","71 JAY STREET","BROOKLYN","Brooklyn","11201","Sidewalk","Issued","06/05/2026 06:05:37 PM","06/05/2030 11:59:59 PM","40.70256878771","-73.98667001195","33","302","3329421","3000410002","21","BK0202","POINT (-73.986670011954 40.702568787713)"
"EVIR CORP","SAN MARZANO","117 2 AVENUE","NEW YORK","Manhattan","10003","Sidewalk","Issued","08/07/2026 02:07:29 PM","08/07/2030 11:59:59 PM","40.72788944439","-73.98819110059","2","103","1006651","1004620023","38","MN0303","POINT (-73.988191100588 40.727889444392)"
"SUPERNATURAL RESTAURANTS, LLC","CHLOE'S","185 BLEECKER STREET","NEW YORK","Manhattan","10012","Sidewalk","Issued","04/24/2026 02:35:01 PM","04/24/2030 11:59:59 PM","40.72907853142","-74.00100664282","2","102","1008715","1005400043","65","MN0202","POINT (-74.001006642818 40.729078531416)"
"FRIEND OF A FARMER UWS LLC","FRIEND OF A FARMER","68 WEST   71 STREET","NEW YORK","Manhattan","10023","Roadway","Issued","04/17/2026 02:23:54 PM","04/17/2030 11:59:59 PM","40.77639344932","-73.97853490973","6","107","1028585","1011230061","157","MN0701","POINT (-73.978534909725 40.776393449323)"
"SNN FOOD CORP","ASTORIA TACO FACTORY","28-02 21 STREET","ASTORIA","Queens","11102","Roadway","Issued","06/25/2026 08:08:56 AM","06/25/2030 11:59:59 PM","40.77103911814","-73.92689821436","22","401","4006068","4005380041","83","QN0102","POINT (-73.926898214358 40.771039118137)"
"TWO HANDS TRIBECA LLC","TWO HANDS TRIBECA","251 CHURCH STREET","NEW YORK","Manhattan","10013","Roadway","Issued","07/20/2026 03:10:21 PM","07/20/2030 11:59:59 PM","40.71786053611","-74.00562037462","1","101","1001891","1001740011","33","MN0102","POINT (-74.005620374623 40.71786053611)"
"TALEA BEER INC.","TALEA BEER CO.","87 RICHARDSON STREET","BROOKLYN","Brooklyn","11211","Roadway","Issued","07/18/2025 03:33:04 PM","07/18/2029 11:59:59 PM","40.71846659757","-73.9483086728","33","301","3067904","3027230001","499","BK0101","POINT (-73.948308672801 40.71846659757)"
"VARIETY CAFE INC.","VARIETY COFFEE ROASTERS","368 GRAHAM AVENUE","BROOKLYN","Brooklyn","11211","Roadway","Issued","09/19/2025 12:06:53 PM","09/19/2029 11:59:59 PM","40.71539068453","-73.94451619247","34","301","3068617","3027550002","497","BK0104","POINT (-73.944516192474 40.715390684527)"
"SANGE REST. INC. D/B/A TIO PEPE","TIO PEPE","168 WEST    4 STREET","NEW YORK","Manhattan","10014","Roadway","Issued","05/22/2026 12:35:24 PM","05/22/2030 11:59:59 PM","40.7320565971","-74.00144328026","3","102","1010145","1005900029","67","MN0203","POINT (-74.001443280258 40.732056597098)"
"AUTOMATIC SLIMS INC.","AUTOMATIC SLIM'S","733 WASHINGTON STREET","NEW YORK","Manhattan","10014","Roadway","Issued","06/25/2026 08:09:50 AM","06/25/2030 11:59:59 PM","40.7362997124","-74.00829217515","3","102","1011923","1006357502","79","MN0203","POINT (-74.008292175149 40.736299712402)"
"ALPHA 129 REST. LLC","LUCKY JACK'S","129 ORCHARD STREET","NEW YORK","Manhattan","10002","Sidewalk","Issued","09/25/2026 11:43:38 AM","09/25/2030 11:59:59 PM","40.71974035103","-73.98941189563","1","103","1079077","1004150072","18","MN0302","POINT (-73.98941189563 40.719740351033)"
"LUCILLE'S COFFEE AND COCKTAILS, LLC","LUCILLE'S COFFEE AND COCKTAILS","26 MACOMBS PLACE","NEW YORK","Manhattan","10039","Sidewalk","Issued","07/24/2026 01:56:42 PM","07/24/2030 11:59:59 PM","40.82615514955","-73.93879391898","9","110","1060586","1020360001","236","MN1002","POINT (-73.938793918978 40.826155149546)"
"LEONS BEDFORD LLC","LEON'S BAGELS","128 BEDFORD AVENUE","BROOKLYN","Brooklyn","11249","Roadway","Issued","06/06/2025 10:11:04 AM","06/06/2029 11:59:59 PM","40.71936463355","-73.95608576823","33","301","3061678","3023040021","517","BK0102","POINT (-73.956085768233 40.719364633553)"
"NICOBAR LTD","NICK'S BISTRO","104-20 METROPOLITAN AVENUE","FOREST HILLS","Queens","11375","Sidewalk","Issued","09/04/2026 10:34:04 AM","09/04/2030 11:59:59 PM","40.71005316462","-73.84840832474","29","406","4095446","4039020037","645","QN0602","POINT (-73.848408324738 40.710053164615)"
"HENRO JONES,LLC","HENRY PUBLIC","329 HENRY STREET","BROOKLYN","Brooklyn","11201","Sidewalk","Issued","06/19/2026 11:17:21 AM","06/19/2030 11:59:59 PM","40.69036350403","-73.99640848799","39","306","3002941","3002850003","45","BK0601","POINT (-73.996408487991 40.690363504032)"
"BERRY 212, CORP","THE LEVEE","212 BERRY STREET","BROOKLYN","Brooklyn","11249","Sidewalk","Issued","04/11/2025 02:05:23 PM","04/11/2029 11:59:59 PM","40.71610312747","-73.96173340323","34","301","3062400","3023580018","555","BK0102","POINT (-73.961733403225 40.716103127468)"
"TANGIER LLC","MACAO TRADING COMPANY","311 CHURCH STREET","NEW YORK","Manhattan","10013","Roadway","Issued","05/08/2026 02:08:29 PM","05/08/2030 11:59:59 PM","40.71971331668","-74.00415948189","1","101","1002296","1001940018","33","MN0102","POINT (-74.004159481889 40.719713316676)"
"DYNAMIC MUSIC CORP.","OLIVE TREE CAFE & COMEDY CELLAR","117 MAC DOUGAL STREET","NEW YORK","Manhattan","10012","Roadway","Issued","04/24/2026 09:56:19 PM","04/24/2030 11:59:59 PM","40.73013526993","-74.0003788501","2","102","1008747","1005430022","65","MN0202","POINT (-74.000378850102 40.730135269927)"
"BLANK STREET INC.","BLANK STREET","178 COURT STREET","BROOKLYN","Brooklyn","11201","Sidewalk","Issued","05/29/2026 10:12:01 AM","05/29/2030 11:59:59 PM","40.68774759585","-73.9933112526","39","306","3426661","3002970031","45","BK0601","POINT (-73.993311252603 40.687747595853)"
"BOKAGUA CORP","BOKAGUA","3541 RIVERDALE AVENUE","BRONX","Bronx","10463","Sidewalk","Issued","09/04/2026 10:07:54 AM","09/04/2030 11:59:59 PM","40.88609249507","-73.90699928963","11","208","2084137","2057910404","295","BX0803","POINT (-73.906999289627 40.886092495073)"
"BENDOM BROOKLYN INC","BIG TINY","244 SMITH STREET","BROOKLYN","Brooklyn","11231","Sidewalk","Issued","07/02/2026 03:46:38 PM","07/02/2030 11:59:59 PM","40.68339709326","-73.99273119589","39","306","3336097","3004140036","75","BK0601","POINT (-73.992731195886 40.683397093264)"
"BAKED CLAMS LLC","LIMO BAR","33 AVENUE B","NEW YORK","Manhattan","10009","Sidewalk","Issued","07/24/2026 01:37:30 PM","07/24/2030 11:59:59 PM","40.7225118046","-73.98306554109","2","103","1004589","1003850005","2202","MN0303","POINT (-73.983065541094 40.7225118046)"
"GULIANI GROUP INC","LALIKO STORIES OF GEORGIA","80 CARMINE STREET","NEW YORK","Manhattan","10014","Sidewalk","Issued","06/26/2026 01:41:55 PM","06/26/2030 11:59:59 PM","40.72962190717","-74.00460028709","3","102","1066793","1005287501","67","MN0203","POINT (-74.004600287094 40.729621907167)"
"62 CARMINE CORP","CODINO","62 CARMINE STREET","NEW YORK","Manhattan","10014","Sidewalk","Issued","07/30/2026 01:13:13 PM","07/30/2030 11:59:59 PM","40.72975092585","-74.00421784005","3","102","1008408","1005280076","67","MN0203","POINT (-74.00421784005 40.729750925845)"
"juliet master events inc","THE EDGE","101 EDGECOMBE AVENUE","NEW YORK","Manhattan","10030","Sidewalk","Issued","07/20/2026 04:13:52 PM","07/20/2030 11:59:59 PM","40.81983209877","-73.94592816458","9","110","1060907","1020480021","22102","MN1002","POINT (-73.945928164582 40.819832098774)"
"CAIRO RX INC","CAIRO RX CAFE","1932 BATH AVENUE","BROOKLYN","Brooklyn","11214","Sidewalk","Issued","07/31/2026 12:38:39 PM","07/31/2030 11:59:59 PM","40.60211059759","-74.00281610006","47","311","3168753","3064400031","282","BK1102","POINT (-74.002816100061 40.60211059759)"
"MANOR OKTOBERFEST FOREST HILLS, INC","MANOR OKTOBERFEST","73-11 YELLOWSTONE BOULEVARD","FOREST HILLS","Queens","11375","Sidewalk","Issued","08/14/2026 12:56:50 PM","08/14/2030 11:59:59 PM","40.71766174221","-73.85700908741","29","406","4075517","4031840001","707","QN0602","POINT (-73.857009087409 40.717661742205)"
"PIZZA HOTI LTD","ASAP! PIZZA SPOT","37-05 28 AVENUE","ASTORIA","Queens","11103","Sidewalk","Issued","04/03/2026 09:34:36 AM","04/03/2030 11:59:59 PM","40.76616457861","-73.91514923942","22","401","4010226","4006530101","6502","QN0103","POINT (-73.91514923942 40.766164578612)"
"ANTWERP B LLC","CAFE D'ANVERS/MOJO DESSERTS","1567 LEXINGTON AVENUE","NEW YORK","Manhattan","10029","Roadway","Issued","05/08/2026 12:26:46 PM","05/08/2030 11:59:59 PM","40.78851318418","-73.9489835563","8","111","1051795","1016280022","166","MN1101","POINT (-73.948983556298 40.788513184176)"
"ANCASH INC.","TUMI","689 9 AVENUE","NEW YORK","Manhattan","10036","Sidewalk","Issued","03/27/2026 10:55:09 AM","03/27/2030 11:59:59 PM","40.76186429305","-73.99013796726","3","104","1026569","1010570032","127","MN0402","POINT (-73.990137967261 40.761864293045)"
"LIFE'S A PINK BEACH CORP.","THE FICTION","308 HOOPER STREET","BROOKLYN","Brooklyn","11211","Sidewalk","Issued","07/20/2026 04:10:29 PM","07/20/2030 11:59:59 PM","40.70727305854","-73.95387915595","34","301","3063626","3024640034","527","BK0102","POINT (-73.953879155947 40.707273058544)"
"OSTERIA BROOKLYN LEASING CORP.","OSTERIA BROOKLYN @ LIC","1-50 50 AVENUE","LONG ISLAND CITY","Queens","11101","Roadway","Issued","04/10/2026 12:18:57 PM","04/10/2030 11:59:59 PM","40.74363488393","-73.95887737927","26","402","4541370","4000067502","101","QN0201","POINT (-73.958877379272 40.743634883932)"
"CAFE LOUNGE CORPORATION","CAFE LOUNGE","210 KINGS HIGHWAY","BROOKLYN","Brooklyn","11223","Sidewalk","Issued","03/27/2026 08:19:57 AM","03/27/2030 11:59:59 PM","40.60543887308","-73.98352751104","43","311","3176520","3066460010","428","BK1103","POINT (-73.983527511041 40.605438873083)"
"108-02 72ND REST LLC","REEF","108-02 72 AVENUE","FOREST HILLS","Queens","11375","Roadway","Issued","07/31/2026 01:44:52 PM","07/31/2030 11:59:59 PM","40.71950094922","-73.84250288122","29","406","4078033","4032580033","737","QN0602","POINT (-73.842502881222 40.719500949215)"
"BLANK STREET INC.","BLANK STREET COFFEE","2461 BROADWAY","NEW YORK","Manhattan","10025","Roadway","Issued","05/08/2026 12:14:16 PM","05/08/2030 11:59:59 PM","40.7915243483","-73.97406988875","6","107","1033583","1012397503","179","MN0702","POINT (-73.974069888749 40.791524348299)"
"HYGIEUSA, INC.","FAVELA","33-18 28 AVENUE","ASTORIA","Queens","11103","Sidewalk","Issued","06/25/2026 08:50:44 AM","06/25/2030 11:59:59 PM","40.76761608087","-73.91827737113","22","401","4009145","4006270024","6501","QN0103","POINT (-73.918277371132 40.767616080869)"
"MAMAN LINCOLN CENTER LLC","MAMAN","152 COLUMBUS AVENUE","NEW YORK","Manhattan","10023","Roadway","Issued","08/22/2025 03:33:25 PM","08/22/2029 11:59:59 PM","40.77399776004","-73.98128687219","6","107","1028842","1011380033","15302","MN0701","POINT (-73.981286872189 40.773997760035)"
"BEANSWAY, INC.","BROOKLYN BREW CAFE","310 79TH ST","BROOKLYN","Brooklyn","11209","Roadway","Issued","04/10/2026 11:55:32 AM","04/10/2030 11:59:59 PM","40.62845151715","-74.02856123697","47","310",,,"64","BK1001","POINT (-74.028561236967 40.628451517147)"
"203 WEST 19TH TAVERN INC","BEER RUN","203 WEST   19 STREET","NEW YORK","Manhattan","10011","Roadway","Issued","02/13/2026 02:48:14 PM","02/13/2030 11:59:59 PM","40.74180049685","-73.99779867447","3","104","1013980","1007690034","87","MN0401","POINT (-73.997798674471 40.741800496846)"
"BAFFIONE LLC","MADMAN ESPRESSO","54 UNIVERSITY PLACE","NEW YORK","Manhattan","10003","Roadway","Issued","04/24/2026 02:58:32 PM","04/24/2030 11:59:59 PM","40.73259990927","-73.99393456507","2","102","1009238","1005670019","59","MN0202","POINT (-73.993934565065 40.732599909273)"
"THE MANHATTAN OCEAN CLUB ASSOCIATES, L.L.C.","QUALITY MEATS","57 WEST   58 STREET","NEW YORK","Manhattan","10019","Roadway","Issued","03/27/2026 10:02:11 AM","03/27/2030 11:59:59 PM","40.76451354365","-73.97552804165","4","105","1035250","1012747502","11201","MN0502","POINT (-73.975528041654 40.764513543649)"
"LSMC, LLC","C. DI PALO","151 MOTT STREET","NEW YORK","Manhattan","10013","Sidewalk","Issued","04/03/2026 10:08:54 AM","04/03/2030 11:59:59 PM","40.71921378855","-73.99642135734","1","102","1006992","1004710052","41","MN0201","POINT (-73.996421357339 40.719213788553)"
"LEAHLALA, LLC.","ABILENE","442 COURT STREET","BROOKLYN","Brooklyn","11231","Sidewalk","Issued","05/02/2025 02:20:29 PM","05/02/2029 11:59:59 PM","40.6789260592","-73.99756280711","39","306","3005293","3003660030","65","BK0601","POINT (-73.997562807106 40.6789260592)"
"PAOLA'S CAFE LLC","PAOLA'S OSTERIA","1246 MADISON AVENUE","NEW YORK","Manhattan","10128","Sidewalk","Issued","03/27/2026 10:00:29 AM","03/27/2030 11:59:59 PM","40.78311485898","-73.95717379714","4","108","1046978","1015010056","15002","MN0802","POINT (-73.957173797144 40.783114858982)"
"GRAN CAFFE DE MARTINI LTD","GRAN CAFFE DE MARTINI","609 VANDERBILT AVENUE","BROOKLYN","Brooklyn","11238","Roadway","Issued","06/19/2026 02:15:18 PM","06/19/2030 11:59:59 PM","40.67909463088","-73.96833083258","35","308","3028196","3011450009","205","BK0801","POINT (-73.968330832582 40.679094630877)"
"27 EAST RESTAURANT HOLDINGS LLC","FLEMING BY LE BILBOQUET","27 EAST   62 STREET","NEW YORK","Manhattan","10065","Sidewalk","Issued","07/21/2026 11:11:03 AM","07/21/2030 11:59:59 PM","40.76536304901","-73.96978058892","4","108","1040895","1013770024","11401","MN0802","POINT (-73.969780588918 40.765363049008)"
"SIXTY HOSPITALITY LLC","AVRA MADISON ESTIATORIO","14 EAST   60 STREET","NEW YORK","Manhattan","10022","Roadway","Issued","04/24/2026 02:14:55 PM","04/24/2030 11:59:59 PM","40.76437259712","-73.97136220179","4","108","1040763","1013740060","11401","MN0802","POINT (-73.971362201788 40.764372597121)"
"STONE PARK CORNER LLC","STONE PARK CAFE","324 5 AVENUE","BROOKLYN","Brooklyn","11215","Sidewalk","Issued","08/28/2026 09:24:10 AM","08/28/2030 11:59:59 PM","40.67288360454","-73.98321878524","39","306","3020905","3009740044","135","BK0602","POINT (-73.983218785238 40.672883604537)"
"CITRUS AND SPICE LLC","CITRICO","32-90 36 STREET","ASTORIA","Queens","11106","Sidewalk","Issued","07/24/2026 12:59:09 PM","07/24/2030 11:59:59 PM","40.75962030043","-73.92178862925","22","401","4009718","4006460077","59","QN0103","POINT (-73.921788629249 40.759620300431)"
"192 TM THIRD TAVERN LLC","TRIONA'S","192 3 AVENUE","NEW YORK","Manhattan","10003","Roadway","Issued","07/20/2026 03:24:28 PM","07/20/2030 11:59:59 PM","40.73538785461","-73.98566389931","2","106","1017855","1008730035","5","MN0602","POINT (-73.985663899313 40.735387854614)"
"68 PERRY STREET CORP.","CORNER BISTRO","331 WEST    4 STREET","NEW YORK","Manhattan","10014","Roadway","Issued","05/01/2026 11:38:57 AM","05/01/2030 11:59:59 PM","40.73792484731","-74.00386111603","3","102","1011036","1006150060","77","MN0203","POINT (-74.003861116033 40.737924847314)"
"RHLP 284 LLC","RED HOOK LOBSTER POUND","284 VAN BRUNT STREET","BROOKLYN","Brooklyn","11231","Roadway","Issued","10/10/2025 01:38:08 PM","10/10/2029 11:59:59 PM","40.67974632809","-74.01009861184","38","306","3008365","3005290028","59","BK0601","POINT (-74.010098611838 40.67974632809)"
"MADISON PARK ACQUISITIONS, LLC","BLACKBARN","19 EAST   26 STREET","NEW YORK","Manhattan","10010","Sidewalk","Issued","04/03/2026 10:00:27 AM","04/03/2030 11:59:59 PM","40.74304318459","-73.98722846403","3","105","1016877","1008567503","56","MN0501","POINT (-73.987228464027 40.743043184589)"
"NOWON INC","NOWON","507 EAST    6 STREET","NEW YORK","Manhattan","10009","Roadway","Issued","08/15/2025 03:53:22 PM","08/15/2029 11:59:59 PM","40.7252840831","-73.98350498949","2","103","1005116","1004020062","32","MN0303","POINT (-73.983504989493 40.725284083095)"
"I MALATESTA TRATTORIA, INC","MALATESTA TRATTORIA","649 WASHINGTON STREET","NEW YORK","Manhattan","10014","Sidewalk","Issued","08/07/2026 02:19:51 PM","08/07/2030 11:59:59 PM","40.73274796359","-74.00861286466","3","102","1011720","1006300001","75","MN0203","POINT (-74.008612864661 40.732747963593)"
"DPR 56, LLC","THE ELGIN","64 WEST   48 STREET","NEW YORK","Manhattan","10036","Roadway","Issued","10/03/2025 01:45:52 PM","10/03/2029 11:59:59 PM","40.75823172685","-73.98039613181","4","105","1034501","1012630067","96","MN0502","POINT (-73.980396131806 40.758231726846)"
"AVIV75 LLC","KOSSAR'S BAGELS & BIALYS / MISS WONTON DUMPLING","1409 YORK AVENUE","NEW YORK","Manhattan","10021","Sidewalk","Issued","02/06/2026 12:20:13 PM","02/06/2030 11:59:59 PM","40.76898851931","-73.95251852517","5","108","1045931","1014700022","13201","MN0801","POINT (-73.952518525168 40.768988519305)"
"FELICE 240, LLC","FELICE","240 COLUMBUS AVENUE","NEW YORK","Manhattan","10023","Sidewalk","Issued","03/13/2026 02:42:19 PM","03/13/2030 11:59:59 PM","40.77682450198","-73.97922079105","6","107","1029887","1011430031","157","MN0701","POINT (-73.979220791054 40.776824501976)"
"AURA LLC.","MICKEY SPILLANE'S HELL'S KITCHEN NYC","350 WEST   49 STREET","NEW YORK","Manhattan","10019","Sidewalk","Issued","08/06/2026 12:06:52 PM","08/06/2030 11:59:59 PM","40.76272880082","-73.98913068539","3","104","1025163","1010390061","127","MN0402","POINT (-73.989130685394 40.762728800821)"
"Sugar Beets Inc.","MAMAN","239 CENTRE STREET","NEW YORK","Manhattan","10013","Roadway","Issued","02/20/2026 03:07:18 PM","02/20/2030 11:59:59 PM","40.720185478","-73.99819982982","1","102","1007006","1004720022","45","MN0201","POINT (-73.998199829815 40.720185477997)"
"HENG HENG GROUP INC","NOURISH THAI","637A VANDERBILT AVENUE","BROOKLYN","Brooklyn","11238","Roadway","Issued","08/15/2025 03:52:14 PM","08/15/2029 11:59:59 PM","40.67803525254","-73.96871349587","35","308","3028480","3011520005","205","BK0801","POINT (-73.968713495874 40.678035252538)"
"MYRTLE VILLAGE LLC","BIRDY'S","1215 MYRTLE AVENUE","BROOKLYN","Brooklyn","11221","Roadway","Issued","06/18/2025 03:33:10 PM","06/18/2029 11:59:59 PM","40.69760030075","-73.93154105582","34","304","3072457","3031830077","391","BK0401","POINT (-73.93154105582 40.697600300753)"
"KDK, LLC","VIAND CAFE","2130 BROADWAY","NEW YORK","Manhattan","10023","Roadway","Issued","04/24/2026 10:24:50 PM","04/24/2030 11:59:59 PM","40.78073065707","-73.98137885477","6","107","1030727","1011660035","163","MN0702","POINT (-73.981378854767 40.780730657065)"
"FINNISTER LLC","FINN'S CORNER","660 WASHINGTON AVENUE","BROOKLYN","Brooklyn","11238","Sidewalk","Issued","05/15/2026 10:22:27 AM","05/15/2030 11:59:59 PM","40.67835771551","-73.96388226297","35","308","3341614","3011460023","205","BK0801","POINT (-73.963882262973 40.678357715508)"
"RUBY'S WILLIAMSBURG LLC","LITTLE RUBY'S","98 BERRY STREET","BROOKLYN","Brooklyn","11249","Sidewalk","Issued","02/27/2026 01:50:50 PM","02/27/2030 11:59:59 PM","40.71910478458","-73.95851378572","33","301","3324819","3023180017","557","BK0102","POINT (-73.958513785716 40.719104784575)"
"TOM'S RESTAURANT INC.","TOM'S RESTAURANT","782 WASHINGTON AVENUE","BROOKLYN","Brooklyn","11238","Roadway","Issued","05/08/2026 04:16:10 PM","05/08/2030 11:59:59 PM","40.67441871901","-73.96312012938","35","308","3029398","3011730046","207","BK0801","POINT (-73.963120129377 40.674418719006)"
"ELSAYED III CORP","HORUS CAFE","293 EAST   10 STREET","NEW YORK","Manhattan","10009","Roadway","Issued","09/26/2025 12:39:37 PM","09/26/2029 11:59:59 PM","40.72769923117","-73.98187358971","2","103","1077612","1004040059","34","MN0303","POINT (-73.981873589705 40.727699231169)"
"MA.VI.DO. REST INC.","MEDITERRANEO","1260 2 AVENUE","NEW YORK","Manhattan","10065","Sidewalk","Issued","07/24/2026 02:03:14 PM","07/24/2030 11:59:59 PM","40.76507222529","-73.96106979992","5","108","1044738","1014417501","118","MN0801","POINT (-73.961069799916 40.765072225292)"
"BUFFANNA INC","IL PICCOLO BUFALO","141 MULBERRY STREET","NEW YORK","Manhattan","10013","Roadway","Issued","07/21/2026 01:00:17 PM","07/21/2030 11:59:59 PM","40.71869780333","-73.99761906673","1","102","1003079","1002360025","41","MN0201","POINT (-73.997619066734 40.718697803329)"
"THAFATH INC","DEUX AMIS","356 EAST   51 STREET","NEW YORK","Manhattan","10022","Sidewalk","Issued","07/02/2026 04:05:30 PM","07/02/2030 11:59:59 PM","40.75484698073","-73.9665441008","4","106","1039614","1013430030","98","MN0604","POINT (-73.966544100803 40.754846980725)"
"SMS 21 LLC","21 GREENPOINT","21 GREENPOINT AVENUE","BROOKLYN","Brooklyn","11222","Sidewalk","Issued","07/02/2026 03:33:36 PM","07/02/2030 11:59:59 PM","40.72966711924","-73.9598385629","33","301","3064663","3025560049","565","BK0101","POINT (-73.959838562901 40.729667119238)"
"NAMU RESTAURANT CORP.","JADIS","42 RIVINGTON STREET","NEW YORK","Manhattan","10002","Roadway","Issued","05/08/2026 01:58:07 PM","05/08/2030 11:59:59 PM","40.72088780222","-73.99103512978","1","103","1005611","1004210078","3601","MN0302","POINT (-73.991035129781 40.720887802221)"
"BOTTEGA COFBER INC","CAFE MADELINE","1603 CORTELYOU ROAD","BROOKLYN","Brooklyn","11226","Sidewalk","Issued","07/21/2026 08:55:17 AM","07/21/2030 11:59:59 PM","40.64167634177","-73.96341214636","40","314","3118466","3051470044","514","BK1401","POINT (-73.963412146362 40.641676341765)"
"A& G RIVER DELI LLC","RIVER DELI","2834 COLUMBIA PLACE","BROOKLYN","Brooklyn","11201","Sidewalk","Issued","05/29/2026 11:52:17 AM","05/29/2030 11:59:59 PM","40.69300918203","-73.99865820698","33","302",,,"7","BK0201","POINT (-73.998658206981 40.693009182027)"
"KUDDELMUDDEL CORP","HASEN STUBLE","1184 NOSTRAND AVENUE","BROOKLYN","Brooklyn","11225","Sidewalk","Issued","07/21/2026 11:21:44 AM","07/21/2030 11:59:59 PM","40.65842833217","-73.95039895754","40","309","3115617","3050440041","802","BK0902","POINT (-73.950398957542 40.658428332168)"
"TEA AND SYMPATHY INC.","TEA & SYMPATHY","108 GREENWICH AVENUE","NEW YORK","Manhattan","10011","Roadway","Issued","10/03/2025 01:44:14 PM","10/03/2029 11:59:59 PM","40.7383475858","-74.00214708287","3","102","1088420","1006170034","77","MN0203","POINT (-74.00214708287 40.738347585795)"
"CAFFE VETRO, INC","EPISTROPHY","200 MOTT STREET","NEW YORK","Manhattan","10012","Sidewalk","Issued","06/12/2026 02:21:30 PM","06/12/2030 11:59:59 PM","40.72131076134","-73.9955734544","1","102","1007160","1004790011","41","MN0201","POINT (-73.995573454398 40.721310761339)"
"BAR GIACOSA CORP.","BAR PITTI","268 6 AVENUE","NEW YORK","Manhattan","10014","Sidewalk","Issued","05/15/2026 09:25:44 AM","05/15/2030 11:59:59 PM","40.72932279577","-74.00235605799","2","102","1008297","1005260016","65","MN0202","POINT (-74.002356057989 40.729322795774)"
"EARTHLY EATS INCORPORATED","CLEMENTINE BAKERY","395 CLASSON AVENUE","BROOKLYN","Brooklyn","11238","Roadway","Issued","04/10/2026 12:02:08 PM","04/10/2030 11:59:59 PM","40.68752113348","-73.95972341979","36","303","3055766","3019530001","233","BK0301","POINT (-73.959723419794 40.687521133476)"
"ALL NIGHT SKATE INC","ALL NIGHT SKATE","54 ROCKAWAY AVENUE","BROOKLYN","Brooklyn","11233","Sidewalk","Issued","03/27/2026 06:34:28 AM","03/27/2030 11:59:59 PM","40.6818700485","-73.9115612957","41","316","3041164","3015160042","371","BK1601","POINT (-73.911561295704 40.6818700485)"
"S & N TOPAZE RESTAURANT INC","TOPAZE RESTAURANT & JERK CHICKEN","1875 UTICA AVENUE","BROOKLYN","Brooklyn","11234","Sidewalk","Issued","09/11/2026 11:10:35 AM","09/11/2030 11:59:59 PM","40.62657677588","-73.92768748752","46","318","3216419","3077980033","73","BK1801","POINT (-73.927687487521 40.62657677588)"
"905 LORIMER F&B LLC","RAY'S HOMETOWN BAR","905 LORIMER STREET","BROOKLYN","Brooklyn","11222","Sidewalk","Issued","05/01/2026 12:05:37 PM","05/01/2030 11:59:59 PM","40.72372709172","-73.95179687741","33","301","3066004","3026440041","569","BK0101","POINT (-73.95179687741 40.723727091717)"
"CAMELOT CASTLE LLC","OSCAR WILDE'S","45 WEST   27 STREET","NEW YORK","Manhattan","10001","Sidewalk","Issued","04/17/2026 03:19:42 PM","04/17/2030 11:59:59 PM","40.74486869615","-73.98965690057","3","105","1015677","1008290011","58","MN0501","POINT (-73.989656900571 40.744868696154)"
"LMF NY LLC","TURTLE BAY TAVERN","975 2 AVENUE","NEW YORK","Manhattan","10022","Sidewalk","Issued","08/14/2026 02:13:04 PM","08/14/2030 11:59:59 PM","40.75588760186","-73.96779246201","4","106","1038474","1013250029","98","MN0604","POINT (-73.967792462007 40.755887601863)"
"LPB6 LLC","LA PECORA BIANCA","359 COLUMBUS AVENUE","NEW YORK","Manhattan","10024","Sidewalk","Issued","03/27/2026 09:20:28 AM","03/27/2030 11:59:59 PM","40.78053488241","-73.97648983531","6","107","1028823","1011290064","161","MN0702","POINT (-73.976489835309 40.780534882409)"
"LEITRIM PUB, INC","D.J. REYNOLDS","351 WEST   57 STREET","NEW YORK","Manhattan","10019","Sidewalk","Issued","08/28/2026 01:20:29 PM","08/28/2030 11:59:59 PM","40.76732571155","-73.98431042362","6","104","1026048","1010480008","139","MN0402","POINT (-73.984310423617 40.767325711553)"
"LUKES LOBSTER II LLC","LUKE'S LOBSTER","242 EAST   81 STREET","NEW YORK","Manhattan","10028","Sidewalk","Issued","07/21/2026 11:01:29 AM","07/21/2030 11:59:59 PM","40.775162604","-73.95533033166","5","108","1048536","1015260028","138","MN0803","POINT (-73.955330331657 40.775162604004)"
"SWEETGREEN NEW YORK LLC","SWEETGREEN DUMBO","50 WASHINGTON STREET","BROOKLYN","Brooklyn","11201","Roadway","Issued","02/20/2026 03:10:30 PM","02/20/2030 11:59:59 PM","40.70282710089","-73.98961656255","33","302","3329425","3000370001","21","BK0202","POINT (-73.989616562553 40.702827100892)"
"MADREL LLC","MARLOW BISTRO","1018 AMSTERDAM AVENUE","NEW YORK","Manhattan","10025","Sidewalk","Issued","01/16/2026 01:09:23 PM","01/16/2030 11:59:59 PM","40.80287938457","-73.96393724685","7","107","1056714","1018810035","195","MN0703","POINT (-73.963937246851 40.802879384567)"
"SERAFINA MEATPACKING LLC","SERAFINA","7 9 AVENUE","NEW YORK","Manhattan","10014","Sidewalk","Issued","08/14/2026 02:01:09 PM","08/14/2030 11:59:59 PM","40.73959629705","-74.00635837176","3","102","1012193","1006440054","79","MN0203","POINT (-74.006358371758 40.739596297046)"
"UNDER PRESSURE COFFEE INC","UNDER PRESSURE","30-19 31 AVENUE","ASTORIA","Queens","11106","Sidewalk","Issued","07/20/2026 03:05:51 PM","07/20/2030 11:59:59 PM","40.76462001104","-73.92402813864","22","401","4007606","4005910020","63","QN0103","POINT (-73.92402813864 40.76462001104)"
"1701 FOSTER CORP","RUSTY NAIL","1701 FOSTER AVENUE","BROOKLYN","Brooklyn","11230","Sidewalk","Issued","04/17/2026 03:30:55 PM","04/17/2030 11:59:59 PM","40.63497559317","-73.96117841379","45","314","3120553","3052170037","518","BK1402","POINT (-73.961178413794 40.634975593171)"
"GRAZ RESTAURANT LLC","CAFE KATJA","79 ORCHARD STREET","NEW YORK","Manhattan","10002","Sidewalk","Issued","04/24/2026 02:33:01 PM","04/24/2030 11:59:59 PM","40.71768735712","-73.9904655896","1","103","1005449","1004130049","18","MN0302","POINT (-73.990465589601 40.71768735712)"
"NOI DUE INC.","NOI DUE CAFE","491 COLUMBUS AVENUE","NEW YORK","Manhattan","10024","Roadway","Issued","10/10/2025 01:35:34 PM","10/10/2029 11:59:59 PM","40.78491481118","-73.97330331348","6","107","1031245","1011970063","169","MN0702","POINT (-73.973303313477 40.784914811178)"
"THIRTY TREES CORP","HARTLEY'S","14 PUTNAM AVENUE","BROOKLYN","Brooklyn","11238","Sidewalk","Issued","04/03/2026 11:08:55 AM","04/03/2030 11:59:59 PM","40.68271558533","-73.96132718476","35","302","3057234","3019910009","227","BK0301","POINT (-73.961327184759 40.682715585332)"
"THE GLORIOUS DEEP LLC","PEARL'S SOCIAL & BILLY CLUB","40 ST NICHOLAS AVENUE","BROOKLYN","Brooklyn","11237","Sidewalk","Issued","06/12/2026 02:58:48 PM","06/12/2030 11:59:59 PM","40.70723876776","-73.92116862929","34","304","3072623","3031890027","447","BK0401","POINT (-73.92116862929 40.707238767764)"
"BROOKLYN ACQUISITION HOLDING LLC","SEA WOLF","19 WYCKOFF AVENUE","BROOKLYN","Brooklyn","11237","Roadway","Issued","10/03/2025 01:38:23 PM","10/03/2029 11:59:59 PM","40.70664162887","-73.92296553509","34","304","3072408","3031770001","447","BK0401","POINT (-73.922965535093 40.706641628872)"
"B E F RESTAURANT INC","CASA D' ANGELO","146 MULBERRY STREET","NEW YORK","Manhattan","10013","Roadway","Issued","07/03/2025 01:15:39 PM","07/03/2029 11:59:59 PM","40.71885974233","-73.99751083642","1","102","1077452","1002370011","41","MN0201","POINT (-73.997510836423 40.718859742332)"
"BODEGA 88 LLC","BODEGA 88","573 COLUMBUS AVENUE","NEW YORK","Manhattan","10024","Roadway","Issued","04/17/2026 11:18:47 AM","04/17/2030 11:59:59 PM","40.78755479858","-73.97137747052","6","107","1031486","1012010063","173","MN0702","POINT (-73.971377470518 40.787554798582)"
"STOKES & MCGINLEY INC.","ALFIE'S","800 9 AVENUE","NEW YORK","Manhattan","10019","Roadway","Issued","08/15/2025 03:25:33 PM","08/15/2029 11:59:59 PM","40.76544868973","-73.98750212227","3","104","1025389","1010440001","133","MN0402","POINT (-73.98750212227 40.76544868973)"
"FANCHON REALTY INC","VERNON GRILLE","48-20 VERNON BOULEVARD","LONG ISLAND CITY","Queens","11101","Sidewalk","Issued","08/21/2026 01:49:39 PM","08/21/2030 11:59:59 PM","40.7439046496","-73.95371656343","26","402","4430608","4000310001","701","QN0201","POINT (-73.953716563425 40.743904649596)"
"EAST TREMONT AVENUE ENTERPRISES INC","HK KITCHEN & DRAFT HOUSE","3599 EAST TREMONT AVENUE","BRONX","Bronx","10465","Sidewalk","Issued","08/28/2026 08:41:59 AM","08/28/2030 11:59:59 PM","40.82890849365","-73.82456215606","13","210","2076682","2054270050","162","BX1002","POINT (-73.824562156055 40.828908493652)"
"BELL F & B INC.","KUNST COFFEE HAUS","212-08 41 AVENUE","BAYSIDE","Queens","11361","Roadway","Issued","07/24/2026 01:21:04 PM","07/24/2030 11:59:59 PM","40.76341544533","-73.77268035007","19","411","4137456","4062270278","1129","QN1102","POINT (-73.772680350068 40.763415445333)"
"ANGEL OF HARLEM LLC","ANGEL OF HARLEM","2272 FREDERICK DOUGLASS BOULEVARD","NEW YORK","Manhattan","10027","Roadway","Issued","03/20/2026 11:06:57 AM","03/20/2030 11:59:59 PM","40.80815891241","-73.95262413079","9","110","1089789","1019270061","22","MN1001","POINT (-73.952624130793 40.808158912411)"
"FRATILLI'S PIZZERIA, INC","FRATILLI'S PIZZA & CAFE","404 HUNTS POINT AVENUE","BRONX","Bronx","10474","Sidewalk","Issued","04/17/2026 02:22:35 PM","04/17/2030 11:59:59 PM","40.8096136272","-73.88073948355","17","202","2114610","2027720270","11701","BX0201","POINT (-73.880739483554 40.809613627198)"
"PERMSUP INC","SUKH","723 FULTON STREET","BROOKLYN","Brooklyn","11217","Sidewalk","Issued","05/29/2026 11:54:29 AM","05/29/2030 11:59:59 PM","40.68710582792","-73.97639309617","35","302","3335276","3020980093","33","BK0203","POINT (-73.976393096169 40.687105827917)"
"SAN CARLINO LLC","OSTERIA CARLINA","455 HUDSON STREET","NEW YORK","Manhattan","10014","Sidewalk","Issued","08/28/2026 09:02:11 AM","08/28/2030 11:59:59 PM","40.73127415266","-74.00669674147","3","102","1010413","1006030065","69","MN0203","POINT (-74.006696741467 40.731274152659)"
"CARMIRA HOLDINGS CORP","LILLIAN PIZZERIA","96-01 69 AVENUE","FOREST HILLS","Queens","11375","Sidewalk","Issued","04/03/2026 02:07:59 PM","04/03/2030 11:59:59 PM","40.7168541794","-73.85220579715","29","406","4076403","4032000038","709","QN0602","POINT (-73.852205797149 40.7168541794)"
"BARNEY GREENGRASS INC.","BARNEY GREENGRASS","541 AMSTERDAM AVENUE","NEW YORK","Manhattan","10024","Roadway","Issued","04/24/2026 02:22:48 PM","04/24/2030 11:59:59 PM","40.78782460723","-73.97489469674","6","107","1032218","1012170064","173","MN0702","POINT (-73.974894696743 40.787824607234)"
"SLJ BAR LLC","COMMON GROUND NYC","63 GANSEVOORT STREET","NEW YORK","Manhattan","10014","Sidewalk","Issued","04/24/2026 02:36:34 PM","04/24/2030 11:59:59 PM","40.73939038488","-74.00728215346","3","102","1080263","1006440043","79","MN0203","POINT (-74.007282153464 40.739390384879)"
"61 HESTER LLC","CASETTA","61 HESTER STREET","NEW YORK","Manhattan","10002","Sidewalk","Issued","04/10/2026 12:00:09 PM","04/10/2030 11:59:59 PM","40.71574405398","-73.99037929312","1","103","1004051","1003100040","16","MN0301","POINT (-73.990379293118 40.715744053983)"
"CAGLIOSTRO LLC","LIAR LIAR","285 NEVINS STREET","BROOKLYN","Brooklyn","11217","Sidewalk","Issued","08/28/2026 08:44:20 AM","08/28/2030 11:59:59 PM","40.67963899103","-73.9870135162","39","306","3007191","3004330010","11901","BK0601","POINT (-73.987013516201 40.679638991034)"
"LS TAVERN INC","DRAM SHOP","339 9 STREET","BROOKLYN","Brooklyn","11215","Sidewalk","Issued","05/29/2026 10:45:59 AM","05/29/2030 11:59:59 PM","40.66863770698","-73.98519526429","39","306","3022138","3010050063","137","BK0602","POINT (-73.985195264291 40.668637706981)"
"DUTCH FREDS INC","DUTCH FREDS","307 WEST   47 STREET","NEW YORK","Manhattan","10036","Roadway","Issued","05/16/2025 03:50:23 PM","05/16/2029 11:59:59 PM","40.76063718412","-73.98801561377","3","104","1025099","1010380028","127","MN0402","POINT (-73.988015613768 40.760637184115)"
"SNAPFU INC","BAKERY BY TEXTBOOK","874 HANCOCK STREET","BROOKLYN","Brooklyn","11233","Sidewalk","Issued","08/21/2026 09:51:22 AM","08/21/2030 11:59:59 PM","40.68594142782","-73.92023839438","41","303","3039931","3014910003","377","BK0302","POINT (-73.920238394376 40.68594142782)"
"BUT FIRST COFFEE LLC","CAFFE PARADISO","202 ELIZABETH STREET","NEW YORK","Manhattan","10012","Sidewalk","Issued","09/25/2026 04:26:14 PM","09/25/2030 11:59:59 PM","40.72200788184","-73.99441895847","1","102","1007392","1004920007","43","MN0201","POINT (-73.994418958472 40.722007881843)"
"461 RESTAURANT LLC","COGNAC 5TH AVENUE","461 5 AVENUE","NEW YORK","Manhattan","10017","Sidewalk","Issued","08/28/2026 01:19:33 PM","08/28/2030 11:59:59 PM","40.752278566","-73.9817477688","4","105","1071438","1012750001","82","MN0502","POINT (-73.981747768799 40.752278565999)"
"INTERNATIONAL KITCHEN LLC","HUTCH & WALDO COFFEE","247 EAST   81 STREET","NEW YORK","Manhattan","10028","Roadway","Issued","04/24/2026 02:54:48 PM","04/24/2030 11:59:59 PM","40.77513511567","-73.95522564438","5","108","1048566","1015270021","138","MN0803","POINT (-73.955225644383 40.775135115665)"
"ARVINE HOSPITALITY LLC","ARVINE","19 GREENWICH AVENUE","NEW YORK","Manhattan","10014","Sidewalk","Issued","07/20/2026 02:28:19 PM","07/20/2030 11:59:59 PM","40.73452689437","-73.99990618329","3","102","1010689","1006100054","71","MN0203","POINT (-73.999906183292 40.734526894366)"
"GARAGE ASTORIA LLC","THE BONNIE","29-12 23 AVENUE","ASTORIA","Queens","11105","Sidewalk","Issued","04/24/2026 10:11:25 PM","04/24/2030 11:59:59 PM","40.77493849306","-73.91370824491","22","401","4017500","4008420068","115","QN0101","POINT (-73.91370824491 40.774938493062)"
"CAFE HABANA NYC LLC","CAFE HABANA","17 PRINCE STREET","NEW YORK","Manhattan","10012","Roadway","Issued","06/12/2026 03:36:26 PM","06/12/2030 11:59:59 PM","40.72277091925","-73.9942601557","1","102","1007909","1005080046","43","MN0201","POINT (-73.994260155704 40.72277091925)"
"965 FIRST REST, CORP.","MADISON RESTAURANT","965 1 AVENUE","NEW YORK","Manhattan","10022","Sidewalk","Issued","05/29/2026 11:33:06 AM","05/29/2030 11:59:59 PM","40.7558482731","-73.96472441066","4","106","1039836","1013460023","98","MN0604","POINT (-73.964724410661 40.755848273103)"
"BEEPUBLIC INC","BEEPUBLIC","181 FRONT STREET","BROOKLYN","Brooklyn","11201","Roadway","Issued","01/02/2026 02:50:53 PM","01/02/2030 11:59:59 PM","40.70239852578","-73.98594872827","33","302","3413894","3000410042","21","BK0202","POINT (-73.985948728273 40.702398525779)"
"C & N RESTAURANT CORP.","POBLADO GASTROBAR","37-61 79 STREET","JACKSON HEIGHTS","Queens","11372","Sidewalk","Issued","08/21/2026 11:46:33 AM","08/21/2030 11:59:59 PM","40.74908988106","-73.88702347329","25","403","4029981","4012900047","285","QN0301","POINT (-73.88702347329 40.749089881056)"
"SAVVY BISTRO AND BAR INC.","SAVVY BISTRO AND BAR","710 NOSTRAND AVENUE","BROOKLYN","Brooklyn","11216","Sidewalk","Issued","07/20/2026 04:49:18 PM","07/20/2030 11:59:59 PM","40.67443848431","-73.9500805735","36","308","3030975","3012260049","31701","BK0802","POINT (-73.950080573499 40.674438484311)"
"X-GOLF BROOKLYN, LLC","X-GOLF BROOKLYN","105 NORTH   13 STREET","BROOKLYN","Brooklyn","11249","Roadway","Issued","07/31/2026 03:04:55 PM","07/31/2030 11:59:59 PM","40.72250474069","-73.95632901353","33","301","3061527","3022790034","557","BK0102","POINT (-73.956329013525 40.722504740691)"
"DEWILL RESTAURANT MANAGEMENT INC","SHANE'S","794 WASHINGTON AVENUE","BROOKLYN","Brooklyn","11238","Sidewalk","Issued","07/24/2026 02:19:09 PM","07/24/2030 11:59:59 PM","40.67416069497","-73.96307340687","35","308","3029402","3011730050","207","BK0801","POINT (-73.963073406871 40.674160694967)"
"UPRIGHT HOLDINGS 547 LLC","LEITAO","547 HUDSON STREET","NEW YORK","Manhattan","10014","Sidewalk","Issued","05/29/2026 11:28:57 AM","05/29/2030 11:59:59 PM","40.73495491499","-74.00610895043","3","102","1011852","1006320149","75","MN0203","POINT (-74.006108950432 40.734954914987)"
"ENDLESS VENTURES INC","LITTLE ITALY PIZZA","46 FULTON STREET","NEW YORK","Manhattan","10038","Sidewalk","Issued","03/13/2026 02:57:42 PM","03/13/2030 11:59:59 PM","40.70809743896","-74.00458076143","1","101","1001172","1000757501","1502","MN0101","POINT (-74.004580761431 40.708097438958)"
"ASHHILL INC.","RAVEN PUB","1471 1 AVENUE","NEW YORK","Manhattan","10075","Sidewalk","Issued","08/07/2026 01:53:32 PM","08/07/2030 11:59:59 PM","40.77077314951","-73.9538386202","5","108","1045175","1014510028","134","MN0801","POINT (-73.953838620199 40.770773149509)"
"CASA THIRTEEN LLC","CASA THIRTEEN","1 DELANCEY STREET","NEW YORK","Manhattan","10002","Sidewalk","Issued","07/21/2026 09:25:47 AM","07/21/2030 11:59:59 PM","40.72023473145","-73.99382025287","1","103","1005662","1004240012","18","MN0302","POINT (-73.993820252873 40.720234731451)"
"76 AINSLIE OPCO LLC C/O COTTA","AINSLIE","76 AINSLIE STREET","BROOKLYN","Brooklyn","11211","Sidewalk","Issued","01/16/2026 12:57:58 PM","01/16/2030 11:59:59 PM","40.71255318249","-73.95189877492","34","301","3062550","3023750010","513","BK0102","POINT (-73.951898774916 40.712553182491)"
"VEG ON LEX LLC","SOOM SOOM","1108 LEXINGTON AVENUE","NEW YORK","Manhattan","10075","Roadway","Issued","06/05/2026 06:01:25 PM","06/05/2030 11:59:59 PM","40.77393180971","-73.95965290349","4","108","1085163","1014120057","14","MN0802","POINT (-73.959652903485 40.773931809705)"
"ESS-A-BAGEL,TOO, INC","ESS-A-BAGEL","324 1 AVENUE","NEW YORK","Manhattan","10009","Sidewalk","Issued","07/24/2026 01:08:36 PM","07/24/2030 11:59:59 PM","40.73433854559","-73.98022277221","4","106","1082864","1009720001","44","MN0601","POINT (-73.980222772205 40.734338545591)"
"BLUE MOUNTAIN 888 INC.","BLUE MOUNTAIN","396 3 AVENUE","NEW YORK","Manhattan","10016","Roadway","Issued","04/17/2026 11:43:07 AM","04/17/2030 11:59:59 PM","40.74210357486","-73.98076898786","2","106","1018220","1008840040","72","MN0603","POINT (-73.980768987859 40.742103574857)"
"259 E BROADWAY LLC","ERNESTO'S","259 EAST BROADWAY","NEW YORK","Manhattan","10002","Sidewalk","Issued","04/03/2026 10:25:18 AM","04/03/2030 11:59:59 PM","40.71443428152","-73.98546281064","1","103","1003720","1002860021","201","MN0301","POINT (-73.985462810643 40.714434281522)"
"PMACS 12 LLC","CENTRAL PARK TAVERN","327 WEST   57 STREET","NEW YORK","Manhattan","10019","Sidewalk","Issued","08/14/2026 12:02:13 PM","08/14/2030 11:59:59 PM","40.76711978714","-73.98382310778","6","104","1080920","1010480017","139","MN0402","POINT (-73.983823107782 40.767119787144)"
"RANCHO ESTRELLA RESTAURANT CORP","RANCHO ESTRELLA RESTAURANT","616 EAST  187 STREET","BRONX","Bronx","10458","Sidewalk","Issued","05/29/2026 11:51:15 AM","05/29/2030 11:59:59 PM","40.85527052212","-73.88703400888","15","206","2012144","2030730050","391","BX0603","POINT (-73.887034008876 40.855270522123)"
"26-05 HOSPITALITY LLC","ANASSA TAVERNA","26-05 28 STREET","ASTORIA","Queens","11102","Sidewalk","Issued","07/31/2026 12:07:08 PM","07/31/2030 11:59:59 PM","40.77053022414","-73.92107175971","22","401","4519080","4005967502","69","QN0103","POINT (-73.921071759709 40.770530224142)"
"MPRINCE INC.","MOMOYA SOHO","47 PRINCE STREET","NEW YORK","Manhattan","10012","Sidewalk","Issued","05/22/2026 10:36:25 AM","05/22/2030 11:59:59 PM","40.72341326198","-73.99581503218","1","102","1089679","1005100025","43","MN0201","POINT (-73.995815032179 40.72341326198)"
"STATE STREET VENTURES LLC","GRAND ARMY","336 STATE STREET","BROOKLYN","Brooklyn","11217","Sidewalk","Issued","09/04/2026 10:29:06 AM","09/04/2030 11:59:59 PM","40.68826572831","-73.98624739534","33","302","3000647","3001770001","41","BK0202","POINT (-73.986247395337 40.688265728309)"
"PISTACCHIO LLC","FIGO IL GELATO ITALIANO","178 MULBERRY STREET","NEW YORK","Manhattan","10012","Sidewalk","Issued","05/15/2026 09:58:42 AM","05/15/2030 11:59:59 PM","40.72062460957","-73.99677482407","1","102","1007177","1004800001","41","MN0201","POINT (-73.996774824068 40.720624609574)"
"BUTLER SOHO LLC","BUTLER","177 LAFAYETTE STREET","NEW YORK","Manhattan","10013","Sidewalk","Issued","07/31/2026 12:25:36 PM","07/31/2030 11:59:59 PM","40.72049015351","-73.99866159078","1","102","1007009","1004720028","45","MN0201","POINT (-73.998661590775 40.720490153507)"
"A MODO NOSTRO LLC","BAR 314","3143 BROADWAY","NEW YORK","Manhattan","10027","Sidewalk","Issued","07/02/2026 03:45:02 PM","07/02/2030 11:59:59 PM","40.81398590728","-73.95954182352","7","109","1059850","1019930076","211","MN0901","POINT (-73.95954182352 40.813985907279)"
"ISABEL 196 SPRING LLC","PICCOLA CUCINA OSTERIA","196 SPRING STREET","NEW YORK","Manhattan","10012","Roadway","Issued","10/10/2025 01:37:31 PM","10/10/2029 11:59:59 PM","40.72512328461","-74.00315323801","1","102","1007354","1004890018","47","MN0201","POINT (-74.00315323801 40.725123284613)"
"TRIBECA FB PROJECT LLC","WARRENPEACE","77 WARREN STREET","NEW YORK","Manhattan","10007","Sidewalk","Issued","07/20/2026 02:57:02 PM","07/20/2030 11:59:59 PM","40.71518955573","-74.01025550853","1","101","1001430","1001327506","21","MN0102","POINT (-74.01025550853 40.715189555731)"
"TRIPOLI GOURMET CORP","TRIPOLI / SWALLOW CAFE","156 ATLANTIC AVENUE","BROOKLYN","Brooklyn","11201","Sidewalk","Issued","07/20/2026 03:21:48 PM","07/20/2030 11:59:59 PM","40.69030305021","-73.99464519028","39","306","3002955","3002850027","45","BK0601","POINT (-73.994645190281 40.690303050213)"
"380 EAST VENTURES LLC","FACTORY 380","380 3 AVENUE","NEW YORK","Manhattan","10016","Sidewalk","Issued","04/03/2026 11:03:59 AM","04/03/2030 11:59:59 PM","40.74158487759","-73.98114805362","2","106","1018179","1008830046","68","MN0602","POINT (-73.981148053622 40.741584877594)"
"BOGMAN LLC","BEARDED LADY","686A WASHINGTON AVENUE","BROOKLYN","Brooklyn","11238","Roadway","Issued","10/24/2025 03:32:14 PM","10/24/2029 11:59:59 PM","40.67737228076","-73.96369172148","35","308","3028558","3011530030","205","BK0801","POINT (-73.963691721476 40.677372280756)"
"BALKAN GRIND LLC","BALKAN GRIND","5 WITHERS STREET","BROOKLYN","Brooklyn","11211","Sidewalk","Issued","03/27/2026 06:44:54 AM","03/27/2030 11:59:59 PM","40.71660744288","-73.95246580086","33","301","3429469","3023070022","519","BK0102","POINT (-73.952465800856 40.716607442879)"
"NATURAL CROP INC","GRASS ROOTS JUICERY","336A GRAHAM AVENUE","BROOKLYN","Brooklyn","11211","Sidewalk","Issued","05/08/2026 01:41:43 PM","05/08/2030 11:59:59 PM","40.71422406719","-73.94432959126","34","301","3068888","3027650003","497","BK0104","POINT (-73.944329591258 40.714224067187)"
"NAUGHTY  GULL, LLC","THE CLAM","420 HUDSON STREET","NEW YORK","Manhattan","10014","Sidewalk","Issued","08/28/2026 02:02:13 PM","08/28/2030 11:59:59 PM","40.73042875839","-74.00680850766","3","102","1009773","1005830001","67","MN0203","POINT (-74.006808507658 40.730428758385)"
"CAREM GROUP LLC","NACHO MACHO TACOS","417 PROSPECT PLACE","BROOKLYN","Brooklyn","11238","Sidewalk","Issued","05/22/2026 10:37:32 AM","05/22/2030 11:59:59 PM","40.67625190359","-73.9621204796","35","308","3028598","3011550001","305","BK0802","POINT (-73.962120479604 40.67625190359)"
"HIDDEN GROUNDS LLC","HIDDEN GROUNDS","400 UNION AVENUE","BROOKLYN","Brooklyn","11211","Sidewalk","Issued","08/14/2026 12:40:40 PM","08/14/2030 11:59:59 PM","40.71228669792","-73.95132543479","34","301","3426258","3027730008","513","BK0102","POINT (-73.95132543479 40.712286697923)"
"B&H RESTAURANT LLC","LEYLA","108 WEST   74 STREET","NEW YORK","Manhattan","10023","Roadway","Issued","08/15/2025 03:45:03 PM","08/15/2029 11:59:59 PM","40.778896614","-73.97826329355","6","107","1030021","1011450037","157","MN0701","POINT (-73.978263293554 40.778896614003)"
"DANTE GROVE ST LLC","DANTE","79 MACDOUGAL STREET","NEW YORK","Manhattan","10012","Roadway","Issued","04/17/2026 01:31:37 PM","04/17/2030 11:59:59 PM","40.72877111183","-74.00153340938","2","102","1008305","1005260028","65","MN0202","POINT (-74.001533409377 40.72877111183)"
"TWELVE SPRING ST REST CORP.","THE VIG BAR","12 SPRING STREET","NEW YORK","Manhattan","10012","Roadway","Issued","05/15/2026 01:32:40 PM","05/15/2030 11:59:59 PM","40.72124209958","-73.99458136543","1","102","1007137","1004780018","41","MN0201","POINT (-73.994581365428 40.721242099576)"
"BROOME STREET BAR, INC.","KENN'S BROOME STREET BAR","363 WEST BROADWAY","NEW YORK","Manhattan","10013","Roadway","Issued","06/27/2025 07:54:54 PM","06/27/2029 11:59:59 PM","40.72311686096","-74.00312428099","1","102","1007063","1004750012","47","MN0201","POINT (-74.003124280993 40.723116860955)"
"SONNY LOU INC","PEPE GIALLO","195 10 AVENUE","NEW YORK","Manhattan","10011","Sidewalk","Issued","12/12/2025 03:36:25 PM","12/12/2029 11:59:59 PM","40.74676294552","-74.0048504963","3","104","1012313","1006930036","9901","MN0401","POINT (-74.004850496297 40.746762945523)"
"LA CORNELIA LLC","TACOMBI","255 BLEECKER STREET","NEW YORK","Manhattan","10014","Roadway","Issued","09/18/2026 10:05:46 AM","09/18/2030 11:59:59 PM","40.73109864612","-74.00291538405","3","102","1010067","1005890010","67","MN0203","POINT (-74.002915384049 40.731098646119)"
"WEST MAYO LLC","PHEBE'S","359 BOWERY","NEW YORK","Manhattan","10003","Roadway","Issued","07/31/2026 01:38:46 PM","07/31/2030 11:59:59 PM","40.72685496902","-73.99161519874","2","103","1006568","1004590008","38","MN0303","POINT (-73.991615198738 40.726854969017)"
"HTL GREENPOINT LLC","THE MOONLIGHT MILE","200 FRANKLIN STREET","BROOKLYN","Brooklyn","11222","Sidewalk","Issued","04/03/2026 03:56:40 PM","04/03/2030 11:59:59 PM","40.73232064257","-73.95798233472","33","301","3064253","3025320001","56301","BK0101","POINT (-73.957982334723 40.732320642569)"
"SIMPLE FOODS LLC","CAFE D'ALSACE","1705 2 AVENUE","NEW YORK","Manhattan","10128","Sidewalk","Issued","04/24/2026 02:31:52 PM","04/24/2030 11:59:59 PM","40.77937114609","-73.95066237634","5","108","1048848","1015340024","14602","MN0803","POINT (-73.950662376342 40.779371146093)"
"ANGRY BURGER CORP","LA CANTINA HEIGHTS","4460 BROADWAY","NEW YORK","Manhattan","10040","Sidewalk","Issued","08/21/2026 10:49:35 AM","08/21/2030 11:59:59 PM","40.85687348101","-73.9325332825","10","112","1064054","1021700066","283","MN1202","POINT (-73.932533282502 40.856873481005)"
"THIRD FALCON LLC","THIRD FALCON","360 MYRTLE AVENUE","BROOKLYN","Brooklyn","11205","Sidewalk","Issued","04/24/2026 10:17:33 PM","04/24/2030 11:59:59 PM","40.69320098618","-73.97202034876","35","302","3058329","3020730028","183","BK0203","POINT (-73.972020348756 40.693200986176)"
"SGR HOSPITALITY GROUP LLC","SOUVLAKI GR MIDTOWN","162 WEST   56 STREET","NEW YORK","Manhattan","10019","Roadway","Issued","01/02/2026 01:47:39 PM","01/02/2030 11:59:59 PM","40.76456379693","-73.9798924752","6","105","1076178","1010087502","137","MN0502","POINT (-73.979892475195 40.76456379693)"
"ROYAL INTERCONTINENTAL CUISINE LLC","ROYAL FUSION","3168 EAST TREMONT AVENUE","BRONX","Bronx","10461","Sidewalk","Issued","01/10/2025 03:07:49 PM","01/10/2029 11:59:59 PM","40.83719825138","-73.8342291629","13","210","2073600","2053500062","194","BX1002","POINT (-73.834229162903 40.837198251381)"
"EE BAR LLC","E'S BAR","511 AMSTERDAM AVENUE","NEW YORK","Manhattan","10024","Sidewalk","Issued","06/25/2026 08:49:58 AM","06/25/2030 11:59:59 PM","40.78669943547","-73.97571485903","6","107","1032135","1012150063","169","MN0702","POINT (-73.975714859025 40.786699435471)"
"GNOCCHI HOUSE NEW YORK INC.","GNOCCHI HOUSE BAR","1431 1 AVENUE","NEW YORK","Manhattan","10021","Sidewalk","Issued","07/03/2026 05:01:35 PM","07/03/2030 11:59:59 PM","40.76953013609","-73.95474565516","5","108","1044932","1014490024","134","MN0801","POINT (-73.954745655155 40.769530136088)"
"EAT MADISON 91 LLC","ELI'S ESSENTIALS","26 EAST   91 STREET","NEW YORK","Manhattan","10128","Roadway","Issued","11/14/2025 12:41:11 PM","11/14/2029 11:59:59 PM","40.78426761578","-73.95706833263","4","108","1047004","1015020056","15002","MN0802","POINT (-73.957068332628 40.784267615779)"
"CLOVE INDIAN RESTAURANT INC","CLOVE INDIAN RESTAURANT BAR","1592 AMSTERDAM AVENUE","NEW YORK","Manhattan","10031","Sidewalk","Issued","07/30/2026 01:11:42 PM","07/30/2030 11:59:59 PM","40.82121753257","-73.95055174408","7","109","1079851","1020700036","225","MN0903","POINT (-73.950551744079 40.821217532574)"
"BUSHWICK ICE HOUSE LLC","BUSHWICK ICE HOUSE","35 INGRAHAM STREET","BROOKLYN","Brooklyn","11206","Sidewalk","Issued","03/27/2026 08:18:07 AM","03/27/2030 11:59:59 PM","40.70701532968","-73.93231764088","34","301","3071324","3030750026","453","BK0104","POINT (-73.932317640875 40.70701532968)"
"FORGE 30 HUDSON LLC","FORGIONE","30 HUDSON STREET","NEW YORK","Manhattan","10013","Sidewalk","Issued","09/11/2026 10:25:31 AM","09/11/2030 11:59:59 PM","40.71676789325","-74.0091230382","1","101","1077401","1001440001","33","MN0102","POINT (-74.009123038204 40.71676789325)"
"MOONLESS NIGHT LLC","THAYER","99 AVENUE B","NEW YORK","Manhattan","10009","Roadway","Issued","08/07/2026 02:11:54 PM","08/07/2030 11:59:59 PM","40.7247210918","-73.98144868222","2","103","1075858","1003897501","2602","MN0303","POINT (-73.981448682224 40.724721091797)"
"AYY CHIHUAHUA INC","AYY CHIHUAHUA","36-16 DITMARS BOULEVARD","ASTORIA","Queens","11105","Sidewalk","Issued","03/27/2026 06:40:15 AM","03/27/2030 11:59:59 PM","40.77421219841","-73.90801182786","22","401","4016402","4008210134","117","QN0101","POINT (-73.908011827858 40.774212198412)"
"BEAUTIFUL BEAUTIFUL BLAH BLAH BLAH LLC","OCTAVIA COFFEE","198 COURT STREET","BROOKLYN","Brooklyn","11201","Roadway","Issued","08/14/2026 01:30:03 PM","08/14/2030 11:59:59 PM","40.68706691059","-73.99363944502","39","306","3003278","3003020040","45","BK0601","POINT (-73.993639445015 40.687066910588)"
"113 FRANKLIN DINING LLC","SERENECO","113 FRANKLIN ST","JERSEY CITY",,"07307","Sidewalk","Issued",,,"40.74248652474","-74.04974565564","33","301",,,,,"POINT (-74.049745655642 40.742486524741)"
"PARTNERS COFFEE BEDFORD LLC","PARTNERS COFFEE","145 BEDFORD AVENUE","BROOKLYN","Brooklyn","11211","Sidewalk","Issued","09/18/2026 10:22:21 AM","09/18/2030 11:59:59 PM","40.71901069338","-73.95643953657","33","301","3061693","3023050001","517","BK0102","POINT (-73.956439536567 40.719010693384)"
"VICTORY'S FLAVOR CORP","VILLAGE CREPERIE","445 EAST    9 STREET","NEW YORK","Manhattan","10009","Sidewalk","Issued","09/18/2026 10:07:54 AM","09/18/2030 11:59:59 PM","40.72739747608","-73.98297770403","2","103","1089856","1004370133","34","MN0303","POINT (-73.982977704029 40.727397476077)"
"CALABRIA RESTAURANT LLC","IL BRIGANTE","214 FRONT STREET","NEW YORK","Manhattan","10038","Sidewalk","Issued","02/27/2026 01:30:23 PM","02/27/2030 11:59:59 PM","40.70732622211","-74.00253201353","1","101","1086562","1000977504","1501","MN0101","POINT (-74.002532013525 40.707326222106)"
"HUGHES TAVERN LLC","PHIL HUGHES BAR","1682 1 AVENUE","NEW YORK","Manhattan","10128","Sidewalk","Issued","08/21/2026 11:45:55 AM","08/21/2030 11:59:59 PM","40.77791826531","-73.94859813892","5","108","1050606","1015670045","14402","MN0803","POINT (-73.948598138923 40.777918265312)"
"JO-RACH INCORPORATED","CAFFE PALERMO","148 MULBERRY STREET","NEW YORK","Manhattan","10013","Sidewalk","Issued","07/02/2026 03:59:23 PM","07/02/2030 11:59:59 PM","40.71892836074","-73.99747475898","1","102","1077451","1002370012","41","MN0201","POINT (-73.997474758979 40.718928360738)"
"101 WEST 75 BAR & REST. ENTERPRISES, LTD","DIVE 75","101 WEST   75 STREET","NEW YORK","Manhattan","10023","Roadway","Issued","11/14/2025 12:38:26 PM","11/14/2029 11:59:59 PM","40.77951133287","-73.97771064245","6","107","1030136","1011470029","161","MN0702","POINT (-73.977710642448 40.779511332867)"
"ARTURO'S PARK,INC","ARTURO'S","1617 YORK AVENUE","NEW YORK","Manhattan","10028","Sidewalk","Issued","02/13/2026 02:30:19 PM","02/13/2030 11:59:59 PM","40.77543376138","-73.94749162197","5","108","1050540","1015650022","14401","MN0803","POINT (-73.947491621968 40.775433761382)"
"ALA TURK INC.","A LA TURKA","1417 2 AVENUE","NEW YORK","Manhattan","10021","Sidewalk","Issued","07/02/2026 03:35:09 PM","07/02/2030 11:59:59 PM","40.76997310149","-73.95751803522","5","108","1083895","1014280028","12602","MN0801","POINT (-73.957518035217 40.769973101492)"
"NYCBCH LLC","NEW YORK CITY BAGEL & COFFEE HOUSE","40-05 BROADWAY","ASTORIA","Queens","11103","Sidewalk","Issued","07/20/2026 05:19:09 PM","07/20/2030 11:59:59 PM","40.75890736809","-73.91885120451","22","401","4011096","4006780005","155","QN0104","POINT (-73.91885120451 40.758907368093)"
"JMWILLIAMS, LLC","BUVETTE","42 GROVE STREET","NEW YORK","Manhattan","10014","Roadway","Issued","07/18/2025 02:56:44 PM","07/18/2029 11:59:59 PM","40.73275918097","-74.00441648434","3","102","1010016","1005880018","73","MN0203","POINT (-74.004416484337 40.732759180971)"
"HERSHA HOSPITALITY MANAGEMENT LP","NU HOTEL","85 SMITH STREET","BROOKLYN","Brooklyn","11201","Sidewalk","Issued","08/14/2026 01:29:19 PM","08/14/2030 11:59:59 PM","40.68880949229","-73.98901657665","33","302","3395986","3001767501","43","BK0202","POINT (-73.989016576646 40.688809492286)"
"OPERATION CRAFT I, LLC","THE GREATS OF CRAFT","983 1 AVENUE","NEW YORK","Manhattan","10022","Roadway","Issued","02/13/2026 03:31:22 PM","02/13/2030 11:59:59 PM","40.75628459062","-73.96440293157","4","106","1071924","1013467503","98","MN0604","POINT (-73.964402931569 40.756284590616)"
"MACDOUGAL REST. INC.","OFF THE WAGON","109 MACDOUGAL STREET","NEW YORK","Manhattan","10012","Roadway","Issued","10/24/2025 03:45:08 PM","10/24/2029 11:59:59 PM","40.72975923555","-74.0006999667","2","102","1008729","1005420046","65","MN0202","POINT (-74.0006999667 40.729759235552)"
"SEK PIZZA CORP.","LITTLE ITALY PIZZA","167 WEST   48 STREET","NEW YORK","Manhattan","10036","Sidewalk","Issued","08/14/2026 12:52:58 PM","08/14/2030 11:59:59 PM","40.75939044451","-73.98309583543","4","105","1022697","1010010101","125","MN0502","POINT (-73.983095835433 40.759390444511)"
"243 DEKALB AVE. REST, CORP","ROMAN'S","243 DEKALB AVENUE","BROOKLYN","Brooklyn","11205","Sidewalk","Issued","07/20/2026 04:59:52 PM","07/20/2030 11:59:59 PM","40.68948391958","-73.96949779279","35","302","3058587","3020920066","183","BK0203","POINT (-73.969497792791 40.689483919583)"
"CBHTW CORP","YANKEE TWIN EATERY","844 RIVER AVENUE","BRONX","Bronx","10451","Roadway","Issued","04/10/2026 01:08:25 PM","04/10/2030 11:59:59 PM","40.82702891806","-73.92636672729","16","204","2002980","2024830034","6301","BX0401","POINT (-73.92636672729 40.827028918055)"
"ANFIELD ROAD, INC","BANTER","132 HAVEMEYER STREET","BROOKLYN","Brooklyn","11211","Sidewalk","Issued","06/25/2026 08:12:33 AM","06/25/2030 11:59:59 PM","40.71214082529","-73.95720514553","34","301","3063005","3024087504","523","BK0102","POINT (-73.957205145531 40.712140825287)"
"NICHL DUE INC","POLPETTE 71","71 WEST   71 STREET","NEW YORK","Manhattan","10023","Sidewalk","Issued","05/22/2026 11:50:57 AM","05/22/2030 11:59:59 PM","40.77643463143","-73.97859266623","6","107","1079297","1011240003","157","MN0701","POINT (-73.978592666233 40.776434631426)"
"SICILIAN SAGE LLC","NORMA","801 9 AVENUE","NEW YORK","Manhattan","10019","Roadway","Issued","03/13/2026 03:11:06 PM","03/13/2030 11:59:59 PM","40.76550907203","-73.98748045078","3","104","1026764","1010630029","133","MN0402","POINT (-73.987480450776 40.765509072025)"
"1226 SECOND AVE REALTY CORP.","PRIMOLA","1226 SECOND AVENUE","NEW YORK","Manhattan","10065","Sidewalk","Issued","05/08/2026 02:28:00 PM","05/08/2030 11:59:59 PM","40.76393068616","-73.96190436458","5","108","1044690","1014390003","118","MN0801","POINT (-73.96190436458 40.763930686163)"
"1679 3RD AVENUE RESTAURANT CORP","THE DISTRICT","1679 3 AVENUE","NEW YORK","Manhattan","10128","Sidewalk","Issued","07/20/2026 04:15:11 PM","07/20/2030 11:59:59 PM","40.78397389973","-73.95020396336","5","108","1049212","1015400001","15601","MN0803","POINT (-73.950203963358 40.783973899731)"
"bande a part llc","CAFE PAULETTE","1 SOUTH ELLIOTT PLACE","BROOKLYN","Brooklyn","11217","Sidewalk","Issued","03/06/2026 10:00:59 AM","03/06/2030 11:59:59 PM","40.68933450633","-73.97601729256","35","302","3058809","3020990041","33","BK0203","POINT (-73.976017292561 40.689334506332)"
"LOCAL SHOP, INC","LOCAL","144 SULLIVAN STREET","NEW YORK","Manhattan","10012","Roadway","Issued","08/21/2026 11:16:25 AM","08/21/2030 11:59:59 PM","40.72702269016","-74.00191941718","1","102","1008075","1005180036","49","MN0201","POINT (-74.001919417184 40.727022690156)"
"MOJITOS RESTAURANT BAR CORP","MOJITOS","81-01 NORTHERN BOULEVARD","JACKSON HEIGHTS","Queens","11372","Sidewalk","Issued","05/15/2026 12:38:34 PM","05/15/2030 11:59:59 PM","40.75547609113","-73.88616076361","25","403","4026957","4011770045","327","QN0301","POINT (-73.886160763608 40.755476091127)"
"TSG 89 CORP","MIDNIGHT EXPRESS DINER","1715 2 AVENUE","NEW YORK","Manhattan","10128","Roadway","Issued","06/06/2025 10:12:59 AM","06/06/2029 11:59:59 PM","40.77961535295","-73.95048526608","5","108","1048853","1015340029","14602","MN0803","POINT (-73.950485266076 40.779615352945)"
"FACES & NAMES INC","FACES & NAMES","161 WEST   54 STREET","NEW YORK","Manhattan","10019","Sidewalk","Issued","08/01/2025 01:52:12 PM","08/01/2029 11:59:59 PM","40.76329860681","-73.98072674547","6","105","1023382","1010070001","137","MN0502","POINT (-73.980726745472 40.76329860681)"
"BAR CAFE SHEVROJA INC","MEMORIES BAR SHEVROJA","2611 BATH AVENUE","BROOKLYN","Brooklyn","11214","Roadway","Issued","03/13/2026 03:06:18 PM","03/13/2030 11:59:59 PM","40.5927914901","-73.98837711318","43","313","3186393","3068820004","302","BK1103","POINT (-73.988377113181 40.592791490104)"
"CALOUNE CORP","TOURNESOL","50-12 VERNON BOULEVARD","LONG ISLAND CITY","Queens","11101","Sidewalk","Issued","07/20/2026 03:36:55 PM","07/20/2030 11:59:59 PM","40.74232658238","-73.95414349753","26","402","4430568","4000330004","701","QN0201","POINT (-73.954143497532 40.742326582384)"
"ALA TURK INC.","A LA TURKA","1417 2 AVENUE","NEW YORK","Manhattan","10021","Roadway","Issued","06/27/2025 07:11:36 PM","06/27/2029 11:59:59 PM","40.76997310149","-73.95751803522","5","108","1083895","1014280028","12602","MN0801","POINT (-73.957518035217 40.769973101492)"
"222 CASSIEL LLC","CRISPY HEAVEN","222 LAFAYETTE STREET","NEW YORK","Manhattan","10012","Sidewalk","Issued","08/28/2026 02:09:38 PM","08/28/2030 11:59:59 PM","40.72200524312","-73.99738805824","1","102","1007218","1004820025","45","MN0201","POINT (-73.99738805824 40.722005243123)"
"BAKED ZITI LLC","QUALITY ITALIAN STEAKHOUSE","57 WEST   57 STREET","NEW YORK","Manhattan","10019","Sidewalk","Issued","07/31/2026 01:43:26 PM","07/31/2030 11:59:59 PM","40.76371211971","-73.97574132267","4","105","1035062","1012730001","11201","MN0502","POINT (-73.975741322671 40.763712119711)"
"SNG NEW CAPPUCCINO INC.","OCEAN VIEW CAFE","290 BRIGHTON BEACH AVENUE","BROOKLYN","Brooklyn","11235","Roadway","Issued","03/27/2026 09:58:12 AM","03/27/2030 11:59:59 PM","40.5769409051","-73.96448088406","48","313","3245055","3086850008","36001","BK1303","POINT (-73.964480884059 40.576940905098)"
"PIZZA 84 LLC","MARINARA","483 AMSTERDAM AVENUE","NEW YORK","Manhattan","10024","Sidewalk","Issued","07/24/2026 01:59:44 PM","07/24/2030 11:59:59 PM","40.78586790318","-73.97632544416","6","107","1032106","1012140002","169","MN0702","POINT (-73.976325444157 40.785867903175)"
"AMBASSADORS ONLY LLC","RIGOR HILL MARKET","227 WEST BROADWAY","NEW YORK","Manhattan","10013","Roadway","Issued","04/24/2026 09:59:30 PM","04/24/2030 11:59:59 PM","40.71933993585","-74.00620491641","1","101","1001986","1001780019","33","MN0102","POINT (-74.006204916406 40.719339935851)"
"BUL, INC","ISTANBUL BAY","8002 5 AVENUE","BROOKLYN","Brooklyn","11209","Sidewalk","Issued","05/15/2026 10:30:15 AM","05/15/2030 11:59:59 PM","40.6256555847","-74.02421190719","47","310","3151324","3059890043","138","BK1001","POINT (-74.024211907194 40.625655584695)"
"OGC DUMBO, LTD","DAWN’S TIL DUSK","33 MAIN STREET","BROOKLYN","Brooklyn","11201","Sidewalk","Issued","07/21/2026 10:39:50 AM","07/21/2030 11:59:59 PM","40.7033322284","-73.99065880252","33","302","3346104","3000277501","21","BK0202","POINT (-73.990658802524 40.703332228404)"
"182 WEST 4TH HOSPITALITY LLC","THE PARKGATE","182 WEST    4 STREET","NEW YORK","Manhattan","10014","Sidewalk","Issued","08/07/2026 02:17:54 PM","08/07/2030 11:59:59 PM","40.73249026439","-74.0018329779","3","102","1010165","1005900073","67","MN0203","POINT (-74.001832977903 40.732490264391)"
"SECRET SUMMER HOSPITALITY GROUP LLC","FESTIVAL","1155 2 AVENUE","NEW YORK","Manhattan","10065","Sidewalk","Issued","04/11/2025 02:08:37 PM","04/11/2029 11:59:59 PM","40.7616530823","-73.96358423417","5","108","1078348","1014150021","11","MN0801","POINT (-73.963584234172 40.761653082303)"
"SUSHI VIDA 146 LLC","MAMASUSHI","3569 BROADWAY","NEW YORK","Manhattan","10031","Sidewalk","Issued","09/04/2026 01:52:32 PM","09/04/2030 11:59:59 PM","40.82731876989","-73.94980644818","7","109","1062398","1020930029","233","MN0903","POINT (-73.949806448179 40.827318769885)"
"1568 GYRO LLC","YASOUVLAKI","1568 3 AVENUE","NEW YORK","Manhattan","10128","Sidewalk","Issued","07/31/2026 03:05:34 PM","07/31/2030 11:59:59 PM","40.78021750149","-73.95297628307","5","108","1048084","1015170033","14802","MN0802","POINT (-73.952976283073 40.780217501487)"
"OYSTER CITY, LLC","VIRGINIAS","200 EAST    3 STREET","NEW YORK","Manhattan","10009","Sidewalk","Issued","05/08/2026 04:22:26 PM","05/08/2030 11:59:59 PM","40.72283024296","-73.983375722","2","103","1004972","1003980029","3002","MN0303","POINT (-73.983375722003 40.722830242956)"
"38 MACDOUGAL LLC","SHUKA","38 MACDOUGAL STREET","NEW YORK","Manhattan","10012","Sidewalk","Issued","04/17/2026 03:33:52 PM","04/17/2030 11:59:59 PM","40.72710226739","-74.00291520854","1","102","1008059","1005180001","49","MN0201","POINT (-74.002915208541 40.727102267386)"
"LATTE LLC","GELATERIA GENTILE","253 WYTHE AVENUE","BROOKLYN","Brooklyn","11249","Sidewalk","Issued","06/12/2026 02:24:58 PM","06/12/2030 11:59:59 PM","40.71623558946","-73.96393380501","34","301","3062585","3023790007","555","BK0102","POINT (-73.963933805008 40.716235589464)"
"Johnson 369 Corp.","THE JOHNSON'S","369 TROUTMAN STREET","BROOKLYN","Brooklyn","11237","Roadway","Issued","04/04/2025 04:52:12 PM","04/04/2029 11:59:59 PM","40.70579120152","-73.92364098854","34","304","3072402","3031760053","447","BK0401","POINT (-73.923640988542 40.705791201518)"
"RAD SPOT, LLC","GERTRUDE'S","605 CARLTON AVENUE","BROOKLYN","Brooklyn","11238","Sidewalk","Issued","06/25/2026 08:51:34 AM","06/25/2030 11:59:59 PM","40.67901592934","-73.97176313476","35","308","3028392","3011510008","163","BK0801","POINT (-73.971763134761 40.679015929338)"
"MAMAN NOMAD LLC","MAMAN","22 WEST   25 STREET","NEW YORK","Manhattan","10010","Roadway","Issued","02/13/2026 03:58:08 PM","02/13/2030 11:59:59 PM","40.74335910417","-73.98996388512","3","105","1015606","1008260056","58","MN0501","POINT (-73.98996388512 40.743359104168)"
"NO MOORE OYSTERS LLC","SMITH & MILLS","71 NORTH MOORE STREET","NEW YORK","Manhattan","10013","Sidewalk","Issued","12/19/2025 10:56:48 AM","12/19/2029 11:59:59 PM","40.72008351318","-74.00984500381","1","101","1002123","1001880009","39","MN0102","POINT (-74.009845003805 40.720083513178)"
"DAI HACHI SUSHI CORPORATION","DAI HACHI","46-18 VERNON BOULEVARD","LONG ISLAND CITY","Queens","11101","Roadway","Issued","10/10/2025 01:30:00 PM","10/10/2029 11:59:59 PM","40.74633068992","-73.95290646059","26","402","4000036","4000270001","702","QN0201","POINT (-73.952906460589 40.746330689918)"
"WMWRESTURANT GROUP LLC","THE MARSHAL","628 10 AVENUE","NEW YORK","Manhattan","10036","Sidewalk","Issued","04/03/2026 03:55:23 PM","04/03/2030 11:59:59 PM","40.76130464134","-73.99423516346","3","104","1026430","1010540063","12102","MN0402","POINT (-73.994235163464 40.761304641341)"
"TEMIANI LLC","CHAMPION PIZZA","2 WEST   14 STREET","NEW YORK","Manhattan","10011","Sidewalk","Issued","07/21/2026 09:26:30 AM","07/21/2030 11:59:59 PM","40.73619555954","-73.9941038325","2","102","1009717","1005770039","63","MN0202","POINT (-73.994103832497 40.736195559538)"
"BEAN MONGER LLC","BEANMONGER","620 UNION STREET","BROOKLYN","Brooklyn","11215","Sidewalk","Issued","04/17/2026 11:25:27 AM","04/17/2030 11:59:59 PM","40.67760467316","-73.98358893276","39","306","3007370","3004410029","11901","BK0601","POINT (-73.983588932758 40.677604673158)"
"TWOBONES CATERING LLC","SMØR","441 EAST   12 STREET","NEW YORK","Manhattan","10009","Sidewalk","Issued","08/21/2026 12:40:36 PM","08/21/2030 11:59:59 PM","40.72948339144","-73.98227359727","2","103","1005999","1004400038","34","MN0303","POINT (-73.982273597274 40.729483391443)"
"LACIVERT LLC","TAVA","318 5 AVENUE","BROOKLYN","Brooklyn","11215","Roadway","Issued","04/10/2026 12:52:38 PM","04/10/2030 11:59:59 PM","40.67302357066","-73.98309978506","39","306","3020902","3009740041","135","BK0602","POINT (-73.98309978506 40.673023570656)"
"WINDY GATES SOHO INC.","BALTHAZAR","80 SPRING STREET","NEW YORK","Manhattan","10012","Roadway","Issued","06/18/2025 03:31:35 PM","06/18/2029 11:59:59 PM","40.72270242812","-73.99810956926","1","102","1007238","1004830017","45","MN0201","POINT (-73.998109569261 40.72270242812)"
"CRABBY PATTY BROOKLYN LLC","SKINNY DENNIS","152 METROPOLITAN AVENUE","BROOKLYN","Brooklyn","11249","Roadway","Issued","08/15/2025 04:03:20 PM","08/15/2029 11:59:59 PM","40.71604287786","-73.96214106632","34","301","3062440","3023640022","555","BK0102","POINT (-73.962141066323 40.716042877859)"
"4946 BROADWAY RESTUARANT LLC","TUBBY HOOK TAVERN","4946 BROADWAY","NEW YORK","Manhattan","10034","Sidewalk","Issued","07/20/2026 03:20:25 PM","07/20/2030 11:59:59 PM","40.86781194433","-73.92074976012","10","112","1064923","1022360001","293","MN1203","POINT (-73.92074976012 40.867811944328)"
"MSR BAKU INTERNATIONAL INC","BAKU PALACE","2001 EMMONS AVENUE","BROOKLYN","Brooklyn","11235","Sidewalk","Issued","02/27/2026 01:10:13 PM","02/27/2030 11:59:59 PM","40.5836840872","-73.94810378348","48","315","3247095","3087780052","608","BK1503","POINT (-73.948103783475 40.583684087202)"
"PJJK RESTAURANT CORP","BLONDIES","212 WEST   79 STREET","NEW YORK","Manhattan","10024","Sidewalk","Issued","06/03/2026 12:06:41 PM","06/03/2030 11:59:59 PM","40.78337617227","-73.97891180418","6","107","1030913","1011700040","167","MN0702","POINT (-73.978911804181 40.783376172272)"
"SWEETGREEN NEW YORK LLC","SWEETGREEN","1740 BROADWAY","NEW YORK","Manhattan","10019","Sidewalk","Issued","07/31/2026 02:26:47 PM","07/31/2030 11:59:59 PM","40.76509115501","-73.98209441372","6","105","1024877","1010270020","137","MN0502","POINT (-73.982094413718 40.765091155007)"
"TUM RUB CORPORATION","THE AM-THAI","225 SOUTH    1 STREET","BROOKLYN","Brooklyn","11211","Roadway","Issued","05/01/2026 12:22:51 PM","05/01/2030 11:59:59 PM","40.71291824728","-73.95899018919","34","301","3062816","3023940027","523","BK0102","POINT (-73.958990189193 40.71291824728)"
"BLUE BOTTLE COFFEE, LLC","BLUE BOTTLE COFFEE","408 GREENWICH STREET","NEW YORK","Manhattan","10013","Sidewalk","Issued","03/20/2026 12:24:06 PM","03/20/2030 11:59:59 PM","40.72155744798","-74.00990655209","1","101","1087757","1002177502","39","MN0102","POINT (-74.009906552087 40.721557447975)"
"MADRE HOSPITALITY, INC.","MADRE","214 FRANKLIN STREET","BROOKLYN","Brooklyn","11222","Roadway","Issued","08/14/2026 12:55:37 PM","08/14/2030 11:59:59 PM","40.7329602123","-73.95809017738","33","301","3064136","3025220003","56301","BK0101","POINT (-73.95809017738 40.732960212302)"
"SOFIA 61ST STREET CORP","SERAFINA ALWAYS","33 EAST 61 ST STREET","NEW YORK","Manhattan","10065","Roadway","Issued","08/28/2026 02:08:32 PM","08/28/2030 11:59:59 PM","40.76479730698","-73.96977576146","4","108",,,"11401","MN0802","POINT (-73.969775761464 40.764797306976)"
"CARMINE'S UWS LLC","CARMINE'S / VIRGIL'S","2450 BROADWAY","NEW YORK","Manhattan","10024","Roadway","Issued","07/02/2026 04:01:39 PM","07/02/2030 11:59:59 PM","40.79116758434","-73.97430838175","6","107","1033560","1012380046","179","MN0702","POINT (-73.974308381746 40.791167584339)"
"72ND & COLUMBUS RESTAURANT LLC","HARVEST KITCHEN","269 COLUMBUS AVENUE","NEW YORK","Manhattan","10023","Roadway","Issued","07/03/2026 05:15:05 PM","07/03/2030 11:59:59 PM","40.77777131252","-73.97851641042","6","107","1028646","1011250062","157","MN0701","POINT (-73.97851641042 40.777771312522)"
"MAJOR DOUGH SOHO 463 LLC","SADELLE'S","463 WEST BROADWAY","NEW YORK","Manhattan","10012","Sidewalk","Issued","08/07/2026 02:03:49 PM","08/07/2030 11:59:59 PM","40.72633102442","-74.00040769151","1","102","1008006","1005150007","49","MN0201","POINT (-74.000407691507 40.726331024424)"
"LA LUNA DELI & CAFE INC","LA LUNA CAFE","44-01 30 AVENUE","ASTORIA","Queens","11103","Sidewalk","Issued","04/17/2026 02:45:42 PM","04/17/2030 11:59:59 PM","40.76233301551","-73.91167063523","22","401","4012143","4007000047","147","QN0104","POINT (-73.911670635234 40.762333015514)"
"364 ATLANTIC REST LLC","SOMEDAY","364 ATLANTIC AVENUE","BROOKLYN","Brooklyn","11217","Sidewalk","Issued","08/15/2025 04:06:47 PM","08/15/2029 11:59:59 PM","40.68745876263","-73.98622953352","33","302","3000879","3001830016","41","BK0202","POINT (-73.986229533523 40.687458762634)"
"190 SEVENTH AVENUE LLC","MERCHANTS NY","190 7 AVENUE","NEW YORK","Manhattan","10011","Sidewalk","Issued","09/11/2026 10:33:31 AM","09/11/2030 11:59:59 PM","40.7429807114","-73.99646338134","3","104","1014075","1007710038","87","MN0401","POINT (-73.996463381342 40.742980711395)"
"RENOLTA, LLC","NICE MATIN","201 WEST   79 STREET","NEW YORK","Manhattan","10024","Sidewalk","Issued","05/15/2026 12:40:47 PM","05/15/2030 11:59:59 PM","40.78324435793","-73.97855435854","6","107","1032632","1012270029","167","MN0702","POINT (-73.978554358542 40.783244357926)"
"BRK BAR GROUP LLC","SILVER LIGHT TAVERN","689 LORIMER STREET","BROOKLYN","Brooklyn","11211","Roadway","Issued","09/04/2026 10:36:57 AM","09/04/2030 11:59:59 PM","40.71750665384","-73.94994357714","33","301","3068136","3027360025","515","BK0102","POINT (-73.949943577142 40.717506653842)"
"CEBU BROOKLYN HOSPITALITY GROUP INC.","CEBU","8801 3 AVENUE","BROOKLYN","Brooklyn","11209","Sidewalk","Issued","03/13/2026 01:43:48 PM","03/13/2030 11:59:59 PM","40.62193732727","-74.03167076117","47","310","3154055","3060620010","6","BK1001","POINT (-74.031670761166 40.621937327269)"
"340 BLEECKER LLC","SAINT THEO'S","340 BLEECKER STREET","NEW YORK","Manhattan","10014","Roadway","Issued","07/03/2025 01:23:53 PM","07/03/2029 11:59:59 PM","40.73371710302","-74.00443819782","3","102","1011144","1006190026","73","MN0203","POINT (-74.004438197819 40.733717103018)"
"JJS DINER CORP","THE DINERBAR","97-45 QUEENS BOULEVARD","REGO PARK","Queens","11374","Sidewalk","Issued","07/20/2026 04:18:12 PM","07/20/2030 11:59:59 PM","40.7292262647","-73.85988505025","30","406","4050460","4020910001","69701","QN0601","POINT (-73.859885050248 40.729226264696)"
"EPSILON 493 CORP.","BLUE HAVEN EAST","493 3 AVENUE","NEW YORK","Manhattan","10016","Roadway","Issued","08/15/2025 03:28:29 PM","08/15/2029 11:59:59 PM","40.74526512722","-73.97844031906","4","106","1020104","1009140003","7002","MN0603","POINT (-73.978440319063 40.745265127216)"
"MARTHA'S 263 BEDFORD AVE LLC","MARTHA'S COUNTRY BAKERY","263 BEDFORD AVENUE","BROOKLYN","Brooklyn","11211","Sidewalk","Issued","09/02/2026 02:53:29 PM","09/02/2030 11:59:59 PM","40.71494177619","-73.96080339665","34","301","3399916","3023660001","553","BK0102","POINT (-73.960803396652 40.71494177619)"
"BIANCHIBK LLC","CHAVELA'S","736 FRANKLIN AVENUE","BROOKLYN","Brooklyn","11238","Sidewalk","Issued","09/18/2026 05:08:07 PM","09/18/2030 11:59:59 PM","40.67342297008","-73.95698133871","35","308","3324387","3011680060","217","BK0802","POINT (-73.956981338707 40.67342297008)"
"CARAVAGGIO, INC.","CARAVAGGIO","23 EAST   74 STREET","NEW YORK","Manhattan","10021","Roadway","Issued","07/21/2026 09:24:56 AM","07/21/2030 11:59:59 PM","40.77330225565","-73.96494980829","4","108","1041681","1013897501","13","MN0802","POINT (-73.96494980829 40.773302255654)"
"MELVINDALE NY, LLC","GJELINA","45 BOND STREET","NEW YORK","Manhattan","10012","Roadway","Issued","06/05/2026 05:34:08 PM","06/05/2030 11:59:59 PM","40.72605084212","-73.9929466059","2","102","1008433","1005290031","5502","MN0202","POINT (-73.992946605895 40.726050842121)"
"8406 THIRD AVE REST CORP","SOFIA","8406 3 AVENUE","BROOKLYN","Brooklyn","11209","Sidewalk","Issued","08/28/2026 09:23:25 AM","08/28/2030 11:59:59 PM","40.6248745666","-74.0304905783","47","310","3152718","3060240039","62","BK1001","POINT (-74.030490578298 40.624874566595)"
"TBB TAVERN CORPORATION","DOLLY VARDEN","302 WEST   51 STREET","NEW YORK","Manhattan","10019","Roadway","Issued","08/22/2025 03:10:14 PM","08/22/2029 11:59:59 PM","40.76303037979","-73.98595754697","3","104","1025175","1010410037","133","MN0402","POINT (-73.985957546969 40.763030379787)"
"THESSABUL, LLC","BARBOUNIA","250 PARK AVENUE SOUTH","NEW YORK","Manhattan","10003","Sidewalk","Issued","04/03/2026 09:53:51 AM","04/03/2030 11:59:59 PM","40.73822344469","-73.9878175828","2","105","1016176","1008480043","52","MN0501","POINT (-73.987817582798 40.738223444693)"
"ORCHARD GROCER INC","ORCHARD GROCER","78 ORCHARD STREET","NEW YORK","Manhattan","10002","Sidewalk","Issued","07/31/2026 01:34:45 PM","07/31/2030 11:59:59 PM","40.71768186578","-73.99044394587","1","103","1005270","1004080006","18","MN0302","POINT (-73.990443945873 40.717681865782)"
"ROCCO'S BROOKLYN BAKERY INC.","PASTICCERIA ROCCO","9402 4 AVENUE","BROOKLYN","Brooklyn","11209","Sidewalk","Issued","05/15/2026 12:43:39 PM","05/15/2030 11:59:59 PM","40.61657971789","-74.0309009973","47","310","3155495","3061140032","54","BK1001","POINT (-74.030900997304 40.616579717885)"
"H 18 & 8TH LLC","GEORGIE'S","161 8 AVENUE","NEW YORK","Manhattan","10011","Sidewalk","Issued","09/18/2026 09:30:04 AM","09/18/2030 11:59:59 PM","40.74233848962","-74.00064957673","3","104","1013105","1007420034","89","MN0401","POINT (-74.000649576733 40.742338489619)"
"BANTER WEST VILLAGE LLC","BANTER","643 HUDSON STREET","NEW YORK","Manhattan","10014","Sidewalk","Issued","09/25/2026 09:10:34 AM","09/25/2030 11:59:59 PM","40.7390775834","-74.0054525679","3","102","1011677","1006270012","79","MN0203","POINT (-74.0054525679 40.739077583399)"
"GINZA 2 LLC","MARI VANNA","41 EAST   20 STREET","NEW YORK","Manhattan","10003","Roadway","Issued","01/09/2026 01:28:18 PM","01/09/2030 11:59:59 PM","40.73887407771","-73.98904798619","2","105","1016209","1008490029","52","MN0501","POINT (-73.989047986189 40.738874077713)"
"NOAH-SERENA 10-12 INC.","JEAN CLAUDE BISTRO","1076 1 AVENUE","NEW YORK","Manhattan","10022","Sidewalk","Issued","07/21/2026 01:05:19 PM","07/21/2030 11:59:59 PM","40.75931409184","-73.96217413173","5","106","1040640","1013700046","10601","MN0604","POINT (-73.962174131732 40.759314091836)"
"513 COLUMBUS LLC","COTTA","513 COLUMBUS AVENUE","NEW YORK","Manhattan","10024","Roadway","Issued","11/07/2025 02:39:54 PM","11/07/2029 11:59:59 PM","40.7856008822","-73.97280470364","6","107","1031339","1011987502","169","MN0702","POINT (-73.972804703637 40.785600882202)"
"RADEGAST HALL, LLC.","RADEGAST HALL & BIERGARTEN","113 NORTH    3 STREET","BROOKLYN","Brooklyn","11249","Roadway","Issued","04/10/2026 12:21:14 PM","04/10/2030 11:59:59 PM","40.71661916551","-73.96179803832","34","301","3329975","3023500026","555","BK0102","POINT (-73.961798038324 40.71661916551)"
"MAGGIES PLACE INC","MAGGIE'S PLACE","21 EAST   47 STREET","NEW YORK","Manhattan","10017","Roadway","Issued","03/13/2026 02:59:44 PM","03/13/2030 11:59:59 PM","40.75615887998","-73.97738641173","4","105","1035419","1012830015","94","MN0502","POINT (-73.977386411729 40.75615887998)"
"TATTE HOLDINGS, LLC","TATTE BAKERY & CAFE","315 PARK AVENUE SOUTH","NEW YORK","Manhattan","10010","Sidewalk","Issued","08/21/2026 01:43:44 PM","08/21/2030 11:59:59 PM","40.74060295264","-73.98604529137","2","105","1018063","1008790081","68","MN0602","POINT (-73.986045291374 40.740602952637)"
"1MJJET CORP","SHANGHAI MONG","30 WEST   32 STREET","NEW YORK","Manhattan","10001","Roadway","Issued","01/02/2026 03:01:42 PM","01/02/2030 11:59:59 PM","40.74775590996","-73.98695326895","3","105","1015830","1008330061","76","MN0501","POINT (-73.98695326895 40.74775590996)"
"451 GRAHAM AVENUE CORP","THE RICHARDSON","451 GRAHAM AVENUE","BROOKLYN","Brooklyn","11222","Sidewalk","Issued","04/10/2026 01:03:02 PM","04/10/2030 11:59:59 PM","40.718915275","-73.94515537972","34","301","3067947","3027250121","477","BK0104","POINT (-73.945155379719 40.718915274996)"
"DELILLO PASTRY SHOP, INC.","DE LILLO PASTRY SHOP","610 EAST  187 STREET","BRONX","Bronx","10458","Sidewalk","Issued","12/20/2024 10:09:22 AM","12/20/2028 11:59:59 PM","40.85535027905","-73.8871965442","15","206","2012142","2030730048","391","BX0603","POINT (-73.887196544203 40.855350279053)"
"CHARLESNUMBERTWO LLC","Charles Pan-Fried Chicken","340 WEST  145 STREET","NEW YORK","Manhattan","10039","Sidewalk","Issued","07/24/2026 12:20:19 PM","07/24/2030 11:59:59 PM","40.82369027535","-73.94398473478","9","109","1061060","1020510060","227","MN0903","POINT (-73.943984734776 40.823690275352)"
"THE OTHEROOM, INC.","THE OTHEROOM","143 PERRY STREET","NEW YORK","Manhattan","10014","Sidewalk","Issued","04/24/2026 10:16:34 PM","04/24/2030 11:59:59 PM","40.73487245679","-74.00798528678","3","102","1011869","1006330034","75","MN0203","POINT (-74.007985286781 40.734872456791)"
"NAUGHTY  GULL, LLC","THE CLAM","420 HUDSON STREET","NEW YORK","Manhattan","10014","Roadway","Issued","08/08/2025 02:54:51 PM","08/08/2029 11:59:59 PM","40.73042875839","-74.00680850766","3","102","1009773","1005830001","67","MN0203","POINT (-74.006808507658 40.730428758385)"
"LANTERN GLOBAL LLC","PS KITCHEN","246 WEST   48 STREET","NEW YORK","Manhattan","10036","Roadway","Issued","05/16/2025 03:53:44 PM","05/16/2029 11:59:59 PM","40.76052714717","-73.98584978428","3","105","1024766","1010190060","125","MN0502","POINT (-73.985849784284 40.760527147166)"
"JEREMYS ALE HOUSE STILL, INC","JEREMY'S ALE HOUSE","228 FRONT STREET","NEW YORK","Manhattan","10038","Roadway","Issued","04/17/2026 02:42:12 PM","04/17/2030 11:59:59 PM","40.70754306756","-74.00210641129","1","101","1001341","1000970035","1501","MN0101","POINT (-74.002106411292 40.707543067555)"
"NEW ZOE 21 INC","LOCAL 92 SOHO","244 MULBERRY STREET","NEW YORK","Manhattan","10012","Roadway","Issued","03/27/2026 09:50:07 AM","03/27/2030 11:59:59 PM","40.72297958986","-73.99584392118","1","102","1079947","1004940015","43","MN0201","POINT (-73.995843921175 40.722979589862)"
"THIERRY INC","LE CHARLOT","19 EAST   69 STREET","NEW YORK","Manhattan","10021","Sidewalk","Issued","07/24/2026 01:33:09 PM","07/24/2030 11:59:59 PM","40.76977026523","-73.96666293384","4","108","1041300","1013840023","122","MN0802","POINT (-73.966662933843 40.769770265234)"
"GMS HICKS STREET CORP","DELLAROCCO'S OF BROOKLYN","214 HICKS STREET","BROOKLYN","Brooklyn","11201","Roadway","Issued","08/01/2025 01:50:41 PM","08/01/2029 11:59:59 PM","40.69501313471","-73.99596467541","33","302","3002039","3002470035","301","BK0201","POINT (-73.995964675412 40.695013134711)"
"SIAM HARBOUR CORPORATION","ELEPHANT DISTRICT","9 OLD FULTON STREET","BROOKLYN","Brooklyn","11201","Sidewalk","Issued","08/14/2026 12:08:48 PM","08/14/2030 11:59:59 PM","40.70275605257","-73.99404909572","33","302","3425340","3000350010","21","BK0202","POINT (-73.994049095717 40.702756052571)"
"BOQUERIA SOHO LLC","BOQUERIA","171 SPRING STREET","NEW YORK","Manhattan","10012","Roadway","Issued","05/08/2026 12:18:33 PM","05/08/2030 11:59:59 PM","40.7247445265","-74.00233064088","1","102","1007737","1005020041","49","MN0201","POINT (-74.002330640884 40.724744526499)"
"THE MANHATTAN OCEAN CLUB ASSOCIATES, L.L.C.","QUALITY MEATS","57 WEST   58 STREET","NEW YORK","Manhattan","10019","Sidewalk","Issued","08/07/2026 01:52:56 PM","08/07/2030 11:59:59 PM","40.76451354365","-73.97552804165","4","105","1035250","1012747502","11201","MN0502","POINT (-73.975528041654 40.764513543649)"
"ETA 125 CORP.","MUGS ALE HOUSE / RICK & PETE'S","125 BEDFORD AVENUE","BROOKLYN","Brooklyn","11211","Sidewalk","Issued","08/07/2026 01:35:57 PM","08/07/2030 11:59:59 PM","40.71956490877","-73.95584393178","33","301","3061614","3022980001","517","BK0102","POINT (-73.955843931775 40.719564908765)"
"UNION SQUARE CAFE II LLC","UNION SQUARE CAFE/ DAILY PROVISIONS","101 EAST   19 STREET","NEW YORK","Manhattan","10003","Roadway","Issued","05/01/2026 12:26:28 PM","05/01/2030 11:59:59 PM","40.73767176924","-73.9880269774","2","105","1017906","1008750001","5","MN0602","POINT (-73.988026977398 40.737671769238)"
"169 EIGHTH RESTAURANT CORP","SHY SHY","169 8 AVENUE","NEW YORK","Manhattan","10011","Sidewalk","Issued","06/26/2026 01:38:15 PM","06/26/2030 11:59:59 PM","40.74257454006","-74.00047635797","3","104","1013109","1007420038","89","MN0401","POINT (-74.000476357965 40.742574540056)"
"Gourmet Club India Inc","BHATTI INDIAN GRILL","100 LEXINGTON AVENUE","NEW YORK","Manhattan","10016","Sidewalk","Issued","02/13/2026 02:56:27 PM","02/13/2030 11:59:59 PM","40.74220549656","-73.98308938617","2","105","1018167","1008830020","68","MN0602","POINT (-73.983089386167 40.742205496564)"
"HURRICANE STRAUSS INC","WESTVILLE","88 7 AVENUE","NEW YORK","Manhattan","10011","Roadway","Issued","07/21/2026 11:42:40 AM","07/21/2030 11:59:59 PM","40.73956078658","-73.99895711212","3","104","1013775","1007650035","81","MN0401","POINT (-73.998957112115 40.739560786584)"
"LA TAVERNE, INC","LE PARIS DAKAR","518 NOSTRAND AVENUE","BROOKLYN","Brooklyn","11216","Sidewalk","Issued","03/27/2026 09:22:57 AM","03/27/2030 11:59:59 PM","40.68117401935","-73.94974741725","36","303","3053009","3018430020","245","BK0301","POINT (-73.949747417247 40.681174019354)"
"83 AMSTERDAM RESTAURANT CORP","HI LIFE","477 AMSTERDAM AVENUE","NEW YORK","Manhattan","10024","Sidewalk","Issued","08/28/2026 08:39:53 AM","08/28/2030 11:59:59 PM","40.78558523673","-73.9765349896","6","107","1032088","1012130061","169","MN0702","POINT (-73.976534989596 40.785585236733)"
"BEEPUBLIC INC","BEEPUBLIC","181 FRONT STREET","BROOKLYN","Brooklyn","11201","Sidewalk","Issued","03/20/2026 12:21:14 PM","03/20/2030 11:59:59 PM","40.70239852578","-73.98594872827","33","302","3413894","3000410042","21","BK0202","POINT (-73.985948728273 40.702398525779)"
"LOS NISPEROS PERUVIAN RESTAURANT CORP","LOS NISPEROS PERUVIAN RESTAURANT","500 EAST  149 STREET","BRONX","Bronx","10455","Sidewalk","Issued","07/24/2026 01:56:04 PM","07/24/2030 11:59:59 PM","40.81482317575","-73.9146570505","17","201","2098210","2022750005","43","BX0101","POINT (-73.914657050504 40.814823175746)"
"DOLAR SHOP 55 3RD AVE LLC","DOLAR SHOP","55 3 AVENUE","NEW YORK","Manhattan","10003","Roadway","Issued","09/18/2026 09:26:18 AM","09/18/2030 11:59:59 PM","40.73098834968","-73.98884001497","2","103","1006807","1004667502","4002","MN0303","POINT (-73.988840014972 40.730988349684)"
"GRBD INCORPORATED","THE BOBBED BANDIT","429 ROGERS AVENUE","BROOKLYN","Brooklyn","11225","Sidewalk","Issued","05/01/2026 12:24:46 PM","05/01/2030 11:59:59 PM","40.6620500675","-73.95367625798","40","309","3035332","3013290007","8","BK0902","POINT (-73.953676257979 40.662050067503)"
"SENANROSSA LLC","JOHN DOE BAR & KITCHEN","253 5 AVENUE","NEW YORK","Manhattan","10016","Sidewalk","Issued","03/27/2026 09:17:06 AM","03/27/2030 11:59:59 PM","40.7448355075","-73.98716676789","2","105","1080770","1008580001","74","MN0501","POINT (-73.987166767892 40.744835507503)"
"CHEZ OLY INT'L INC.","KITCHEN","254 COURT STREET","BROOKLYN","Brooklyn","11231","Sidewalk","Issued","08/14/2026 12:45:52 PM","08/14/2030 11:59:59 PM","40.6852965753","-73.99449055046","39","306","3336007","3003260037","67","BK0601","POINT (-73.994490550456 40.685296575299)"
"THE RED STACHE, LLC","THE RED STACHE","401 WEST   52 STREET","NEW YORK","Manhattan","10019","Roadway","Issued","02/27/2026 02:25:29 PM","02/27/2030 11:59:59 PM","40.76491630666","-73.98845525932","3","104","1076208","1010620029","133","MN0402","POINT (-73.988455259317 40.764916306658)"
"IL COMMENDATORE REST INC.","CASA BELLA","127 MULBERRY STREET","NEW YORK","Manhattan","10013","Sidewalk","Issued","07/24/2026 12:18:07 PM","07/24/2030 11:59:59 PM","40.71799515067","-73.99803755456","1","102","1002652","1002060016","41","MN0201","POINT (-73.998037554562 40.717995150669)"
"VARIETY RIDGEWOOD CORP","VARIETY COFFEE ROASTERS","681 GRANDVIEW AVENUE","RIDGEWOOD","Queens","11385","Sidewalk","Issued","08/28/2026 02:04:27 PM","08/28/2030 11:59:59 PM","40.70740388382","-73.90375449914","30","405","4449783","4034880001","589","QN0502","POINT (-73.903754499135 40.707403883815)"
"DC5 GROUP, INC.","BIJAN'S","7981 HOYT STREET","BROOKLYN","Brooklyn","11201","Sidewalk","Issued","04/10/2026 11:53:02 AM","04/10/2030 11:59:59 PM","40.6904386","-73.9850577","33","302",,,"37","BK0202","POINT (-73.9850577 40.6904386)"
"SWAUTO LTD","2A / BERLIN / OLD FLINGS","25 AVENUE A","NEW YORK","Manhattan","10009","Sidewalk","Issued","05/29/2026 08:50:20 AM","05/29/2030 11:59:59 PM","40.72290193713","-73.9858361576","2","103","1005746","1004290033","3002","MN0303","POINT (-73.985836157598 40.722901937131)"
"MEKONG BK CORP","MEKONG BK","250 DEKALB AVENUE","BROOKLYN","Brooklyn","11205","Sidewalk","Issued","04/04/2025 04:29:53 PM","04/04/2029 11:59:59 PM","40.68945083516","-73.96894971325","35","302","3055283","3019290018","197","BK0204","POINT (-73.968949713247 40.689450835157)"
"TIKI CHICKI LLC","TIKI CHICK","517 AMSTERDAM AVENUE","NEW YORK","Manhattan","10024","Sidewalk","Issued","09/25/2026 11:51:53 AM","09/25/2030 11:59:59 PM","40.78684762986","-73.9756100805","6","107","1032134","1012150061","169","MN0702","POINT (-73.975610080498 40.786847629855)"
"BOYTAS CORP","EAST VILLAGE PIZZA","145 1 AVENUE","NEW YORK","Manhattan","10003","Sidewalk","Issued","08/27/2026 10:37:02 AM","08/27/2030 11:59:59 PM","40.72808668537","-73.98492944715","2","103","1079781","1004500029","38","MN0303","POINT (-73.984929447145 40.728086685371)"
"320 VAN BRUNT RESTAURANT LLC","SAN PEDRO","320 VAN BRUNT STREET","BROOKLYN","Brooklyn","11231","Sidewalk","Issued","05/15/2026 01:09:16 PM","05/15/2030 11:59:59 PM","40.67900241411","-74.01096738066","38","306","3008376","3005290046","59","BK0601","POINT (-74.010967380658 40.679002414114)"
"CARRIE'S HOSPITALITY LLC","ELDER GREENE","160 FRANKLIN STREET","BROOKLYN","Brooklyn","11222","Sidewalk","Issued","04/04/2025 04:20:16 PM","04/04/2029 11:59:59 PM","40.73069015418","-73.95771636541","33","301","3064538","3025500001","565","BK0101","POINT (-73.957716365406 40.730690154184)"
"ASTORIA BRICK, LLC","MOM'S KITCHEN & BAR / LILY'S","30-95 33 STREET","ASTORIA","Queens","11102","Roadway","Issued","05/01/2026 11:46:56 AM","05/01/2030 11:59:59 PM","40.76376208702","-73.9217079384","22","401","4009053","4006250108","63","QN0103","POINT (-73.921707938401 40.763762087023)"
"BILL'S DTM NY, LLC","BILL'S BAR AND BURGER DOWNTOWN","85 WEST STREET","NEW YORK","Manhattan","10006","Sidewalk","Issued","05/08/2026 12:06:56 PM","05/08/2030 11:59:59 PM","40.70966931174","-74.01492930745","1","101","1001061","1000550016","31704","MN0101","POINT (-74.014929307453 40.70966931174)"
"WINDY POINT EAST II LLC","HOUSEMAN","508 GREENWICH STREET","NEW YORK","Manhattan","10013","Roadway","Issued","04/03/2026 11:09:47 AM","04/03/2030 11:59:59 PM","40.72571583258","-74.00914952286","1","102","1010349","1005950076","37","MN0201","POINT (-74.009149522863 40.725715832576)"
"RED HOOK TAVERN LLC","RED HOOK TAVERN","329 VAN BRUNT STREET","BROOKLYN","Brooklyn","11231","Roadway","Issued","09/11/2026 10:39:33 AM","09/11/2030 11:59:59 PM","40.67792908188","-74.01220380794","38","306","3008541","3005560001","5301","BK0601","POINT (-74.012203807939 40.67792908188)"
"BOTTE DITMARS LLC","BOTTE","35-01 DITMARS BOULEVARD","ASTORIA","Queens","11105","Sidewalk","Issued","07/31/2026 12:09:54 PM","07/31/2030 11:59:59 PM","40.77478647134","-73.90878729478","22","401","4016547","4008240001","113","QN0101","POINT (-73.908787294783 40.774786471336)"
"490 LAGUARDIA LLC","SAINT DENIS","88 WEST HOUSTON STREET","NEW YORK","Manhattan","10012","Roadway","Issued","09/25/2026 11:47:37 AM","09/25/2030 11:59:59 PM","40.72698702426","-74.00001803963","2","102","1008273","1005250056","65","MN0202","POINT (-74.000018039625 40.726987024256)"
"D & S CAFE INC","LITTLE CHEF LITTLE CAFE","5-43 48 AVENUE","LONG ISLAND CITY","Queens","11101","Roadway","Issued","07/31/2026 01:24:15 PM","07/31/2030 11:59:59 PM","40.74443788626","-73.95562167717","26","402","4540101","4000307502","701","QN0201","POINT (-73.955621677168 40.744437886259)"
"164 MULBERRY ST. CORP.","DA NICO RISTORANTE","164 MULBERRY STREET","NEW YORK","Manhattan","10013","Roadway","Issued","07/18/2025 03:07:08 PM","07/18/2029 11:59:59 PM","40.71982314595","-73.99709232615","1","102","1006974","1004710029","41","MN0201","POINT (-73.997092326151 40.719823145948)"
"31 GREAT JONES RESTAURANT CORP","VIC'S","31 GREAT JONES STREET","NEW YORK","Manhattan","10012","Sidewalk","Issued","04/03/2026 04:02:56 PM","04/03/2030 11:59:59 PM","40.7269538724","-73.99298258918","2","102","1008477","1005300022","5502","MN0202","POINT (-73.99298258918 40.726953872403)"
"Cedar Drive LLC","THE ADIRONDACK","1241 PROSPECT AVENUE","BROOKLYN","Brooklyn","11218","Sidewalk","Issued","04/17/2026 04:09:40 PM","04/17/2030 11:59:59 PM","40.6525325394","-73.97602696917","39","307","3122576","3052770017","50202","BK0701","POINT (-73.976026969165 40.652532539402)"
"DOLCI PARADISE BAKERY I CORP","DOLCI PARADISE BAKERY","48-07A 45 STREET","WOODSIDE","Queens","11377","Sidewalk","Issued","09/04/2026 10:11:53 AM","09/04/2030 11:59:59 PM","40.73907757942","-73.92044879158","26","402","4053016","4022890024","18501","QN0202","POINT (-73.920448791583 40.739077579423)"
"DJONDJON LLC","DJON DJON","1206 NOSTRAND AVENUE","BROOKLYN","Brooklyn","11225","Sidewalk","Issued","09/04/2026 10:52:07 AM","09/04/2030 11:59:59 PM","40.65795895475","-73.95035245357","40","309","3115628","3050440052","802","BK0902","POINT (-73.950352453571 40.657958954751)"
"KETTLE PIE INC","ALLSWELL","124 BEDFORD AVENUE","BROOKLYN","Brooklyn","11249","Roadway","Issued","08/01/2025 01:40:40 PM","08/01/2029 11:59:59 PM","40.71957315001","-73.95586196391","33","301","3061611","3022970020","517","BK0102","POINT (-73.955861963907 40.71957315001)"
"119 PARIS CAFE CORP","THE PARIS CAFE","119 SOUTH STREET","NEW YORK","Manhattan","10038","Roadway","Issued","08/22/2025 03:34:37 PM","08/22/2029 11:59:59 PM","40.70693098667","-74.00194408428","1","101","1001322","1000970001","1501","MN0101","POINT (-74.001944084283 40.706930986673)"
"GST399 INC.","GREENWICH STREET TAVERN","399 GREENWICH STREET","NEW YORK","Manhattan","10013","Sidewalk","Issued","01/09/2026 01:45:10 PM","01/09/2030 11:59:59 PM","40.72085203149","-74.01003632013","1","101","1079554","1002140002","39","MN0102","POINT (-74.010036320129 40.72085203149)"
"BEER RUN COLUMBUS INC","BEER RUN COLUMBUS","547 A COLUMBUS AVE","NEW YORK","Manhattan","10024","Sidewalk","Issued","08/07/2026 11:52:54 AM","08/07/2030 11:59:59 PM","40.78675347464","-73.97195921574","6","107",,,"173","MN0702","POINT (-73.971959215743 40.786753474639)"
"TATANE CORP","FIAT CAFE","203 MOTT STREET","NEW YORK","Manhattan","10012","Roadway","Issued","05/15/2026 09:46:19 AM","05/15/2030 11:59:59 PM","40.72143153012","-73.99554819298","1","102","1007182","1004800024","41","MN0201","POINT (-73.995548192983 40.721431530121)"
"PEARL AND FRONT CORP.","LOS TACOS AL PASTOR","141 FRONT STREET","BROOKLYN","Brooklyn","11201","Sidewalk","Issued","03/06/2026 10:47:11 AM","03/06/2030 11:59:59 PM","40.70245359998","-73.98749233811","33","302","3000090","3000400001","21","BK0202","POINT (-73.987492338112 40.702453599978)"
"SUSHI AMS 687 INC","KOUZAN","685 AMSTERDAM AVENUE","NEW YORK","Manhattan","10025","Sidewalk","Issued","05/22/2026 10:33:25 AM","05/22/2030 11:59:59 PM","40.79228955896","-73.97163906493","7","107","1032534","1012240001","177","MN0702","POINT (-73.971639064932 40.792289558958)"
"HUDSON SMOKEHOUSE CORP","HUDSON SMOKEHOUSE","37 BRUCKNER BOULEVARD","BRONX","Bronx","10454","Sidewalk","Issued","08/07/2026 01:20:51 PM","08/07/2030 11:59:59 PM","40.80697123351","-73.92779417858","8","201","2000688","2023090030","1901","BX0101","POINT (-73.927794178579 40.80697123351)"
"ERS ENTERPRISES INC.","P.J. CLARKE'S","44 WEST   63 STREET","NEW YORK","Manhattan","10023","Roadway","Issued","08/15/2025 03:58:42 PM","08/15/2029 11:59:59 PM","40.77148648708","-73.9824140083","6","107","1027465","1011150057","149","MN0701","POINT (-73.982414008303 40.771486487081)"
"CADILLAC RANCH NYC LLC","ARMADA","86 ORCHARD STREET","NEW YORK","Manhattan","10002","Sidewalk","Issued","05/29/2026 09:31:54 AM","05/29/2030 11:59:59 PM","40.71791790585","-73.99032486663","1","103","1005273","1004080009","18","MN0302","POINT (-73.990324866634 40.71791790585)"
"LOUGH DUFF REST INC.","BRADY'S","1583 2 AVENUE","NEW YORK","Manhattan","10028","Roadway","Issued","03/27/2026 08:12:39 AM","03/27/2030 11:59:59 PM","40.77543362087","-73.95353209001","5","108","1048656","1015280021","138","MN0803","POINT (-73.953532090009 40.775433620871)"
"217 W85 LLC","ELEA","217 WEST   85 STREET","NEW YORK","Manhattan","10024","Roadway","Issued","01/02/2026 02:54:29 PM","01/02/2030 11:59:59 PM","40.78729789339","-73.97620215271","6","107","1033133","1012330016","171","MN0702","POINT (-73.976202152711 40.787297893391)"
"LAPIZZA SHOP, INC.","96 TEARS","110 AVENUE A","NEW YORK","Manhattan","10009","Sidewalk","Issued","05/22/2026 08:44:18 AM","05/22/2030 11:59:59 PM","40.72587422852","-73.98364915745","2","103","1005082","1004027501","32","MN0303","POINT (-73.983649157445 40.725874228518)"
"MIZNON UWS LLC","SHMONE","61 WEST    8 STREET","NEW YORK","Manhattan","10011","Sidewalk","Issued","07/24/2026 02:25:47 PM","07/24/2030 11:59:59 PM","40.73324508183","-73.99868659145","2","102","1082486","1005720010","63","MN0202","POINT (-73.998686591449 40.733245081834)"
"BRASSERIE COGNAC EAST CORP","BRASSERIE COGNAC","963 LEXINGTON AVENUE","NEW YORK","Manhattan","10021","Sidewalk","Issued","07/24/2026 12:13:32 PM","07/24/2030 11:59:59 PM","40.76919551516","-73.96308188358","4","108","1042728","1014050022","128","MN0802","POINT (-73.963081883583 40.769195515158)"
"CANTINA SOCIALE BEDSTUY INC.","CICCHETTI BK","185 HOWARD AVENUE","BROOKLYN","Brooklyn","11233","Sidewalk","Issued","07/31/2026 12:39:20 PM","07/31/2030 11:59:59 PM","40.68202433678","-73.91981404493","41","303","3040825","3015090007","379","BK0302","POINT (-73.919814044932 40.682024336781)"
"ROSA MEXICANO SECOND AVENUE LLC","ROSA MEXICANO","251 EAST   52 STREET","NEW YORK","Manhattan","10022","Sidewalk","Issued","03/27/2026 10:03:17 AM","03/27/2030 11:59:59 PM","40.75659050896","-73.96869089504","4","106","1038529","1013260021","98","MN0604","POINT (-73.968690895035 40.756590508962)"
"THE ELEANOR'S EK RESTAURANT & BAR CORP","THE ELEANOR'S EK RESTAURANT & BAR","3289 WESTCHESTER AVENUE","BRONX","Bronx","10461","Sidewalk","Issued","09/11/2026 11:09:04 AM","09/11/2030 11:59:59 PM","40.85292919494","-73.82734339369","13","210","2047780","2042490046","3","BX1003","POINT (-73.827343393689 40.852929194943)"
"ANDREAS CH, LLC","DA ANDREA RISTORANTE","160 8 AVENUE","NEW YORK","Manhattan","10011","Roadway","Issued","10/24/2024 09:36:16 AM","10/24/2028 11:59:59 PM","40.74215458986","-74.00075783742","3","104","1013859","1007670071","81","MN0401","POINT (-74.000757837422 40.742154589856)"
"BAGELWORKS, INC","BAGEL WORKS","1229 FIRST AVENUE","NEW YORK","Manhattan","10065","Roadway","Issued","07/20/2026 03:16:51 PM","07/20/2030 11:59:59 PM","40.76422872594","-73.9586155284","5","108","1044742","1014410025","118","MN0801","POINT (-73.9586155284 40.76422872594)"
"THAI SMILE RESTAURANT INC","TUE THAI FOOD","3 GREENWICH AVENUE","NEW YORK","Manhattan","10014","Roadway","Issued","05/08/2026 04:17:31 PM","05/08/2030 11:59:59 PM","40.73392853517","-73.99963556146","3","102","1010268","1005930013","71","MN0203","POINT (-73.999635561457 40.733928535167)"
"RIVERWALK MANAGEMENT, INC.","NAKED DOG","47 JAVA STREET","BROOKLYN","Brooklyn","11222","Sidewalk","Issued","03/27/2026 09:56:58 AM","03/27/2030 11:59:59 PM","40.73116829188","-73.959231485","33","301","3064406","3025390035","565","BK0101","POINT (-73.959231484999 40.731168291878)"
"BODEGA 88 LLC","BODEGA 88","573 COLUMBUS AVENUE","NEW YORK","Manhattan","10024","Sidewalk","Issued","04/17/2026 12:09:31 PM","04/17/2030 11:59:59 PM","40.78755479858","-73.97137747052","6","107","1031486","1012010063","173","MN0702","POINT (-73.971377470518 40.787554798582)"
"COBRA CATERERS, INC.","HUDSON HOUND","575 HUDSON STREET","NEW YORK","Manhattan","10014","Sidewalk","Issued","07/21/2026 11:34:08 AM","07/21/2030 11:59:59 PM","40.73615164257","-74.0059105973","3","102","1078305","1006340063","75","MN0203","POINT (-74.005910597295 40.73615164257)"
"WAVERLY RESTAURANT LLC","THE WAVERLY INN","16 BANK STREET","NEW YORK","Manhattan","10014","Roadway","Issued","03/27/2026 10:52:25 AM","03/27/2030 11:59:59 PM","40.73701911575","-74.00237076506","3","102","1010962","1006140024","77","MN0203","POINT (-74.002370765062 40.737019115751)"
"LPB2 LLC","LA PECORA BIANCA","950 2 AVENUE","NEW YORK","Manhattan","10022","Sidewalk","Issued","08/28/2026 01:08:17 PM","08/28/2030 11:59:59 PM","40.75510549711","-73.9683378692","4","106","1085119","1013437503","98","MN0604","POINT (-73.968337869203 40.755105497114)"
"BELL F & B INC.","KUNST COFFEE HAUS","212-08 41 AVENUE","BAYSIDE","Queens","11361","Sidewalk","Issued","07/24/2026 01:21:30 PM","07/24/2030 11:59:59 PM","40.76341544533","-73.77268035007","19","411","4137456","4062270278","1129","QN1102","POINT (-73.772680350068 40.763415445333)"
"DON CEVICHE NYC CORP","DON CEVICHE","57 1 AVENUE","NEW YORK","Manhattan","10003","Roadway","Issued","06/27/2025 07:59:29 PM","06/27/2029 11:59:59 PM","40.72491127269","-73.98725359914","2","103","1006179","1004450033","38","MN0303","POINT (-73.987253599144 40.724911272685)"
"HENG HENG GROUP INC","NOURISH THAI","637A VANDERBILT AVENUE","BROOKLYN","Brooklyn","11238","Sidewalk","Issued","06/12/2026 02:45:30 PM","06/12/2030 11:59:59 PM","40.67803525254","-73.96871349587","35","308","3028480","3011520005","205","BK0801","POINT (-73.968713495874 40.678035252538)"
"BUREKA LLC","BUBA BUREKA","193 BLEECKER STREET","NEW YORK","Manhattan","10012","Roadway","Issued","03/20/2026 12:28:17 PM","03/20/2030 11:59:59 PM","40.7292734056","-74.0014035312","2","102","1084931","1005427502","65","MN0202","POINT (-74.001403531203 40.729273405603)"
"SH OPERATIONS LLC","THE SLEEPING CAT","160 7 AVENUE","NEW YORK","Manhattan","10011","Sidewalk","Issued","07/03/2025 01:27:36 PM","07/03/2029 11:59:59 PM","40.74195419085","-73.9972140537","3","104","1068149","1007697503","87","MN0401","POINT (-73.997214053699 40.741954190854)"
"BLANK STREET INC.","BLANK STREET","63 SPRING STREET","NEW YORK","Manhattan","10012","Roadway","Issued","05/01/2026 11:36:12 AM","05/01/2030 11:59:59 PM","40.72235382517","-73.99724373759","1","102","1007554","1004960034","43","MN0201","POINT (-73.997243737593 40.722353825168)"
"WV LIC LLC","WESTVILLE","43-12 HUNTER STREET","LONG ISLAND CITY","Queens","11101","Roadway","Issued","09/25/2026 11:55:05 AM","09/25/2030 11:59:59 PM","40.74809609683","-73.94205994231","26","402","4620265","4004340016","1902","QN0201","POINT (-73.942059942306 40.748096096831)"
"JO-RACH INC","BABY JOHN'S PIZZERIA","191 GRAND STREET","NEW YORK","Manhattan","10013","Roadway","Issued","06/12/2026 03:33:23 PM","06/12/2030 11:59:59 PM","40.71926870513","-73.99718253808","1","102","1077451","1002370012","41","MN0201","POINT (-73.997182538075 40.719268705133)"
"BOWERY F & B, LLC","GEMMA","4 EAST    3 STREET","NEW YORK","Manhattan","10003","Sidewalk","Issued","07/24/2026 01:09:39 PM","07/24/2030 11:59:59 PM","40.72620444205","-73.99138076854","2","103","1006545","1004580006","3602","MN0303","POINT (-73.991380768535 40.726204442054)"
"OSTERIA REGINA LLC","OSTERIA REGINA","241 SMITH STREET","BROOKLYN","Brooklyn","11231","Roadway","Issued","05/08/2026 02:23:19 PM","05/08/2030 11:59:59 PM","40.6836303873","-73.99254728628","39","306","3006540","3004090001","6902","BK0601","POINT (-73.992547286275 40.683630387301)"
"MMI 2020 LLC","RECETTE","103 HAVEMEYER STREET","BROOKLYN","Brooklyn","11211","Roadway","Issued","04/04/2025 04:32:29 PM","04/04/2029 11:59:59 PM","40.71323571926","-73.95649021854","34","301","3062692","3023840003","519","BK0102","POINT (-73.956490218544 40.713235719259)"
"FRANK GROCERY CORP","LIL FRANKIE'S GROCERY","21 1 AVENUE","NEW YORK","Manhattan","10003","Sidewalk","Issued","02/27/2026 01:49:39 PM","02/27/2030 11:59:59 PM","40.72351978307","-73.98825681711","2","103","1006095","1004430035","3602","MN0303","POINT (-73.988256817111 40.723519783072)"
"Oliver's Astoria, LLC","OLIVER'S","37-19 BROADWAY","ASTORIA","Queens","11103","Sidewalk","Issued","06/12/2026 02:47:31 PM","06/12/2030 11:59:59 PM","40.75961932484","-73.92037001792","22","401","4010433","4006570001","61","QN0103","POINT (-73.920370017915 40.759619324838)"
"PONENTE LLC","NIZZA","628 9 AVENUE","NEW YORK","Manhattan","10036","Sidewalk","Issued","07/31/2026 01:32:20 PM","07/31/2030 11:59:59 PM","40.7599787522","-73.99148828245","3","104","1024982","1010350001","12101","MN0402","POINT (-73.991488282451 40.759978752198)"
"MEXICAN BISTRO CORP","LA CATRINA MEXICAN BISTRO","3803 10 AVENUE","NEW YORK","Manhattan","10034","Sidewalk","Issued","06/19/2026 11:20:19 AM","06/19/2030 11:59:59 PM","40.86226193863","-73.9205141747","10","112","1064495","1022000005","299","MN1203","POINT (-73.920514174696 40.862261938631)"
"ASC, INC.","LA NONNA","134 MULBERRY STREET","NEW YORK","Manhattan","10013","Roadway","Issued","04/03/2026 11:18:31 AM","04/03/2030 11:59:59 PM","40.71845352133","-73.99773451426","1","102","1066508","1002377501","41","MN0201","POINT (-73.997734514258 40.718453521328)"
"NOLA RESTAURANT GROUP LLC","LOWERLINE","794 WASHINGTON AVENUE","BROOKLYN","Brooklyn","11238","Roadway","Issued","04/04/2025 04:26:33 PM","04/04/2029 11:59:59 PM","40.67416069497","-73.96307340687","35","308","3029402","3011730050","207","BK0801","POINT (-73.963073406871 40.674160694967)"
"COPINE 891 INC","COPINETTE","891 1 AVENUE","NEW YORK","Manhattan","10022","Sidewalk","Issued","06/19/2026 11:06:52 AM","06/19/2030 11:59:59 PM","40.75397127104","-73.96609697764","4","106","1039612","1013430024","98","MN0604","POINT (-73.966096977642 40.753971271038)"
"1465 CDM, INC","THE GRAFTON PUBLIC HOUSE","126 1 AVENUE","NEW YORK","Manhattan","10009","Roadway","Issued","01/09/2026 01:38:50 PM","01/09/2030 11:59:59 PM","40.72730449875","-73.98548524785","2","103","1005817","1004350006","32","MN0303","POINT (-73.985485247847 40.727304498751)"
"E.A.T. IS OWNED BY ELI ZABAR INC.","E.A.T. CAFE","1064 MADISON AVENUE","NEW YORK","Manhattan","10028","Sidewalk","Issued","06/05/2026 05:20:01 PM","06/05/2030 11:59:59 PM","40.77745390003","-73.9613080589","4","108","1046617","1014920017","142","MN0802","POINT (-73.9613080589 40.777453900034)"
"TERROIR TRIBECA, LLC","TERROIR TRIBECA","24 HARRISON STREET","NEW YORK","Manhattan","10013","Sidewalk","Issued","02/13/2026 03:37:42 PM","02/13/2030 11:59:59 PM","40.71876600844","-74.01003239732","1","101","1002082","1001810041","39","MN0102","POINT (-74.010032397316 40.718766008443)"
"ORIGINALBEEBEAVE, LLC","DK PUBLIC","38-40 29 STREET","LONG ISLAND CITY","Queens","11101","Roadway","Issued","07/21/2026 10:49:52 AM","07/21/2030 11:59:59 PM","40.75413019922","-73.93396600413","26","401","4430742","4003850031","31","QN0105","POINT (-73.933966004134 40.754130199222)"
"WALNUT BUS STOP INC.","WALNUT BUS STOP RESTAURANT","881 EAST  134 STREET","BRONX","Bronx","10454","Sidewalk","Issued","09/11/2026 11:13:52 AM","09/11/2030 11:59:59 PM","40.80034434618","-73.9106700677","8","201","2097591","2025940001","1903","BX0101","POINT (-73.910670067703 40.800344346175)"
"620 LOR LLC","MO'S GENERAL","620 LORIMER STREET","BROOKLYN","Brooklyn","11211","Sidewalk","Issued","07/24/2026 02:05:27 PM","07/24/2030 11:59:59 PM","40.71556320972","-73.94960595566","34","301","3068365","3027470001","501","BK0104","POINT (-73.949605955656 40.715563209716)"
"IN GOOD CO PARK AVE INC","PARK AVENUE TAVERN","99 PARK AVENUE","NEW YORK","Manhattan","10016","Roadway","Issued","02/13/2026 03:53:35 PM","02/13/2030 11:59:59 PM","40.75073822369","-73.97866592157","4","106","1019460","1008950001","8","MN0603","POINT (-73.978665921568 40.75073822369)"
"AINSLIE BOWERY LLC","AINSLIE BOWERY","199 BOWERY","NEW YORK","Manhattan","10002","Sidewalk","Issued","02/13/2026 02:26:43 PM","02/13/2030 11:59:59 PM","40.72114324299","-73.99370111726","1","103","1087253","1004257502","18","MN0302","POINT (-73.993701117259 40.721143242987)"
"FIRST AVENUE DINING LLC","HIGHLIFE / EL CAMINO","135 1 AVENUE","NEW YORK","Manhattan","10003","Roadway","Issued","07/21/2026 11:26:18 AM","07/21/2030 11:59:59 PM","40.72774636778","-73.98518569002","2","103","1077695","1004500033","38","MN0303","POINT (-73.98518569002 40.727746367779)"
"CHINESE TREND BUFFET HOT POT LLC","EASY JOY HOT POT DIM SUM BUFFET","145 MULBERRY STREET","NEW YORK","Manhattan","10013","Sidewalk","Issued","08/21/2026 09:57:14 AM","08/21/2030 11:59:59 PM","40.71882406121","-73.99755052006","1","102","1003078","1002367502","41","MN0201","POINT (-73.997550520058 40.718824061205)"
"SCATTO BAR LLC","BOTTE BAR","25-07 BROADWAY","ASTORIA","Queens","11106","Roadway","Issued","02/06/2026 10:52:45 AM","02/06/2030 11:59:59 PM","40.76331344873","-73.92820268118","22","401","4007102","4005790016","75","QN0103","POINT (-73.928202681178 40.763313448731)"
"HOST 213 LLC","JACKDAW","213 2 AVENUE","NEW YORK","Manhattan","10003","Sidewalk","Issued","02/13/2026 03:49:27 PM","02/13/2030 11:59:59 PM","40.73181961914","-73.98533632486","2","103","1006911","1004690037","4002","MN0303","POINT (-73.985336324858 40.731819619144)"
"KMG WINE BAR LLC","DIVIN WINE BAR","170 2 AVENUE","NEW YORK","Manhattan","10003","Sidewalk","Issued","07/21/2026 10:44:55 AM","07/21/2030 11:59:59 PM","40.73020858293","-73.98648405662","2","103","1006435","1004520006","4001","MN0303","POINT (-73.986484056615 40.730208582929)"
"TWIN EAGLES, LLC","EEL BAR","252 BROOME STREET","NEW YORK","Manhattan","10002","Roadway","Issued","07/24/2026 01:06:40 PM","07/24/2030 11:59:59 PM","40.7180111868","-73.98984867131","1","103","1005296","1004090031","18","MN0302","POINT (-73.989848671309 40.718011186801)"
"ARCHWAY ON WATER CORP","TOMMY'S BAR & BURGER","57B PEARL STREET","BROOKLYN","Brooklyn","11201","Roadway","Issued","10/24/2025 03:31:32 PM","10/24/2029 11:59:59 PM","40.70304922509","-73.98758239155","33","302","3000090","3000400001","21","BK0202","POINT (-73.987582391545 40.703049225092)"
"BRAHA HOLDING INC","NADEZHDA","64-06 108 STREET","FOREST HILLS","Queens","11375","Sidewalk","Issued","04/17/2026 03:10:26 PM","04/17/2030 11:59:59 PM","40.73272642371","-73.84950757428","29","406","4442647","4021490001","743","QN0602","POINT (-73.849507574282 40.732726423707)"
"ALPHABET CITY GROUP LLC","MOTEL NO TELL","210 AVENUE A","NEW YORK","Manhattan","10009","Roadway","Issued","07/18/2025 03:22:03 PM","07/18/2029 11:59:59 PM","40.72981252152","-73.98077254862","2","103","1086159","1004077502","34","MN0303","POINT (-73.980772548624 40.729812521522)"
"RJJ RESTAURANT LLC","EMPIRE STEAKHOUSE","237 WEST   54 STREET","NEW YORK","Manhattan","10019","Sidewalk","Issued","07/21/2026 11:05:38 AM","07/21/2030 11:59:59 PM","40.76425688604","-73.98299712684","6","105","1089437","1010260012","137","MN0502","POINT (-73.982997126841 40.764256886043)"
"T & I FOOD CORP","BERGEN BAGELS","473 BERGEN STREET","BROOKLYN","Brooklyn","11217","Sidewalk","Issued","05/08/2026 11:54:12 AM","05/08/2030 11:59:59 PM","40.68081173501","-73.97486663586","35","306","3027808","3011350035","12902","BK0602","POINT (-73.974866635858 40.680811735011)"
"187 RESTAURANT CORP.","REFRIED BEANS","591 FORT WASHINGTON AVENUE","NEW YORK","Manhattan","10033","Sidewalk","Issued","06/19/2026 11:58:52 AM","06/19/2030 11:59:59 PM","40.854663782","-73.93703605645","10","112","1064357","1021790215","273","MN1202","POINT (-73.937036056453 40.854663782004)"
"SAINT SABINO LLC","SAN SABINO","113 GREENWICH AVENUE","NEW YORK","Manhattan","10014","Sidewalk","Issued","03/06/2026 11:00:23 AM","03/06/2030 11:59:59 PM","40.73805115394","-74.00200273222","3","102","1011045","1006150076","77","MN0203","POINT (-74.00200273222 40.738051153937)"
"NUORO LLC","ARCO CAFE","886 AMSTERDAM AVENUE","NEW YORK","Manhattan","10025","Sidewalk","Issued","05/02/2025 02:23:31 PM","05/02/2029 11:59:59 PM","40.79874395738","-73.96695537348","7","107","1056565","1018750029","191","MN0703","POINT (-73.966955373482 40.798743957382)"
"BROADWAY DESSERTS LTD.","FRENCH ROAST","2340 BROADWAY","NEW YORK","Manhattan","10024","Roadway","Issued","08/22/2025 03:14:39 PM","08/22/2029 11:59:59 PM","40.78767958083","-73.97702176425","6","107","1033133","1012330016","171","MN0702","POINT (-73.977021764246 40.78767958083)"
"ANGEL L PEREZ","CREDIT LIFE BAR & GRILL","1275 EDWARD L GRANT HIGHWAY","BRONX","Bronx","10452","Sidewalk","Issued","07/24/2026 01:02:12 PM","07/24/2030 11:59:59 PM","40.83802159076","-73.92218760493","16","204","2003093","2025060104","211","BX0402","POINT (-73.922187604932 40.838021590755)"
"GIURO, LLC","AITA / MAYFLOWER","132 GREENE AVENUE","BROOKLYN","Brooklyn","11238","Sidewalk","Issued","03/07/2025 08:32:35 AM","03/07/2029 11:59:59 PM","40.68659563169","-73.96667583136","35","302","3055998","3019610039","199","BK0204","POINT (-73.966675831359 40.686595631694)"
"DAEBAK SHINHWA INC.","SUSHI & CO","980 6 AVENUE","NEW YORK","Manhattan","10018","Sidewalk","Issued","04/03/2026 03:45:08 PM","04/03/2030 11:59:59 PM","40.75116213809","-73.98677574653","4","105","1015919","1008380001","84","MN0502","POINT (-73.986775746534 40.751162138093)"
"EVIR CORP","SAN MARZANO","117 2 AVENUE","NEW YORK","Manhattan","10003","Roadway","Issued","08/07/2026 02:07:49 PM","08/07/2030 11:59:59 PM","40.72788944439","-73.98819110059","2","103","1006651","1004620023","38","MN0303","POINT (-73.988191100588 40.727889444392)"
"PIZZA 78 LLC","SALVO'S","1477 YORK AVENUE","NEW YORK","Manhattan","10075","Sidewalk","Issued","07/24/2026 02:12:02 PM","07/24/2030 11:59:59 PM","40.77091460931","-73.9507878059","5","108","1046030","1014730022","13203","MN0801","POINT (-73.950787805897 40.770914609314)"
"ANGELINA LEXINGTON LLC","ANGELINA PARIS","1121 LEXINGTON AVENUE","NEW YORK","Manhattan","10075","Sidewalk","Issued","07/20/2026 02:25:00 PM","07/20/2030 11:59:59 PM","40.77413486051","-73.95947947648","4","108","1091568","1014127504","14","MN0802","POINT (-73.959479476479 40.774134860505)"
"TAQ NEW YORK LLC","TAQ","81 WARREN STREET","NEW YORK","Manhattan","10007","Roadway","Issued","07/24/2026 03:23:55 PM","07/24/2030 11:59:59 PM","40.71525267307","-74.0103925952","1","101","1001428","1001320123","21","MN0102","POINT (-74.010392595204 40.715252673067)"
"POMP & CIRCUMSTANCE HOSPITALITY LLC","POMP & CIRCUMSTANCE","577 LORIMER STREET","BROOKLYN","Brooklyn","11211","Sidewalk","Issued","08/21/2026 11:47:09 AM","08/21/2030 11:59:59 PM","40.7142566159","-73.94941576393","34","301","3068653","3027560028","501","BK0104","POINT (-73.949415763931 40.714256615902)"
"BELGO NHM LLC","WAFELS & DINGES","392 COLUMBUS AVENUE","NEW YORK","Manhattan","10024","Sidewalk","Issued","07/31/2026 03:01:47 PM","07/31/2030 11:59:59 PM","40.78169025648","-73.97568780582","6","107","1030258","1011500034","165","MN0702","POINT (-73.975687805824 40.781690256482)"
"4519 28TH AVE CORP","PRONTO PIZZERIA","45-19 28 AVENUE","ASTORIA","Queens","11103","Sidewalk","Issued","09/02/2026 03:02:55 PM","09/02/2030 11:59:59 PM","40.76349508765","-73.90948148133","22","401","4012761","4007160001","145","QN0104","POINT (-73.909481481326 40.763495087647)"
"TEA CUP CAFE, INC.","TEA CUP CAFE","76-23 WOODSIDE AVENUE","ELMHURST","Queens","11373","Sidewalk","Issued","07/20/2026 04:25:56 PM","07/20/2030 11:59:59 PM","40.74344818707","-73.88859930617","25","404","4037007","4014960037","267","QN0401","POINT (-73.888599306174 40.743448187073)"
"JAJAJA WILLIAMSBURG LLC","JAJAJA MEXICANA","119 KENT AVENUE","BROOKLYN","Brooklyn","11249","Sidewalk","Issued","08/28/2026 01:14:30 PM","08/28/2030 11:59:59 PM","40.72022579137","-73.96179957061","33","301","3062029","3023250008","555","BK0102","POINT (-73.961799570608 40.720225791374)"
"EAST COUNTY LOUTH INC","THE PENNY FARTHING","103 3 AVENUE","NEW YORK","Manhattan","10003","Roadway","Issued","04/10/2026 12:19:45 PM","04/10/2030 11:59:59 PM","40.7324457118","-73.98777895274","2","103","1079847","1004680007","4002","MN0303","POINT (-73.987778952735 40.732445711799)"
"MCCBREN CORP.","TRIONA'S","237 SULLIVAN STREET","NEW YORK","Manhattan","10012","Sidewalk","Issued","07/24/2026 03:33:12 PM","07/24/2030 11:59:59 PM","40.72974276845","-73.99961393599","2","102","1008671","1005390014","65","MN0202","POINT (-73.999613935988 40.729742768446)"
"MANNA MADISON AVENUE LLC","GINA LA FORNARINA","26 EAST   91 STREET","NEW YORK","Manhattan","10128","Sidewalk","Issued","07/21/2026 11:16:46 AM","07/21/2030 11:59:59 PM","40.78426761578","-73.95706833263","4","108","1047004","1015020056","15002","MN0802","POINT (-73.957068332628 40.784267615779)"
"BT Restaurant Enterprises LLC","TESSA","349 AMSTERDAM AVENUE","NEW YORK","Manhattan","10024","Sidewalk","Issued","07/20/2026 04:23:57 PM","07/20/2030 11:59:59 PM","40.78160041224","-73.97943594864","6","107","1030191","1011480064","161","MN0702","POINT (-73.979435948644 40.781600412238)"
"FT 245 CORP","BAR VELOCE","175 SECOND AVENUE","NEW YORK","Manhattan","10003","Sidewalk","Issued","02/06/2026 10:51:29 AM","02/06/2030 11:59:59 PM","40.73047206029","-73.98631442158","2","103","1006837","1004670035","4002","MN0303","POINT (-73.986314421583 40.730472060292)"
"DURUM LLC","LARINA PASTIFICIO & VINO","387 MYRTLE AVENUE","BROOKLYN","Brooklyn","11205","Sidewalk","Issued","07/21/2026 12:27:17 PM","07/21/2030 11:59:59 PM","40.6931594303","-73.97048777897","35","302","3058178","3020460093","187","BK0203","POINT (-73.970487778973 40.693159430301)"
"J & D OPERATORS LLC","PROHIBITION","503 COLUMBUS AVENUE","NEW YORK","Manhattan","10024","Sidewalk","Issued","07/31/2026 01:40:20 PM","07/31/2030 11:59:59 PM","40.78535389631","-73.97298174882","6","107","1085066","1011980001","169","MN0702","POINT (-73.972981748819 40.78535389631)"
"CUP CAKES BY BRENDA GRILL, CORP","TAQUERIA EL PATRON","51 LINCOLN ROAD","BROOKLYN","Brooklyn","11225","Sidewalk","Issued","07/20/2026 04:30:59 PM","07/20/2030 11:59:59 PM","40.66085061698","-73.96110562789","40","309","3114573","3050240067","79802","BK0902","POINT (-73.961105627893 40.660850616976)"
"PMACS 10 LLC","MISS NELLIE'S","321 WEST   44 STREET","NEW YORK","Manhattan","10036","Sidewalk","Issued","03/13/2026 03:08:47 PM","03/13/2030 11:59:59 PM","40.75888344415","-73.98966915457","3","104","1080878","1010350017","12101","MN0402","POINT (-73.989669154574 40.758883444152)"
"753 WASHINGTON TRATTORIA INC","MALAPARTE","753 WASHINGTON STREET","NEW YORK","Manhattan","10014","Sidewalk","Issued","07/24/2026 01:58:14 PM","07/24/2030 11:59:59 PM","40.7368349445","-74.00824894049","3","102","1011930","1006350011","79","MN0203","POINT (-74.008248940491 40.736834944495)"
"CUS MF POWERHOUSE LLC","COYOTE UGLY SALOON","233 EAST   14 STREET","NEW YORK","Manhattan","10003","Sidewalk","Issued","02/06/2026 11:08:00 AM","02/06/2030 11:59:59 PM","40.73293686099","-73.9863283464","2","106","1019509","1008960016","48","MN0602","POINT (-73.986328346398 40.732936860994)"
"JUNGO ROAD LLC","THE DEEP END","1080 WYCKOFF AVENUE","RIDGEWOOD","Queens","11385","Sidewalk","Issued","09/18/2026 10:06:54 AM","09/18/2030 11:59:59 PM","40.69461760035","-73.90241710834","34","405","4085369","4035410023","559","QN0502","POINT (-73.902417108344 40.694617600346)"
"MARI MAKAN LLC","WAYAN","20 SPRING STREET","NEW YORK","Manhattan","10012","Roadway","Issued","03/27/2026 10:59:02 AM","03/27/2030 11:59:59 PM","40.72143425448","-73.99505034078","1","102","1007164","1004790018","41","MN0201","POINT (-73.995050340779 40.721434254484)"
"IL BUCO VINERIA LLC","IL BUCO ALIMENTARI & VINERIA","53 GREAT JONES STREET","NEW YORK","Manhattan","10012","Sidewalk","Issued","05/22/2026 10:31:21 AM","05/22/2030 11:59:59 PM","40.72664916348","-73.99235845352","2","102","1008484","1005300031","5502","MN0202","POINT (-73.992358453523 40.726649163481)"
"GUMBULL LLC","THE DEAD POET","450 AMSTERDAM AVENUE","NEW YORK","Manhattan","10024","Sidewalk","Issued","07/20/2026 04:19:31 PM","07/20/2030 11:59:59 PM","40.78485250027","-73.97709135405","6","107","1032685","1012290034","167","MN0702","POINT (-73.977091354051 40.784852500266)"
"NEW YORK EVENTS, INC.","GARDEN CARVER","187 GRAND STREET","BROOKLYN","Brooklyn","11211","Sidewalk","Issued","12/19/2025 10:51:30 AM","12/19/2029 11:59:59 PM","40.71427202678","-73.9607280401","34","301","3062635","3023810006","553","BK0102","POINT (-73.960728040102 40.714272026783)"
"KITCHEN TABLE INC","FRANK","88 2 AVENUE","NEW YORK","Manhattan","10003","Sidewalk","Issued","08/05/2026 11:27:36 AM","08/05/2030 11:59:59 PM","40.72686297359","-73.98890925894","2","103","1006222","1004470001","38","MN0303","POINT (-73.988909258942 40.72686297359)"
"CONVENTIONAL DELIGHTS INC","BITE","333 LAFAYETTE STREET","NEW YORK","Manhattan","10012","Roadway","Issued","06/12/2026 03:34:47 PM","06/12/2030 11:59:59 PM","40.72575450526","-73.99477582145","2","102","1008219","1005220036","5502","MN0202","POINT (-73.994775821448 40.725754505259)"
"SERAFINA 79TH CORNER LLC","TOKUGAWA","1022 MADISON AVENUE","NEW YORK","Manhattan","10075","Sidewalk","Issued","07/24/2026 03:32:32 PM","07/24/2030 11:59:59 PM","40.77599678735","-73.96236681198","4","108","1041884","1013930056","142","MN0802","POINT (-73.96236681198 40.775996787348)"
"GOTHAM COFFEE ROASTERS INC.","GOTHAM COFFEE ROASTERS","23 WEST   19 STREET","NEW YORK","Manhattan","10011","Sidewalk","Issued","07/03/2026 05:02:50 PM","07/03/2030 11:59:59 PM","40.7395028967","-73.99235697365","3","105","1015480","1008210055","54","MN0501","POINT (-73.992356973645 40.739502896701)"
"LE BON NY CORP","CORRADO BREAD & PASTRY","1361 LEXINGTON AVENUE","NEW YORK","Manhattan","10128","Sidewalk","Issued","11/14/2025 12:30:49 PM","11/14/2029 11:59:59 PM","40.78221867314","-73.95358150057","5","108","1048254","1015190020","14802","MN0802","POINT (-73.953581500572 40.782218673136)"
"BUBBY'S PIE CO INC","BUBBY'S","120 HUDSON STREET","NEW YORK","Manhattan","10013","Roadway","Issued","05/08/2026 12:21:22 PM","05/08/2030 11:59:59 PM","40.71984756406","-74.00858954589","1","101","1002140","1001890020","33","MN0102","POINT (-74.008589545893 40.719847564063)"
"THINK TRIBECA LLC","THINK COFFEE","350 BROADWAY","NEW YORK","Manhattan","10013","Sidewalk","Issued","07/20/2026 03:47:40 PM","07/20/2030 11:59:59 PM","40.71694659827","-74.00394286579","1","101","1001838","1001717503","31","MN0102","POINT (-74.003942865789 40.716946598271)"
"EIGHTY THIRD AND FIRST LLC.","FELICE 83","1593 1 AVENUE","NEW YORK","Manhattan","10028","Roadway","Issued","03/20/2026 12:37:41 PM","03/20/2030 11:59:59 PM","40.77474086561","-73.95094383037","5","108","1049893","1015450030","138","MN0803","POINT (-73.95094383037 40.774740865607)"
"LEONS MULBERRY LLC","LEON'S BAGELS","181 MULBERRY STREET","NEW YORK","Manhattan","10012","Roadway","Issued","10/03/2025 01:34:06 PM","10/03/2029 11:59:59 PM","40.72086065762","-73.99670626835","1","102","1082480","1004810033","41","MN0201","POINT (-73.99670626835 40.720860657622)"
"THEBUSINESS OF HOSPITALITY LLC","MARLOW EAST","1022 LEXINGTON AVENUE","NEW YORK","Manhattan","10021","Sidewalk","Issued","01/30/2026 01:42:22 PM","01/30/2030 11:59:59 PM","40.77100114383","-73.96179560514","4","108","1042862","1014070059","128","MN0802","POINT (-73.961795605142 40.771001143831)"
"PRINCE SULLIVAN, LLC.","THE DUTCH","131 SULLIVAN STREET","NEW YORK","Manhattan","10012","Roadway","Issued","06/12/2026 03:45:32 PM","06/12/2030 11:59:59 PM","40.72664939684","-74.00220443102","1","102","1008057","1005170043","49","MN0201","POINT (-74.002204431024 40.726649396842)"
"JL SOLO INC","SENZA GLUTEN","206 SULLIVAN STREET","NEW YORK","Manhattan","10012","Sidewalk","Issued","05/15/2026 01:15:54 PM","05/15/2030 11:59:59 PM","40.7290922595","-74.0001912261","2","102","1008709","1005400036","65","MN0202","POINT (-74.000191226095 40.729092259501)"
"XOCHIMILCO FAMILY REST INC.","XOCHIMILCO FAMILY REST","653 MELROSE AVENUE","BRONX","Bronx","10455","Roadway","Issued","04/24/2026 10:26:05 PM","04/24/2030 11:59:59 PM","40.81854926053","-73.91665380578","17","201","2001675","2023990024","67","BX0102","POINT (-73.91665380578 40.818549260529)"
"TOKANA CAFE BAR RESTORANT INC","LITTLE RASCAL","163 ELIZABETH STREET","NEW YORK","Manhattan","10012","Roadway","Issued","05/22/2026 10:34:30 AM","05/22/2030 11:59:59 PM","40.72083039904","-73.994898867","1","102","1007167","1004790026","41","MN0201","POINT (-73.994898866996 40.720830399035)"
"BOUCHERIE, LLC","BOUCHERIE","99 7 AVENUE SOUTH","NEW YORK","Manhattan","10014","Sidewalk","Issued","04/10/2026 11:54:33 AM","04/10/2030 11:59:59 PM","40.73293488699","-74.00317525858","3","102","1010185","1005910017","73","MN0203","POINT (-74.003175258582 40.732934886991)"
"VINOLI INC","BARBES","376 NINTH STREET","BROOKLYN","Brooklyn","11215","Sidewalk","Issued","10/03/2025 01:24:00 PM","10/03/2029 11:59:59 PM","40.66782228348","-73.98354809237","39","306","3022340","3010120007","151","BK0602","POINT (-73.983548092373 40.667822283476)"
"PARME RESTAURANT CORPORATION","LA BOITE EN BOIS","75 WEST   68 STREET","NEW YORK","Manhattan","10023","Roadway","Issued","07/21/2026 12:46:26 PM","07/21/2030 11:59:59 PM","40.77455471908","-73.97994721501","6","107","1028438","1011210002","15301","MN0701","POINT (-73.979947215012 40.774554719081)"
"11-26 LLC","HAV & MAR","601 WEST   26 STREET","NEW YORK","Manhattan","10001","Sidewalk","Issued","08/22/2025 03:17:52 PM","08/22/2029 11:59:59 PM","40.75092669619","-74.005955224","3","104","1012268","1006720001","9902","MN0401","POINT (-74.005955224 40.750926696187)"
"GLUR LLC","GLUR","144 WEST   19 STREET","NEW YORK","Manhattan","10011","Sidewalk","Issued","08/08/2025 02:45:01 PM","08/08/2029 11:59:59 PM","40.74098525079","-73.99591857608","3","104","1014723","1007940064","87","MN0401","POINT (-73.995918576079 40.740985250791)"
"REBA REALTY CORP/WALKER'S","WALKER'S","16 NORTH MOORE STREET","NEW YORK","Manhattan","10013","Sidewalk","Issued","05/01/2026 12:29:23 PM","05/01/2030 11:59:59 PM","40.71979002741","-74.00707437417","1","101","1002149","1001890034","33","MN0102","POINT (-74.007074374166 40.719790027412)"
"TAVERNA KYCLADES 36 LLC","TAVERNA KYCLADES","36-01 DITMARS BOULEVARD","ASTORIA","Queens","11105","Sidewalk","Issued","08/07/2026 02:11:15 PM","08/07/2030 11:59:59 PM","40.77428086931","-73.90807672162","22","401","4016472","4008230001","113","QN0101","POINT (-73.908076721621 40.774280869311)"
"LOVE REPUBLIC INC","THE NUAA TABLE","638 BERGEN STREET","BROOKLYN","Brooklyn","11238","Sidewalk","Issued","08/21/2026 01:45:19 PM","08/21/2030 11:59:59 PM","40.67950370538","-73.96870559361","35","308","3428674","3011440051","163","BK0801","POINT (-73.968705593608 40.679503705375)"
"357WBROADWAY LLC","HEROES / PEARL BOX","357 WEST BROADWAY","NEW YORK","Manhattan","10013","Sidewalk","Issued","07/31/2026 01:18:12 PM","07/31/2030 11:59:59 PM","40.72298785381","-74.00323611386","1","102","1007062","1004750010","47","MN0201","POINT (-74.003236113862 40.722987853809)"
"MINO WINE BAR, LLC","MINO BRASSERIE","225 WEST   12 STREET","NEW YORK","Manhattan","10011","Sidewalk","Issued","06/12/2026 02:43:41 PM","06/12/2030 11:59:59 PM","40.73756259394","-74.00147948498","3","102","1011081","1006170021","77","MN0203","POINT (-74.001479484984 40.737562593942)"
"THREEFOLD HOLDINGS LLC","THREES BREWING / NINTH STREET ESPRESSO","333 DOUGLASS STREET","BROOKLYN","Brooklyn","11217","Roadway","Issued","10/24/2025 03:55:46 PM","10/24/2029 11:59:59 PM","40.67961094517","-73.98251404219","39","306","3336095","3004130033","127","BK0601","POINT (-73.982514042192 40.679610945173)"
"MAMAN COBBLE HILL LLC","MAMAN","154 COURT STREET","BROOKLYN","Brooklyn","11201","Roadway","Issued","08/14/2026 12:56:13 PM","08/14/2030 11:59:59 PM","40.68869451518","-73.99285321491","39","306","3003070","3002920031","45","BK0601","POINT (-73.992853214914 40.688694515181)"
"JUICE GENERATION INC","JUICE GENERATION","210 BEDFORD AVENUE","BROOKLYN","Brooklyn","11249","Roadway","Issued","02/20/2026 03:02:28 PM","02/20/2030 11:59:59 PM","40.71695294533","-73.95867746239","34","301","3062191","3023350025","553","BK0102","POINT (-73.958677462389 40.716952945333)"
"DEOR LLC","DAGON","2454 BROADWAY","NEW YORK","Manhattan","10024","Sidewalk","Issued","07/21/2026 10:37:02 AM","07/21/2030 11:59:59 PM","40.79125977158","-73.97394022624","6","107","1033560","1012380046","179","MN0702","POINT (-73.973940226237 40.791259771581)"
"36-05 30TH AVE REST CORP","MIMOZA","36-05 30 AVENUE","ASTORIA","Queens","11103","Sidewalk","Issued","05/22/2026 10:35:29 AM","05/22/2030 11:59:59 PM","40.7649529228","-73.91724097401","22","401","4009275","4006300146","6502","QN0103","POINT (-73.917240974008 40.764952922795)"
"GT OPERATING COMPANY LLC.","GRAMERCY TAVERN","42 EAST   20 STREET","NEW YORK","Manhattan","10003","Roadway","Issued","01/02/2026 02:55:21 PM","01/02/2030 11:59:59 PM","40.73884388325","-73.98902633975","2","105","1016177","1008487503","52","MN0501","POINT (-73.989026339753 40.738843883247)"
"N&F GLOBAL CORP","CHRISTMAS IN THE CITY","142 MULBERRY STREET","NEW YORK","Manhattan","10013","Roadway","Issued","07/21/2026 09:54:52 AM","07/21/2030 11:59:59 PM","40.71872250549","-73.99758299109","1","102","1003088","1002370007","41","MN0201","POINT (-73.997582991088 40.718722505485)"
"G.V.S. BAKERY INC","MARTHA'S COUNTRY BAKERY","36-21 DITMARS BOULEVARD","ASTORIA","Queens","11105","Sidewalk","Issued","08/07/2026 01:31:21 PM","08/07/2030 11:59:59 PM","40.77420942472","-73.90797572675","22","401","4016537","4008230066","113","QN0101","POINT (-73.90797572675 40.774209424718)"
"ROMA CREW INC","JORA","4746 11TH ST","LONG ISLAND CITY","Queens","11101","Sidewalk","Issued","02/13/2026 03:51:58 PM","02/13/2030 11:59:59 PM","40.74410392575","-73.95108556831","26","402","4000280","4000450022","701","QN0201","POINT (-73.951085568312 40.744103925746)"
"225 COLUMBUS RST. CORP","MANNY'S BISTRO","225 COLUMBUS AVENUE","NEW YORK","Manhattan","10023","Roadway","Issued","03/13/2026 03:00:52 PM","03/13/2030 11:59:59 PM","40.77628934225","-73.97959646179","6","107","1028540","1011230003","157","MN0701","POINT (-73.97959646179 40.776289342252)"
"PHRAYA2565 INC.","THA PHRAYA","1553 2 AVENUE","NEW YORK","Manhattan","10028","Sidewalk","Issued","07/24/2026 03:24:31 PM","07/24/2030 11:59:59 PM","40.77441012761","-73.95428018145","5","108","1048534","1015260026","138","MN0803","POINT (-73.954280181453 40.774410127606)"
"BENIAM CUSINE INC","Beniam Cuisine","2795 FREDERICK DOUGLASS BOULEVARD","NEW YORK","Manhattan","10039","Sidewalk","Issued","08/14/2026 11:26:55 AM","08/14/2030 11:59:59 PM","40.82509645589","-73.94026910908","9","110","1060833","1020450073","259","MN1002","POINT (-73.940269109078 40.825096455892)"
"HLD COLUMBUS LLC","SUSHI OF GARI","370 COLUMBUS AVENUE","NEW YORK","Manhattan","10024","Sidewalk","Issued","04/03/2026 11:05:52 AM","04/03/2030 11:59:59 PM","40.78098496241","-73.97620080679","6","107","1030212","1011490033","161","MN0702","POINT (-73.976200806793 40.780984962405)"
"M.E.G. RESTAURANT ENTERPRISES, LTD.","NOVITA","102 EAST   22 STREET","NEW YORK","Manhattan","10010","Sidewalk","Issued","07/18/2025 03:24:09 PM","07/18/2029 11:59:59 PM","40.73927177208","-73.98629095557","2","106","1018008","1008770084","68","MN0602","POINT (-73.986290955574 40.739271772083)"
"VANESSA'S DUMPLING HOUSE INC","VANESSA'S DUMPLING HOUSE","310 BEDFORD AVENUE","BROOKLYN","Brooklyn","11249","Sidewalk","Issued","05/08/2026 04:21:28 PM","05/08/2030 11:59:59 PM","40.71374813306","-73.96178526135","34","301","3062939","3024057503","551","BK0102","POINT (-73.961785261348 40.713748133062)"
"SAINT ELLIE LLC","MINNOWS BAR","167 NASSAU AVENUE","BROOKLYN","Brooklyn","11222","Sidewalk","Issued","08/07/2026 01:34:56 PM","08/07/2030 11:59:59 PM","40.72520141601","-73.94647425962","33","301","3066333","3026520033","571","BK0101","POINT (-73.946474259616 40.72520141601)"
"SNOWDAY LLC","SKYLARK","477 5 AVENUE","BROOKLYN","Brooklyn","11215","Sidewalk","Issued","04/17/2026 04:02:00 PM","04/17/2030 11:59:59 PM","40.66787491869","-73.98736547288","39","306","3022927","3010230011","139","BK0602","POINT (-73.98736547288 40.66787491869)"
"MVNBC CORP.","BENVENUTO CAFE","189 FRANKLIN STREET","NEW YORK","Manhattan","10013","Sidewalk","Issued","04/17/2026 11:28:53 AM","04/17/2030 11:59:59 PM","40.7193781199","-74.00970420625","1","101","1002072","1001810013","39","MN0102","POINT (-74.009704206252 40.719378119895)"
"1600 AMSTERDAM HARLEM GROUP LLC","FUMO","1600 AMSTERDAM AVENUE","NEW YORK","Manhattan","10031","Roadway","Issued","08/22/2025 03:15:53 PM","08/22/2029 11:59:59 PM","40.82132454481","-73.95047578999","7","109","1079854","1020700036","225","MN0903","POINT (-73.950475789991 40.821324544808)"
"IL PRIMO CAFFE INC","IL PRIMO CAFFE","63-55 ALDERTON STREET","REGO PARK","Queens","11374","Sidewalk","Issued","08/07/2026 01:22:49 PM","08/07/2030 11:59:59 PM","40.72630950793","-73.86524531931","30","406","4072815","4031030060","695","QN0601","POINT (-73.865245319309 40.726309507931)"
"513 RESTAURANT OPERATING CORP","AUNT BERNIE'S","513 3 AVENUE","NEW YORK","Manhattan","10016","Sidewalk","Issued","06/19/2026 10:43:17 AM","06/19/2030 11:59:59 PM","40.74598964412","-73.97791317579","4","106","1020142","1009150004","78","MN0603","POINT (-73.977913175785 40.745989644115)"
"PORCHLIGHT WEST CHELSEA LLC","PORCHLIGHT","271 11 AVENUE","NEW YORK","Manhattan","10001","Sidewalk","Issued","05/29/2026 11:50:26 AM","05/29/2030 11:59:59 PM","40.75173644871","-74.0049410916","3","104",,"1006730001","9902","MN0401","POINT (-74.004941091599 40.75173644871)"
"LAKE FOODS LLC","HILLTOP TAVERN","256 PROSPECT PARK WEST","BROOKLYN","Brooklyn","11215","Sidewalk","Issued","05/29/2026 11:08:58 AM","05/29/2030 11:59:59 PM","40.65895360903","-73.98160039881","39","307","3027212","3011130058","169","BK0701","POINT (-73.981600398814 40.658953609028)"
"SUNSHINE JAVA INC","GREY CAFE","195-19 NORTHERN BOULEVARD","FLUSHING","Queens","11358","Sidewalk","Issued","08/14/2026 12:36:13 PM","08/14/2030 11:59:59 PM","40.75795228957","-73.78641201397","19","411","4121178","4053710005","1181","QN1101","POINT (-73.786412013969 40.757952289569)"
"BOGOTA, LLC","BOGOTA LATIN BISTRO","141 5 AVENUE","BROOKLYN","Brooklyn","11217","Sidewalk","Issued","08/14/2026 11:56:00 AM","08/14/2030 11:59:59 PM","40.67820507204","-73.9792300059","39","306","3019401","3009470011","131","BK0602","POINT (-73.979230005895 40.678205072037)"
"AURORA FG INC","EVELINA'S","211 DEKALB AVENUE","BROOKLYN","Brooklyn","11205","Sidewalk","Issued","07/03/2025 01:19:50 PM","07/03/2029 11:59:59 PM","40.6895364395","-73.97091848975","35","302","3058544","3020910075","183","BK0203","POINT (-73.970918489751 40.689536439495)"
"THE BEER GARAGE LLC","THE BEER GARAGE","412 DOUGLASS STREET","BROOKLYN","Brooklyn","11217","Sidewalk","Issued","05/08/2026 03:33:10 PM","05/08/2030 11:59:59 PM","40.67848237195","-73.97966255411","39","306","3019356","3009460045","131","BK0602","POINT (-73.979662554113 40.678482371945)"
"GUEROS RESTAURANT INC.","GUEROS BROOKLYN","605 PROSPECT PLACE","BROOKLYN","Brooklyn","11238","Sidewalk","Issued","08/28/2026 01:13:02 PM","08/28/2030 11:59:59 PM","40.67510539141","-73.95664497427","35","308","3028679","3011560061","305","BK0802","POINT (-73.956644974267 40.675105391409)"
"YARDBIRD LLC","MAIDEN LANE","162 AVENUE B","NEW YORK","Manhattan","10009","Sidewalk","Issued","09/18/2026 10:15:42 AM","09/18/2030 11:59:59 PM","40.72705934966","-73.97977394968","2","103","1005141","1004040033","34","MN0303","POINT (-73.979773949681 40.727059349657)"
"M&G 60TH STREET LLC","PICCOLA CUCINA UPTOWN","106 EAST   60 STREET","NEW YORK","Manhattan","10022","Roadway","Issued","10/24/2025 03:46:53 PM","10/24/2029 11:59:59 PM","40.76329048962","-73.96878159075","4","108","1041909","1013940169","11402","MN0802","POINT (-73.968781590753 40.763290489621)"
"JAGR LAGUARDIA LLC","JOE COFFEE COMPANY","550 LAGUARDIA PLACE","NEW YORK","Manhattan","10012","Sidewalk","Issued","07/24/2026 01:13:38 PM","07/24/2030 11:59:59 PM","40.72884521806","-73.99829340366","2","102","1084928","1005370020","65","MN0202","POINT (-73.998293403658 40.728845218057)"
"424 AMSTERDAM BB LLC","7TH STREET BURGER","424 AMSTERDAM AVENUE","NEW YORK","Manhattan","10024","Roadway","Issued","04/24/2026 02:12:24 PM","04/24/2030 11:59:59 PM","40.78407035762","-73.97765855595","6","107","1032665","1012280031","167","MN0702","POINT (-73.977658555954 40.784070357619)"
"GOLDEN MONKEY MAGIC INC","WEI'S WILLIAMSBURG","145 BORINQUEN PLACE","BROOKLYN","Brooklyn","11211","Sidewalk","Issued","03/07/2025 08:50:39 AM","03/07/2029 11:59:59 PM","40.71066840785","-73.95404993547","34","301","3063036","3024110017","513","BK0102","POINT (-73.954049935468 40.710668407853)"
"JUST SALAD PARK SLOPE LLC","JUST SALAD","252 7 AVENUE","BROOKLYN","Brooklyn","11215","Sidewalk","Issued","06/12/2026 02:31:46 PM","06/12/2030 11:59:59 PM","40.66939987771","-73.97949951348","39","306","3021291","3009860046","155","BK0602","POINT (-73.979499513475 40.669399877712)"
"LADUREE MADISON LLC","LADUREE","864 MADISON AVENUE","NEW YORK","Manhattan","10021","Sidewalk","Issued","07/21/2026 12:28:56 PM","07/21/2030 11:59:59 PM","40.77083781984","-73.96613168178","4","108","1041327","1013850017","13","MN0802","POINT (-73.966131681782 40.770837819844)"
"VEZZO, INC.","VEZZO","178 LEXINGTON AVENUE","NEW YORK","Manhattan","10016","Sidewalk","Issued","08/07/2026 02:46:37 PM","08/07/2030 11:59:59 PM","40.74440101038","-73.98118695127","2","105","1018335","1008860071","72","MN0603","POINT (-73.981186951273 40.744401010383)"
"HUNGRY GHOST PARK SLOPE LLC","HUNGRY GHOST / IMPASTO","156 7 AVENUE","BROOKLYN","Brooklyn","11215","Sidewalk","Issued","07/21/2026 11:35:36 AM","07/21/2030 11:59:59 PM","40.67222655183","-73.977141003","39","306","3020686","3009660039","157","BK0602","POINT (-73.977141003001 40.672226551831)"
"COZY CORNER CORP","COZY CORNER","60-01 70 AVENUE","RIDGEWOOD","Queens","11385","Roadway","Issued","05/16/2025 03:58:15 PM","05/16/2029 11:59:59 PM","40.70161892992","-73.89857666529","30","405","4084420","4035160052","583","QN0502","POINT (-73.898576665288 40.70161892992)"
"OLIO RESTAURANTS LLC","OLIO E PIU","3 GREENWICH AVENUE","NEW YORK","Manhattan","10014","Roadway","Issued","02/27/2026 01:53:40 PM","02/27/2030 11:59:59 PM","40.73392853517","-73.99963556146","3","102","1010268","1005930013","71","MN0203","POINT (-73.999635561457 40.733928535167)"
"DIDI KAFE INCORPORATED","AROMA CAFE","4331 KATONAH AVENUE","BRONX","Bronx","10470","Sidewalk","Issued","07/02/2026 03:36:33 PM","07/02/2030 11:59:59 PM","40.89977475623","-73.86761252133","11","212","2019250","2033790060","44902","BX1203","POINT (-73.867612521329 40.899774756233)"
"FORMA PASTA LLC","FORMA PASTA FACTORY","14 BEDFORD AVENUE","BROOKLYN","Brooklyn","11222","Sidewalk","Issued","01/09/2026 01:36:01 PM","01/09/2030 11:59:59 PM","40.72368302327","-73.9514361348","33","301","3066049","3026450035","569","BK0101","POINT (-73.951436134798 40.723683023266)"
"AIN JUPITER LLC","LA SIRENE","416 AMSTERDAM AVENUE","NEW YORK","Manhattan","10024","Roadway","Issued","01/02/2026 01:30:51 PM","01/02/2030 11:59:59 PM","40.78372456774","-73.97791144323","6","107","1032636","1012270036","167","MN0702","POINT (-73.977911443232 40.783724567735)"
"MOULINAS LLC","BAR TABAC","128 SMITH STREET","AMITYVILLE",,"11701","Sidewalk","Issued","11/14/2025 12:19:09 PM","11/14/2029 11:59:59 PM","40.6906523745","-73.41365668616","33","302",,,,,"POINT (-73.41365668616 40.6906523745)"
"SEINFELD SQUARED LLC","DIVE 106","938 AMSTERDAM AVENUE","NEW YORK","Manhattan","10025","Roadway","Issued","02/06/2026 11:09:19 AM","02/06/2030 11:59:59 PM","40.80057980034","-73.96561443278","7","107","1056638","1018780030","195","MN0703","POINT (-73.965614432776 40.800579800343)"
"Dessert Palace Bose Inc.","EMMONS PALACE","2267 EMMONS AVE","BROOKLYN","Brooklyn","11235","Roadway","Issued","03/13/2026 02:34:57 PM","03/13/2030 11:59:59 PM","40.58367691384","-73.94451443569","48","315","3342943","3087830064","608","BK1503","POINT (-73.944514435686 40.583676913844)"
"PR HOSPITALITY GROUP LLC","OSTERIA BROOKLYN","460 MYRTLE AVENUE","BROOKLYN","Brooklyn","11205","Roadway","Issued","05/22/2026 10:48:35 AM","05/22/2030 11:59:59 PM","40.69330123369","-73.96709077403","35","302","3054817","3019030027","195","BK0204","POINT (-73.967090774027 40.693301233693)"
"SNN FOOD CORP","ASTORIA TACO FACTORY","28-02 21 STREET","ASTORIA","Queens","11102","Sidewalk","Issued","08/14/2026 11:23:47 AM","08/14/2030 11:59:59 PM","40.77103911814","-73.92689821436","22","401","4006068","4005380041","83","QN0102","POINT (-73.926898214358 40.771039118137)"
"NANCE CORP","CAFFE CAFE","8401 3 AVENUE","BROOKLYN","Brooklyn","11209","Sidewalk","Issued","06/05/2026 04:27:58 PM","06/05/2030 11:59:59 PM","40.62489927827","-74.03045816816","47","310","3152747","3060250010","62","BK1001","POINT (-74.030458168161 40.624899278274)"
"P.E.C. GROUP LTD","PEPOLINO","281 WEST BROADWAY","NEW YORK","Manhattan","10013","Sidewalk","Issued","08/07/2026 01:50:08 PM","08/07/2030 11:59:59 PM","40.72099234896","-74.00490272748","1","101","1002726","1002110016","33","MN0102","POINT (-74.004902727484 40.720992348962)"
"BRANDED CATTLE SALOON INC","BRANDED SALOON","603 VANDERBILT AVENUE","BROOKLYN","Brooklyn","11238","Sidewalk","Issued","02/27/2026 01:23:42 PM","02/27/2030 11:59:59 PM","40.67927851187","-73.96826224357","35","308","3028200","3011450013","205","BK0801","POINT (-73.968262243572 40.679278511872)"
"207 WEST RESTAURANT CORP","YUMMY THAI","4959 BROADWAY","NEW YORK","Manhattan","10034","Sidewalk","Issued","07/31/2026 03:07:29 PM","07/31/2030 11:59:59 PM","40.86795437014","-73.9203157172","10","112","1064994","1022420055","303","MN1203","POINT (-73.920315717202 40.867954370143)"
"KITH TREATS LLC","KITH","337 LAFAYETTE STREET","NEW YORK","Manhattan","10012","Sidewalk","Issued","08/07/2026 01:25:12 PM","08/07/2030 11:59:59 PM","40.72597133378","-73.99460262663","2","102","1008452","1005290065","5502","MN0202","POINT (-73.99460262663 40.725971333779)"
"D & S DINING GROUP, LLC","SALUMERIA ROSI","283 AMSTERDAM AVENUE","NEW YORK","Manhattan","10023","Sidewalk","Issued","07/31/2026 01:46:43 PM","07/31/2030 11:59:59 PM","40.7794734955","-73.98098563266","6","107","1030007","1011450001","157","MN0701","POINT (-73.980985632664 40.779473495502)"
"449 RESTAURANT CORP","MEZE MAZI","449 THIRD AVENUE","NEW YORK","Manhattan","10016","Roadway","Issued","05/15/2026 12:37:46 PM","05/15/2030 11:59:59 PM","40.74372003222","-73.97956677746","2","106","1082148","1009110061","7002","MN0603","POINT (-73.979566777464 40.743720032216)"
"CRISPY DUCK AND NICE WINE LLC","TOLO","28 CANAL STREET","NEW YORK","Manhattan","10002","Sidewalk","Issued","02/20/2026 03:14:26 PM","02/20/2030 11:59:59 PM","40.71445950953","-73.99046605311","1","103","1003600","1002830074","6","MN0301","POINT (-73.99046605311 40.714459509526)"
"MALU BAK, LLC","MADMAN ESPRESSO & BAKERY","332 BLEECKER STREET","NEW YORK","Manhattan","10014","Roadway","Issued","02/06/2026 12:23:41 PM","02/06/2030 11:59:59 PM","40.73352222805","-74.00435158606","3","102","1011145","1006190033","73","MN0203","POINT (-74.004351586061 40.733522228047)"
"TALEA BEER INC.","TALEA BEER CO.","87 RICHARDSON STREET","BROOKLYN","Brooklyn","11211","Sidewalk","Issued","07/24/2026 03:23:17 PM","07/24/2030 11:59:59 PM","40.71846659757","-73.9483086728","33","301","3067904","3027230001","499","BK0101","POINT (-73.948308672801 40.71846659757)"
"AELE LLC","YVES","385 GREENWICH STREET","NEW YORK","Manhattan","10013","Sidewalk","Issued","04/10/2026 01:10:40 PM","04/10/2030 11:59:59 PM","40.7202042559","-74.01015527157","1","101","1002123","1001880009","39","MN0102","POINT (-74.010155271571 40.720204255897)"
"GRAND ASTORIA INC","THE GRAND","37-01 30 AVENUE","ASTORIA","Queens","11103","Roadway","Issued","08/07/2026 02:14:45 PM","08/07/2030 11:59:59 PM","40.76458730531","-73.91646167624","22","401","4430956","4006610047","6502","QN0103","POINT (-73.91646167624 40.764587305306)"
"RICO BAGEL INC.","RICO BAGEL","238 MADISON AVENUE","NEW YORK","Manhattan","10016","Sidewalk","Issued","03/06/2026 10:55:23 AM","03/06/2030 11:59:59 PM","40.74993997085","-73.98138027636","4","105","1017195","1008670016","82","MN0502","POINT (-73.981380276359 40.749939970848)"
"IL BUCO CORP","IL BUCO","47 BOND STREET","NEW YORK","Manhattan","10012","Sidewalk","Issued","04/03/2026 11:16:50 AM","04/03/2030 11:59:59 PM","40.7260206459","-73.99288527527","2","102","1008434","1005297506","5502","MN0202","POINT (-73.992885275269 40.726020645904)"
"DONIZETTI, LLC","5 NAPKIN BURGER","2315 BROADWAY","NEW YORK","Manhattan","10024","Sidewalk","Issued","06/12/2026 01:40:22 PM","06/12/2030 11:59:59 PM","40.78689471719","-73.97770816114","6","107","1032791","1012310055","171","MN0702","POINT (-73.977708161141 40.786894717189)"
"VARIETY CAFE INC","VARIETY COFFEE ROASTERS","142 DRIGGS AVENUE","BROOKLYN","Brooklyn","11222","Roadway","Issued","10/03/2025 01:50:22 PM","10/03/2029 11:59:59 PM","40.72307866892","-73.94428608905","33","301","3067073","3026860045","591","BK0101","POINT (-73.944286089047 40.72307866892)"
"AMGP RESTAURANT CORP.","YIASOU / NEXT DOOR","2003 EMMONS AVENUE","BROOKLYN","Brooklyn","11235","Sidewalk","Issued","06/12/2026 03:10:09 PM","06/12/2030 11:59:59 PM","40.58368680422","-73.94804257873","48","315","3427247","3087780052","608","BK1503","POINT (-73.948042578732 40.583686804222)"
"MOREISH HOSPITALITY INC","FOSSETTA","198 ALLEN STREET","NEW YORK","Manhattan","10002","Sidewalk","Issued","07/03/2026 04:51:52 PM","07/03/2030 11:59:59 PM","40.7224631037","-73.98881619431","1","103","1005559","1004170076","3001","MN0302","POINT (-73.988816194309 40.722463103703)"
"NO SKIM MILK CORP","PEPE ROSSO TO GO","130 WEST HOUSTON STREET","NEW YORK","Manhattan","10012","Sidewalk","Issued","06/19/2026 11:57:21 AM","06/19/2030 11:59:59 PM","40.72771712224","-74.00149730538","2","102","1008334","1005260075","65","MN0202","POINT (-74.001497305383 40.727717122239)"
"HARMONY DEKALB INC","FAT RABBIT","245 DEKALB AVENUE","BROOKLYN","Brooklyn","11205","Sidewalk","Issued","04/17/2026 02:16:30 PM","04/17/2030 11:59:59 PM","40.68948115368","-73.96941846452","35","302","3058586","3020920065","183","BK0203","POINT (-73.969418464523 40.689481153675)"
"SAPPARO UPPER WEST SIDE INC","SAPPS UWS","2888 BROADWAY","NEW YORK","Manhattan","10025","Sidewalk","Issued","08/14/2026 01:59:54 PM","08/14/2030 11:59:59 PM","40.80570971735","-73.9655612015","7","109","1056989","1018840001","199","MN0901","POINT (-73.965561201504 40.805709717354)"
"VESELKA ENTERPRISES, LTD.","VESELKA","144 SECOND AVENUE","NEW YORK","Manhattan","10003","Roadway","Issued","08/07/2026 02:45:28 PM","08/07/2030 11:59:59 PM","40.72908606744","-73.98730331007","2","103","1006363","1004500008","38","MN0303","POINT (-73.987303310071 40.729086067436)"
"DINER24NYC LLC","DINER 24","283 3 AVENUE","NEW YORK","Manhattan","10010","Sidewalk","Issued","05/22/2026 09:23:16 AM","05/22/2030 11:59:59 PM","40.73825584911","-73.98354867675","2","106","1082130","1009030001","64","MN0602","POINT (-73.983548676751 40.738255849112)"
"JAGR HICKS ST LLC","JOE COFFEE COMPANY","102 HICKS STREET","BROOKLYN","Brooklyn","11201","Sidewalk","Issued","07/21/2026 12:54:57 PM","07/21/2030 11:59:59 PM","40.69862792679","-73.99425502953","33","302","3001680","3002250020","1","BK0201","POINT (-73.994255029531 40.698627926789)"
"MANGIA RESTAURANT CORP.","OVELIA","34-01 30 AVENUE","ASTORIA","Queens","11103","Sidewalk","Issued","08/21/2026 11:44:14 AM","08/21/2030 11:59:59 PM","40.76571437758","-73.91886092886","22","401","4009182","4006280048","6501","QN0103","POINT (-73.918860928862 40.765714377578)"
"NRK CAFE INC","LELABAR","422 HUDSON STREET","NEW YORK","Manhattan","10014","Sidewalk","Issued","06/18/2025 03:35:26 PM","06/18/2029 11:59:59 PM","40.73047816459","-74.0068012965","3","102","1009774","1005830002","67","MN0203","POINT (-74.006801296496 40.730478164589)"
"BABKAFE INC","LA FARINE PATISSERIE ET CAFE","2394 BROADWAY","NEW YORK","Manhattan","10024","Sidewalk","Issued","08/28/2026 01:29:09 PM","08/28/2030 11:59:59 PM","40.78938103523","-73.97560914883","6","107","1080398","1012350042","175","MN0702","POINT (-73.975609148834 40.789381035232)"
"CANTALOUPE, LLC","LOVELY DAY","196 ELIZABETH STREET","NEW YORK","Manhattan","10012","Roadway","Issued","03/13/2026 02:58:35 PM","03/13/2030 11:59:59 PM","40.72184045419","-73.99448391017","1","102","1007390","1004920004","43","MN0201","POINT (-73.994483910165 40.721840454189)"
"1000 MADISON, LLC","SANT AMBROEUS","1000 MADISON AVENUE","NEW YORK","Manhattan","10075","Roadway","Issued","03/27/2026 10:34:54 AM","03/27/2030 11:59:59 PM","40.77531625055","-73.96286545451","4","108","1041835","1013920056","142","MN0802","POINT (-73.962865454507 40.775316250548)"
"CAFE BENCH, INC.","CAFE BENCH","194-09 NORTHERN BOULEVARD","FLUSHING","Queens","11358","Sidewalk","Issued","04/17/2026 12:15:53 PM","04/17/2030 11:59:59 PM","40.75791023687","-73.78741562294","19","411","4121140","4053700002","1181","QN1101","POINT (-73.78741562294 40.757910236865)"
"GREENVALE EMOJI BURGER INC","EMOJI BURGER","36-20 30 AVENUE","ASTORIA","Queens","11103","Sidewalk","Issued","12/19/2024 10:17:56 AM","12/19/2028 11:59:59 PM","40.76489522562","-73.91716162624","22","401","4010016","4006510049","63","QN0103","POINT (-73.917161626239 40.76489522562)"
"THE CRYSTAL ROOM LP","BLUE RIBBON BRASSERIE","97 SULLIVAN STREET","NEW YORK","Manhattan","10012","Sidewalk","Issued","02/27/2026 01:21:00 PM","02/27/2030 11:59:59 PM","40.72552402101","-74.00313521782","1","102","1007775","1005030001","49","MN0201","POINT (-74.003135217816 40.725524021007)"
"DONDREMPIRE LLC","LIBRAE BAKERY","35 COOPER SQUARE","NEW YORK","Manhattan","10003","Sidewalk","Issued","04/03/2026 11:43:51 AM","04/03/2030 11:59:59 PM","40.72816416764","-73.99089704355","2","103","1090311","1004610006","38","MN0303","POINT (-73.990897043545 40.728164167641)"
"AV 7TH AVE, LLC","ALL'ANTICO VINAIO","89 7 AVENUE SOUTH","NEW YORK","Manhattan","10014","Sidewalk","Issued","06/25/2026 08:00:16 AM","06/25/2030 11:59:59 PM","40.73270432308","-74.00330514404","3","102","1010189","1005910033","73","MN0203","POINT (-74.003305144043 40.732704323079)"
"MERMAID CHELSEA LLC","THE MERMAID INN","227 10 AVENUE","NEW YORK","Manhattan","10011","Roadway","Issued","04/24/2026 03:23:49 PM","04/24/2030 11:59:59 PM","40.74799537791","-74.00395192863","3","104","1012355","1006957501","9901","MN0401","POINT (-74.003951928631 40.747995377906)"
"125 HOSPITALITY LLC","GROOVE","125 MACDOUGAL STREET","NEW YORK","Manhattan","10012","Sidewalk","Issued","08/21/2026 10:48:22 AM","08/21/2030 11:59:59 PM","40.73046464235","-74.0001010272","2","102","1008764","1005430060","65","MN0202","POINT (-74.000101027195 40.73046464235)"
"OFFICINA 1397 LLC","BAR PISELLINO","92 7 AVENUE SOUTH","NEW YORK","Manhattan","10014","Sidewalk","Issued","03/27/2026 06:49:00 AM","03/27/2030 11:59:59 PM","40.73278117701","-74.00328710667","3","102","1010183","1005910010","73","MN0203","POINT (-74.00328710667 40.732781177012)"
"VEGG 58TH LLC","MASSERIA DEI VINI","889 9 AVENUE","NEW YORK","Manhattan","10019","Roadway","Issued","05/09/2025 09:26:41 AM","05/09/2029 11:59:59 PM","40.76831397189","-73.98543295359","6","104","1026889","1010670033","139","MN0402","POINT (-73.985432953589 40.768313971894)"
"INWOOD FARMS, LLC","THE INWOOD FARM","600 WEST  218 STREET","NEW YORK","Manhattan","10034","Sidewalk","Issued","06/25/2026 09:07:39 AM","06/25/2030 11:59:59 PM","40.87288513016","-73.91815834069","10","112","1065082","1022500058","307","MN1203","POINT (-73.918158340694 40.872885130156)"
"WHITE WALKER LLC","FRENCHETTE","241 WEST BROADWAY","NEW YORK","Manhattan","10013","Sidewalk","Issued","02/13/2026 03:41:48 PM","02/13/2030 11:59:59 PM","40.7197379439","-74.00588749086","1","101","1002180","1001910015","33","MN0102","POINT (-74.005887490861 40.719737943896)"
"THE ALCOVE RESTAURANT INC","THE ALCOVE","41-11 49 STREET","SUNNYSIDE","Queens","11104","Sidewalk","Issued","01/09/2026 01:47:52 PM","01/09/2030 11:59:59 PM","40.74591932256","-73.91528339246","26","402","4001158","4001340025","25301","QN0202","POINT (-73.915283392457 40.745919322558)"
"ANOTHER TRANSFORMATION LLC","DILLY DALLY","626 VANDERBILT AVENUE","BROOKLYN","Brooklyn","11238","Roadway","Issued","09/18/2026 09:22:58 AM","09/18/2030 11:59:59 PM","40.67743146663","-73.96895172567","35","308","3028740","3011580045","163","BK0801","POINT (-73.968951725668 40.677431466628)"
"RAANANA LLC","JACK'S WIFE FREDA","72 UNIVERSITY PLACE","NEW YORK","Manhattan","10003","Sidewalk","Issued","06/19/2026 11:18:04 AM","06/19/2030 11:59:59 PM","40.73312413461","-73.99348348483","2","102","1009262","1005680019","61","MN0202","POINT (-73.993483484828 40.733124134612)"
"CALF & BULL INC.","HOME KITCHEN","155 EAST   84 STREET","NEW YORK","Manhattan","10028","Roadway","Issued","05/23/2025 11:59:08 AM","05/23/2029 11:59:59 PM","40.77796526829","-73.95602891978","4","108","1047700","1015130124","14801","MN0802","POINT (-73.956028919778 40.777965268287)"
"ZAGAYA LLC","ZAGAYA","465 16 STREET","BROOKLYN","Brooklyn","11215","Sidewalk","Issued","04/03/2026 04:04:19 PM","04/03/2030 11:59:59 PM","40.66035047946","-73.98026641837","39","307","3026729","3011060001","169","BK0701","POINT (-73.980266418373 40.66035047946)"
"IOM 92 SECOND AVE, LLC","BAR SNACK","92 2 AVENUE","NEW YORK","Manhattan","10003","Sidewalk","Issued","04/17/2026 11:21:10 AM","04/17/2030 11:59:59 PM","40.72698647931","-73.98881904018","2","103","1006223","1004470003","38","MN0303","POINT (-73.988819040181 40.726986479307)"
"LEAHLALA, LLC.","ABILENE","442 COURT STREET","BROOKLYN","Brooklyn","11231","Roadway","Issued","05/02/2025 02:20:56 PM","05/02/2029 11:59:59 PM","40.6789260592","-73.99756280711","39","306","3005293","3003660030","65","BK0601","POINT (-73.997562807106 40.6789260592)"
"ABAITA 49 EAST LLC","ABAITA","145 EAST   49 STREET","NEW YORK","Manhattan","10017","Roadway","Issued","03/13/2026 01:26:45 PM","03/13/2030 11:59:59 PM","40.75563350381","-73.97225029671","4","106","1036443","1013040026","1","MN0604","POINT (-73.97225029671 40.755633503809)"
"FIDDLESTICKS LLC","FIDDLESTICKS","54 GREENWICH AVENUE","NEW YORK","Manhattan","10011","Sidewalk","Issued","05/15/2026 09:50:13 AM","05/15/2030 11:59:59 PM","40.73575105766","-74.00060981985","3","102","1083537","1006060022","71","MN0203","POINT (-74.00060981985 40.735751057655)"
"OPERATION CRAFT I, LLC","THE GREATS OF CRAFT","983 1 AVENUE","NEW YORK","Manhattan","10022","Sidewalk","Issued","02/13/2026 03:33:18 PM","02/13/2030 11:59:59 PM","40.75628459062","-73.96440293157","4","106","1071924","1013467503","98","MN0604","POINT (-73.964402931569 40.756284590616)"
"MACC HOSPITALITY LLC","THE DRUNKEN MUNKEY","338 EAST   92 STREET","NEW YORK","Manhattan","10128","Sidewalk","Issued","07/02/2026 04:33:23 PM","07/02/2030 11:59:59 PM","40.78125285726","-73.94796726213","5","108","1050223","1015540035","15402","MN0803","POINT (-73.947967262133 40.781252857262)"
"RODA 18 REST CORP.","DON GIOVANNI","214 10 AVENUE","NEW YORK","Manhattan","10011","Sidewalk","Issued","08/07/2026 11:03:14 AM","08/07/2030 11:59:59 PM","40.74740249467","-74.00435971428","3","104","1078456","1007200082","93","MN0401","POINT (-74.004359714281 40.747402494668)"
"FLORA & JASPER INC.","THE TEN BELLS","247 BROOME STREET","NEW YORK","Manhattan","10002","Roadway","Issued","08/28/2026 12:57:16 PM","08/28/2030 11:59:59 PM","40.71796177167","-73.98974406326","1","103","1005276","1004080013","18","MN0302","POINT (-73.989744063259 40.717961771669)"
"BEAN HOUSE 1 INC","BEAN HOUSE","161-01 29 AVENUE","FLUSHING","Queens","11358","Sidewalk","Issued","04/03/2026 09:57:35 AM","04/03/2030 11:59:59 PM","40.77118215349","-73.80335967278","19","407","4110690","4048890063","1059","QN0704","POINT (-73.803359672781 40.771182153487)"
"KHOTR RWY THAII INC","LER LERS","417 TOMPKINS AVENUE","BROOKLYN","Brooklyn","11216","Sidewalk","Issued","07/24/2026 01:34:32 PM","07/24/2030 11:59:59 PM","40.68312282144","-73.94385809066","36","303","3322570","3018400010","267","BK0301","POINT (-73.943858090664 40.683122821438)"
"IL POSTO TRATTORIA RUSTICA CORP","TABU","227 DYCKMAN STREET","NEW YORK","Manhattan","10034","Sidewalk","Issued","08/21/2026 01:43:06 PM","08/21/2030 11:59:59 PM","40.86582104524","-73.92759987578","10","112","1064934","1022370001","295","MN1203","POINT (-73.927599875782 40.865821045241)"
"JUICE GENERATION INC","JUICE GENERATION","28 EAST   18 STREET","NEW YORK","Manhattan","10003","Sidewalk","Issued","07/31/2026 01:20:56 PM","07/31/2030 11:59:59 PM","40.73768841895","-73.98991061496","2","105","1016133","1008460052","52","MN0501","POINT (-73.98991061496 40.737688418945)"
"SCANDINAVIAN MARKET LLC","BJORK CAFE & BISTRO","58 PARK AVENUE","NEW YORK","Manhattan","10016","Sidewalk","Issued","05/29/2026 10:23:55 AM","05/29/2030 11:59:59 PM","40.74929192904","-73.97973830047","4","106","1017208","1008670037","82","MN0502","POINT (-73.979738300466 40.749291929041)"
"SAMMYLIN COFFEE INC","SAMMY L COFFEE","83 3 AVENUE","NEW YORK","Manhattan","10003","Sidewalk","Issued","01/07/2026 11:39:14 AM","01/07/2030 11:59:59 PM","40.73180897535","-73.9882481343","2","103","1006826","1004670001","4002","MN0303","POINT (-73.988248134302 40.73180897535)"
"HUDSON CORNER LLC","L'ARTUSI / VIA PORTA","522 HUDSON STREET","NEW YORK","Manhattan","10014","Roadway","Issued","07/03/2025 01:12:54 PM","07/03/2029 11:59:59 PM","40.73390091747","-74.00625679377","3","102","1011183","1006200001","73","MN0203","POINT (-74.006256793766 40.733900917469)"
"IOTA 244 CORP","BARFLY","244 3 AVENUE","NEW YORK","Manhattan","10010","Sidewalk","Issued","09/25/2026 09:12:11 AM","09/25/2030 11:59:59 PM","40.73698515569","-73.98449801895","2","106","1076149","1008767502","5","MN0602","POINT (-73.98449801895 40.736985155694)"
"TIME CAFE LLC","TIME AGAIN","105 CANAL STREET","NEW YORK","Manhattan","10002","Sidewalk","Issued","02/13/2026 03:28:38 PM","02/13/2030 11:59:59 PM","40.71558236637","-73.99413812876","1","103","1081956","1003010001","16","MN0301","POINT (-73.994138128762 40.715582366372)"
"SOOTHR LIMITED","SOOTHR","204 EAST   13 STREET","NEW YORK","Manhattan","10003","Sidewalk","Issued","05/15/2026 01:29:31 PM","05/15/2030 11:59:59 PM","40.73242095559","-73.98728823931","2","103","1006853","1004680011","4002","MN0303","POINT (-73.987288239306 40.732420955586)"
"LOS ANDES GROUP LLC","KAUSA","745 9 AVENUE","NEW YORK","Manhattan","10019","Sidewalk","Issued","05/29/2026 11:21:00 AM","05/29/2030 11:59:59 PM","40.76383560932","-73.98908230196","3","104",,,"133","MN0402","POINT (-73.989082301962 40.763835609315)"
"SWEETGREEN NEW YORK LLC","SWEETGREEN","101 UNIVERSITY PLACE","NEW YORK","Manhattan","10003","Roadway","Issued","02/06/2026 01:08:26 PM","02/06/2030 11:59:59 PM","40.7340024126","-73.99270761272","2","102","1009195","1005640001","61","MN0202","POINT (-73.992707612722 40.7340024126)"
"LAIT CRU LLC","GLACE BY NOGLU","1266 MADISON AVENUE","NEW YORK","Manhattan","10128","Roadway","Issued","06/12/2026 03:37:56 PM","06/12/2030 11:59:59 PM","40.78375969968","-73.956703949","4","108","1046983","1015020017","15002","MN0802","POINT (-73.956703949001 40.783759699676)"
"HART BAR INC","HART BAR","538 HART STREET","BROOKLYN","Brooklyn","11221","Roadway","Issued","05/16/2025 03:51:59 PM","05/16/2029 11:59:59 PM","40.69653157336","-73.92986884733","34","304","3073373","3032260009","393","BK0401","POINT (-73.929868847333 40.696531573356)"
"68 PERRY STREET CORP.","CORNER BISTRO","331 WEST    4 STREET","NEW YORK","Manhattan","10014","Sidewalk","Issued","07/30/2026 01:20:25 PM","07/30/2030 11:59:59 PM","40.73792484731","-74.00386111603","3","102","1011036","1006150060","77","MN0203","POINT (-74.003861116033 40.737924847314)"
"PAINT 367 LLC","BAR MADONNA","367 METROPOLITAN AVENUE","BROOKLYN","Brooklyn","11211","Sidewalk","Issued","10/17/2025 03:45:35 PM","10/17/2029 11:59:59 PM","40.71408907046","-73.95577903608","34","301","3062351","3023460025","519","BK0102","POINT (-73.955779036083 40.714089070456)"
"R & S CAFE INC","MOSAIC","25-19 24 AVENUE","ASTORIA","Queens","11102","Sidewalk","Issued","06/26/2026 01:47:24 PM","06/26/2030 11:59:59 PM","40.77479683743","-73.9189436934","22","401","4018750","4008640074","97","QN0101","POINT (-73.918943693398 40.774796837433)"
"AUNT PAUL, INC.","TIA POL","205 10 AVENUE","NEW YORK","Manhattan","10011","Sidewalk","Issued","09/04/2026 10:42:12 AM","09/04/2030 11:59:59 PM","40.74717741694","-74.00454736868","3","104","1012332","1006940032","9901","MN0401","POINT (-74.004547368678 40.747177416939)"
"TA LADADIKA RESTAURANT CORP","STAMATIS","29-09 23 AVENUE","ASTORIA","Queens","11105","Roadway","Issued","07/30/2026 01:30:24 PM","07/30/2030 11:59:59 PM","40.77495220597","-73.91369378493","22","401","4548751","4008440004","115","QN0101","POINT (-73.913693784929 40.774952205972)"
"LATTE 229 LLC","GELATERIA GENTILE","229 ELIZABETH STREET","NEW YORK","Manhattan","10012","Roadway","Issued","03/20/2026 12:40:40 PM","03/20/2030 11:59:59 PM","40.72307283126","-73.99401841287","1","102","1007909","1005080046","43","MN0201","POINT (-73.994018412871 40.723072831261)"
"MUGATU INC","BAR BRUNO","560 MANHATTAN AVENUE","BROOKLYN","Brooklyn","11222","Sidewalk","Issued","03/07/2025 08:46:59 AM","03/07/2029 11:59:59 PM","40.72241432105","-73.94999399199","33","301","3066749","3026800031","569","BK0101","POINT (-73.94999399199 40.722414321054)"
"335 SFD CORP","SUNFLOWER GRAMERCY","335 3 AVENUE","NEW YORK","Manhattan","10010","Sidewalk","Issued","05/15/2026 01:30:22 PM","05/15/2030 11:59:59 PM","40.73991625177","-73.98234298344","2","106","1019809","1009050057","66","MN0603","POINT (-73.982342983442 40.739916251769)"
"MOTORINO BROADWAY INC.","MOTORINO","139 BROADWAY","BROOKLYN","Brooklyn","11211","Sidewalk","Issued","03/13/2026 03:09:47 PM","03/13/2030 11:59:59 PM","40.71038912727","-73.96360513438","34","301","3063565","3024570044","549","BK0102","POINT (-73.963605134382 40.710389127269)"
"TASTE COLLECTION LLC","JUICERY HARLEM","370 LENOX AVENUE","NEW YORK","Manhattan","10027","Sidewalk","Issued","07/21/2026 12:54:17 PM","07/21/2030 11:59:59 PM","40.81003783495","-73.94381203453","9","110","1053712","1017267503","208","MN1002","POINT (-73.943812034529 40.810037834945)"
"Greenwich BBQ LLC","MIGHTY QUINN'S BARBEQUE","75 GREENWICH AVENUE","NEW YORK","Manhattan","10014","Sidewalk","Issued","05/29/2026 11:36:49 AM","05/29/2030 11:59:59 PM","40.7367117204","-74.00120161508","3","102","1010989","1006140061","77","MN0203","POINT (-74.001201615083 40.736711720398)"
"VIVA MEXICO LLC","VIVA MEXICO","1474 86 STREET","BROOKLYN","Brooklyn","11228","Sidewalk","Issued","07/20/2026 02:58:57 PM","07/20/2030 11:59:59 PM","40.61165656517","-74.00995501012","50","311","3166105","3063590036","17","BK1102","POINT (-74.009955010123 40.611656565165)"
"MP SYNDICATE 1 LLC","MAISON PREMIERE","298 BEDFORD AVENUE","BROOKLYN","Brooklyn","11249","Roadway","Issued","07/18/2025 03:20:38 PM","07/18/2029 11:59:59 PM","40.71419817737","-73.96149281665","34","301","3062777","3023920029","551","BK0102","POINT (-73.961492816654 40.714198177366)"
"CAGLIOSTRO LLC","LIAR LIAR","285 NEVINS STREET","BROOKLYN","Brooklyn","11217","Roadway","Issued","08/28/2026 08:44:47 AM","08/28/2030 11:59:59 PM","40.67963899103","-73.9870135162","39","306","3007191","3004330010","11901","BK0601","POINT (-73.987013516201 40.679638991034)"
"CINQUE RESTAURANT INC","OSTERIA BAROCCA","133 MULBERRY STREET","NEW YORK","Manhattan","10013","Sidewalk","Issued","07/31/2026 01:36:12 PM","07/31/2030 11:59:59 PM","40.71844803229","-73.99775976667","1","102","1003081","1002367503","41","MN0201","POINT (-73.997759766673 40.718448032288)"
"RADIO BAKERY 2 LLC","RADIO BAKERY","186 UNDERHILL AVE","BROOKLYN","Brooklyn","11238","Sidewalk","Issued","08/21/2026 11:52:46 AM","08/21/2030 11:59:59 PM","40.67494957146","-73.96675016982","35","308","3029344","3011710056","207","BK0801","POINT (-73.966750169822 40.674949571456)"
"POINT GREEN CAFE, INC","LE GAMIN","108 FRANKLIN STREET","BROOKLYN","Brooklyn","11222","Roadway","Issued","01/02/2026 02:58:28 PM","01/02/2030 11:59:59 PM","40.72828559288","-73.95732101745","33","301","3064949","3025690008","561","BK0101","POINT (-73.957321017451 40.728285592878)"
"LA PETIT AMELIE LLC","AMELIE WINE BAR","566 AMSTERDAM AVENUE","NEW YORK","Manhattan","10024","Roadway","Issued","06/12/2026 03:29:25 PM","06/12/2030 11:59:59 PM","40.78861497342","-73.97434187206","6","107","1033211","1012350032","175","MN0702","POINT (-73.974341872062 40.788614973424)"
"SPEAK INTEGRATED CORP.","BOCCA DI BACCO","167 9 AVENUE","NEW YORK","Manhattan","10011","Roadway","Issued","07/29/2026 02:48:32 PM","07/29/2030 11:59:59 PM","40.74448760634","-74.00279687928","3","104","1012580","1007170043","89","MN0401","POINT (-74.002796879278 40.74448760634)"
"STICAZZI LLC","FIGO IL GELATO ITALIANO","29-02 23 AVENUE","ASTORIA","Queens","11105","Sidewalk","Issued","07/02/2026 04:37:34 PM","07/02/2030 11:59:59 PM","40.77494124324","-73.9137154624","22","401","4017497","4008420064","115","QN0101","POINT (-73.913715462402 40.774941243244)"
"ARUGULA NYC, LLC","RUCOLA","190 DEAN STREET","BROOKLYN","Brooklyn","11217","Roadway","Issued","07/03/2025 01:22:58 PM","07/03/2029 11:59:59 PM","40.68577344604","-73.98602075307","33","302","3001325","3001950032","41","BK0202","POINT (-73.986020753074 40.68577344604)"
"BEST MR. Q BBQ INC","MR. Q BBQ","802 56 STREET","BROOKLYN","Brooklyn","11220","Roadway","Issued","06/18/2025 03:36:31 PM","06/18/2029 11:59:59 PM","40.63752363558","-74.00684943498","43","312","3139848","3056860010","10402","BK1201","POINT (-74.006849434975 40.637523635579)"
"PRESTIGE DISTRIBUTION, INC","TETE-A-TETE","2601 EAST   14 STREET","BROOKLYN","Brooklyn","11235","Sidewalk","Issued","03/27/2026 10:44:54 AM","03/27/2030 11:59:59 PM","40.58782898935","-73.95524730116","48","315","3389066","3074590001","606","BK1503","POINT (-73.955247301157 40.587828989353)"
"AV 1123 BROADWAY LLC","ALL'ANTICO VINAIO","1123 BROADWAY","NEW YORK","Manhattan","10010","Sidewalk","Issued","06/12/2026 01:43:12 PM","06/12/2030 11:59:59 PM","40.74324649227","-73.98912304965","3","105","1015618","1008270028","58","MN0501","POINT (-73.989123049646 40.743246492273)"
"BROOKLYN BURGERS LLC","BURGERFI","719 86 STREET","BROOKLYN","Brooklyn","11228","Sidewalk","Issued","05/08/2026 12:24:23 PM","05/08/2030 11:59:59 PM","40.61857460477","-74.02138172527","47","310","3153241","3060370060","14","BK1002","POINT (-74.021381725269 40.618574604774)"
"COTTON BEAN CORPORATION","COTTON BEAN","1077 BERGEN STREET","BROOKLYN","Brooklyn","11216","Sidewalk","Issued","05/08/2026 01:31:14 PM","05/08/2030 11:59:59 PM","40.67613499926","-73.95064170434","36","308","3030337","3012120051","315","BK0802","POINT (-73.950641704337 40.676134999255)"
"PIZZA HOTI LTD","ASAP! PIZZA SPOT","37-05 28 AVENUE","ASTORIA","Queens","11103","Roadway","Issued","04/03/2026 09:34:07 AM","04/03/2030 11:59:59 PM","40.76616457861","-73.91514923942","22","401","4010226","4006530101","6502","QN0103","POINT (-73.91514923942 40.766164578612)"
"CHEF JEMIKO INC.","SENZA GLUTEN BY JEMIKO","626 10 AVENUE","NEW YORK","Manhattan","10036","Sidewalk","Issued","07/20/2026 04:47:41 PM","07/20/2030 11:59:59 PM","40.7612552375","-73.99427126564","3","104","1026399","1010540001","12102","MN0402","POINT (-73.994271265642 40.761255237502)"
"219 MULBERRY LLC","LITTLE RUBY'S","219 MULBERRY STREET","NEW YORK","Manhattan","10012","Roadway","Issued","07/24/2026 01:38:28 PM","07/24/2030 11:59:59 PM","40.72230164275","-73.9961397926","1","102","1007532","1004950038","43","MN0201","POINT (-73.996139792595 40.722301642751)"
"GREEN CANOE HOSPITALITY LLC","LELAND EATING & DRINKING HOUSE","755 DEAN STREET","BROOKLYN","Brooklyn","11238","Sidewalk","Issued","07/30/2026 01:27:16 PM","07/30/2030 11:59:59 PM","40.67961523188","-73.9652047437","35","308","3027668","3011300045","203","BK0801","POINT (-73.965204743703 40.679615231879)"
"FLAGSHIP S B AMSTERDAM NY, LLC","SARAVANA BHAVAN","413 AMSTERDAM AVENUE","NEW YORK","Manhattan","10024","Sidewalk","Issued","07/31/2026 01:50:01 PM","07/31/2030 11:59:59 PM","40.78360929924","-73.9779692577","6","107","1082722","1012107502","165","MN0702","POINT (-73.977969257703 40.783609299236)"
"IL CAFE LATTE INC","IL CAFFE LATTE","189 LENOX AVENUE","NEW YORK","Manhattan","10026","Sidewalk","Issued","03/27/2026 09:00:36 AM","03/27/2030 11:59:59 PM","40.80427311773","-73.94805033719","9","110","1057557","1019040032","22","MN1001","POINT (-73.948050337189 40.804273117728)"
"CHAMA MAMA LLC","CHAMA MAMA","373 AMSTERDAM AVENUE","NEW YORK","Manhattan","10024","Sidewalk","Issued","04/11/2025 02:07:40 PM","04/11/2029 11:59:59 PM","40.78230846548","-73.97892297644","6","107","1030225","1011490061","161","MN0702","POINT (-73.978922976444 40.782308465484)"
"THIRD AVE CAFE LLC","BANC BAR & CAFE","431 3 AVENUE","NEW YORK","Manhattan","10016","Roadway","Issued","06/19/2026 10:44:10 AM","06/19/2030 11:59:59 PM","40.74328641589","-73.97988448636","2","106","1019947","1009110001","7002","MN0603","POINT (-73.979884486356 40.743286415889)"
"136 WEST BROADWAY INC.","EDWARD'S","136 WEST BROADWAY","NEW YORK","Manhattan","10013","Sidewalk","Issued","07/02/2026 04:36:48 PM","07/02/2030 11:59:59 PM","40.71680638872","-74.00821398578","1","101","1001568","1001440029","33","MN0102","POINT (-74.008213985776 40.716806388717)"
"DANTE GROVE ST LLC","DANTE","79 MACDOUGAL STREET","NEW YORK","Manhattan","10012","Sidewalk","Issued","05/22/2026 09:20:42 AM","05/22/2030 11:59:59 PM","40.72877111183","-74.00153340938","2","102","1008305","1005260028","65","MN0202","POINT (-74.001533409377 40.72877111183)"
"PASTA LA VISTA, INC.","PAZZA NOTTE","1375 AVENUE OF THE AMERICAS","NEW YORK","Manhattan","10019","Sidewalk","Issued","06/12/2026 02:52:55 PM","06/12/2030 11:59:59 PM","40.76346276885","-73.97782794109","6","105","1023394","1010080029","137","MN0502","POINT (-73.977827941091 40.763462768851)"
"GREAT PERFORMANCES/ARTISTS AS WAITRESSES, INC.","CLARA","2 WEST   77 STREET","NEW YORK","Manhattan","10024","Sidewalk","Issued","06/19/2026 11:05:18 AM","06/19/2030 11:59:59 PM","40.77958188537","-73.97386513167","6","107","1028816","1011290029","161","MN0702","POINT (-73.973865131668 40.779581885372)"
"BROOME STREET BAR, INC.","KENN'S BROOME STREET BAR","363 WEST BROADWAY","NEW YORK","Manhattan","10013","Sidewalk","Issued","09/02/2026 02:36:20 PM","09/02/2030 11:59:59 PM","40.72311686096","-74.00312428099","1","102","1007063","1004750012","47","MN0201","POINT (-74.003124280993 40.723116860955)"
"662 FULTON ST RESTAURANT CORP","DENIZ","662 FULTON STREET","BROOKLYN","Brooklyn","11217","Sidewalk","Issued","05/15/2026 09:35:37 AM","05/15/2030 11:59:59 PM","40.68674608336","-73.97553866376","35","302","3059249","3021130035","35","BK0203","POINT (-73.975538663755 40.68674608336)"
"THE WOLFE ON AMSTERDAM INC","THE WOLFE","425 AMSTERDAM AVENUE","NEW YORK","Manhattan","10024","Roadway","Issued","05/09/2025 09:34:44 AM","05/09/2029 11:59:59 PM","40.7840483982","-73.97765134129","6","107","1031950","1012110003","165","MN0702","POINT (-73.977651341293 40.784048398195)"
"RED ROOSTER HARLEM LLC","RED ROOSTER HARLEM / GINNY'S SUPPER CLUB","310 LENOX AVENUE","NEW YORK","Manhattan","10027","Sidewalk","Issued","08/14/2026 01:57:32 PM","08/14/2030 11:59:59 PM","40.80815834801","-73.94518631756","9","110","1053528","1017230069","2","MN1001","POINT (-73.945186317561 40.80815834801)"
"158 BEARD STREET BREWING INC","KEG & LANTERN","158 BEARD STREET","BROOKLYN","Brooklyn","11231","Roadway","Issued","06/27/2025 08:03:45 PM","06/27/2029 11:59:59 PM","40.67556811262","-74.01596352771","38","306","3008851","3006030033","5301","BK0601","POINT (-74.015963527707 40.675568112617)"
"BLANK STREET INC.","BLANK STREET COFFEE","276 7 AVENUE","NEW YORK","Manhattan","10001","Sidewalk","Issued","06/19/2026 10:54:30 AM","06/19/2030 11:59:59 PM","40.74585439414","-73.99437725463","3","104","1082532","1007750044","91","MN0401","POINT (-73.994377254632 40.745854394137)"
"9 EAST FIRST STREET LLC","BOWERY MEAT COMPANY","9 EAST    1 STREET","NEW YORK","Manhattan","10003","Sidewalk","Issued","02/07/2025 04:50:13 PM","02/07/2029 11:59:59 PM","40.724642696","-73.99173453548","2","103","1087255","1004560007","3602","MN0303","POINT (-73.991734535477 40.724642695999)"
"THREEFOLD HOLDINGS LLC","THREES BREWING","113 FRANKLIN STREET","BROOKLYN","Brooklyn","11222","Sidewalk","Issued","03/20/2026 01:15:56 PM","03/20/2030 11:59:59 PM","40.72997648066","-73.95762300971","33","301","3337033","3025570024","565","BK0101","POINT (-73.957623009713 40.729976480659)"
"SOUTH VILLAGE HOSPITALITY GROUP LLC","YESTERDAY'S","157 BLEECKER STREET","NEW YORK","Manhattan","10012","Sidewalk","Issued","09/04/2026 10:10:34 AM","09/04/2030 11:59:59 PM","40.72851585879","-73.99986289569","2","102","1008682","1005390036","65","MN0202","POINT (-73.999862895689 40.728515858786)"
"FLEX AND THE CITY LLC","FLEX MUSSELS","1431 3 AVENUE","NEW YORK","Manhattan","10028","Sidewalk","Issued","07/03/2026 04:48:59 PM","07/03/2030 11:59:59 PM","40.77550061697","-73.9563916099","5","108","1048547","1015260045","138","MN0803","POINT (-73.956391609904 40.775500616967)"
"EE BAR LLC","E'S BAR","511 AMSTERDAM AVENUE","NEW YORK","Manhattan","10024","Roadway","Issued","06/25/2026 08:49:30 AM","06/25/2030 11:59:59 PM","40.78669943547","-73.97571485903","6","107","1032135","1012150063","169","MN0702","POINT (-73.975714859025 40.786699435471)"
"BRANDED CATTLE SALOON INC","BRANDED SALOON","603 VANDERBILT AVENUE","BROOKLYN","Brooklyn","11238","Roadway","Issued","03/13/2026 01:37:51 PM","03/13/2030 11:59:59 PM","40.67927851187","-73.96826224357","35","308","3028200","3011450013","205","BK0801","POINT (-73.968262243572 40.679278511872)"
"TRIBECA GRAND HOTEL, INC","THE ROXY HOTEL / THE DJANGO / PAUL'S COCKTAIL LOUNGE","32 WHITE STREET","NEW YORK","Manhattan","10013","Sidewalk","Issued","08/21/2026 01:48:13 PM","08/21/2030 11:59:59 PM","40.71877184192","-74.00466446992","1","101","1088221","1001910001","33","MN0102","POINT (-74.00466446992 40.71877184192)"
"BL 55 PROSPECT LLC","BLUESTONE LANE","55 PROSPECT STREET","BROOKLYN","Brooklyn","11201","Sidewalk","Issued","05/08/2026 12:15:19 PM","05/08/2030 11:59:59 PM","40.7006970481","-73.98846281659","33","302","3000161","3000630001","21","BK0202","POINT (-73.988462816594 40.700697048095)"
"WEPA LA AREPA LLC","MITI MITI MODERN MEXICAN","138 5 AVENUE","NEW YORK","Manhattan","10011","Roadway","Issued","08/08/2025 02:52:17 PM","08/08/2029 11:59:59 PM","40.73891820221","-73.99150541759","3","105","1015454","1008200046","54","MN0501","POINT (-73.991505417587 40.738918202208)"
"B E F RESTAURANT INC","CASA D' ANGELO","146 MULBERRY STREET","NEW YORK","Manhattan","10013","Sidewalk","Issued","07/24/2026 12:18:43 PM","07/24/2030 11:59:59 PM","40.71885974233","-73.99751083642","1","102","1077452","1002370011","41","MN0201","POINT (-73.997510836423 40.718859742332)"
"CALABRIA RESTAURANT LLC","IL BRIGANTE","214 FRONT STREET","NEW YORK","Manhattan","10038","Roadway","Issued","02/27/2026 01:30:42 PM","02/27/2030 11:59:59 PM","40.70732622211","-74.00253201353","1","101","1086562","1000977504","1501","MN0101","POINT (-74.002532013525 40.707326222106)"
"RUBY'S EAST VILLAGE LLC","RUBY'S CAFE","55 3 AVENUE","NEW YORK","Manhattan","10003","Roadway","Issued","03/27/2026 10:06:02 AM","03/27/2030 11:59:59 PM","40.73098834968","-73.98884001497","2","103","1006807","1004667502","4002","MN0303","POINT (-73.988840014972 40.730988349684)"
"BSWR CORP.","SARABETH'S","423 AMSTERDAM AVENUE","NEW YORK","Manhattan","10024","Sidewalk","Issued","03/27/2026 10:36:17 AM","03/27/2030 11:59:59 PM","40.78400448778","-73.9776802443","6","107","1031949","1012110002","165","MN0702","POINT (-73.977680244302 40.784004487778)"
"WAITERS 0 AND 82 LLC","SISTERS","900 FULTON STREET","BROOKLYN","Brooklyn","11238","Sidewalk","Issued","07/24/2026 02:27:54 PM","07/24/2030 11:59:59 PM","40.68310382646","-73.96515604433","35","302","3399792","3020120032","199","BK0204","POINT (-73.965156044334 40.683103826457)"
"SOTTO LA LUNA INC","SOTTO LA LUNA","34-39 31 STREET","ASTORIA","Queens","11106","Sidewalk","Issued","06/26/2026 02:26:11 PM","06/26/2030 11:59:59 PM","40.75900939296","-73.92776695899","22","401","4008152","4006080005","57","QN0103","POINT (-73.927766958994 40.759009392964)"
"1 PERRY, LLC","ROEY'S","1 PERRY STREET","NEW YORK","Manhattan","10014","Sidewalk","Issued","08/07/2026 01:57:00 PM","08/07/2030 11:59:59 PM","40.7359075077","-74.00084797635","3","102","1010939","1006130061","71","MN0203","POINT (-74.000847976346 40.735907507698)"
"CROWN ALLEY LLC","THE PENROSE","1590 2 AVENUE","NEW YORK","Manhattan","10028","Sidewalk","Issued","05/29/2026 12:13:24 PM","05/29/2030 11:59:59 PM","40.77559824757","-73.95338755191","5","108","1049875","1015450004","138","MN0803","POINT (-73.953387551908 40.775598247569)"
"SOMMIE LLC","NOOK","45 IRVING AVENUE","BROOKLYN","Brooklyn","11237","Roadway","Issued","06/13/2025 09:15:06 AM","06/13/2029 11:59:59 PM","40.70500153215","-73.92488982582","34","304","3072389","3031760001","447","BK0401","POINT (-73.92488982582 40.705001532147)"
"YUCA BAR & RESTAURANT, INC","YUCA BAR & RESTAURANT","111 AVENUE A","NEW YORK","Manhattan","10009","Roadway","Issued","01/02/2026 01:51:02 PM","01/02/2030 11:59:59 PM","40.72614319079","-73.98347591299","2","103","1077644","1004350037","32","MN0303","POINT (-73.983475912993 40.726143190791)"
"Anejo Tribeca LLC","ANEJO TRIBECA","31 WALKER STREET","NEW YORK","Manhattan","10013","Sidewalk","Issued","07/24/2026 12:09:05 PM","07/24/2030 11:59:59 PM","40.71929886102","-74.00404040818","1","101","1079007","1001930025","33","MN0102","POINT (-74.004040408182 40.719298861015)"
"FRENA MEDITERRANEAN LLC","FRENA","773 10 AVENUE","NEW YORK","Manhattan","10019","Sidewalk","Issued","04/04/2025 04:24:26 PM","04/04/2029 11:59:59 PM","40.76608029399","-73.99077992965","3","104","1088297","1010810029","13501","MN0402","POINT (-73.990779929652 40.766080293994)"
"265 LAFAYETTE RISTORANTE LLC","SANT AMBROEUS","265 LAFAYETTE STREET","NEW YORK","Manhattan","10012","Sidewalk","Issued","05/15/2026 01:10:03 PM","05/15/2030 11:59:59 PM","40.7235258231","-73.99659068854","1","102","1007524","1004950011","43","MN0201","POINT (-73.996590688538 40.723525823099)"
"COFFEE AVE CORP","COFFEE AVENUE","34-56 33 STREET","ASTORIA","Queens","11106","Sidewalk","Issued","08/07/2026 12:04:04 PM","08/07/2030 11:59:59 PM","40.75762536438","-73.92671085512","22","401","4008178","4006090001","57","QN0103","POINT (-73.926710855117 40.757625364375)"
"BPC270 LLC","BLACK PRESS COFFEE","274 COLUMBUS AVENUE","NEW YORK","Manhattan","10023","Sidewalk","Issued","05/29/2026 10:11:15 AM","05/29/2030 11:59:59 PM","40.77788658068","-73.9784549913","6","107","1029938","1011440033","157","MN0701","POINT (-73.978454991296 40.777886580684)"
"MG 54 BAR AND LOUNGE INC","MG 54 BAR AND LOUNGE","1546 UNIVERSITY AVENUE","BRONX","Bronx","10452","Sidewalk","Issued","09/04/2026 10:33:06 AM","09/04/2030 11:59:59 PM","40.84588232449","-73.92190367996","14","205","2008785","2028750045","21301","BX0501","POINT (-73.921903679961 40.845882324493)"
"CAVA MEZZE GRILL LLC","CAVA","350 HUDSON STREET","NEW YORK","Manhattan","10014","Sidewalk","Issued","07/24/2026 12:19:38 PM","07/24/2030 11:59:59 PM","40.72754123637","-74.00727363773","3","102","1009750","1005800039","37","MN0201","POINT (-74.007273637731 40.727541236371)"
"ASTORIA CAFE INC","MIMOZA CAFE","30-05 45 STREET","ASTORIA","Queens","11103","Roadway","Issued","04/10/2026 12:14:43 PM","04/10/2030 11:59:59 PM","40.76184401404","-73.91110815394","22","401","4447663","4007140081","151","QN0104","POINT (-73.911108153935 40.761844014039)"
"26th Street Restaurant, LLC","UPLAND","345 PARK AVENUE SOUTH","NEW YORK","Manhattan","10010","Sidewalk","Issued","08/07/2026 02:43:43 PM","08/07/2030 11:59:59 PM","40.74160195535","-73.98531611996","2","105","1018102","1008810001","68","MN0602","POINT (-73.985316119962 40.741601955353)"
"BEERBERRY CORP","TAP BEER","1781 SHEEPSHEAD BAY ROAD","BROOKLYN","Brooklyn","11235","Roadway","Issued","02/13/2026 03:39:17 PM","02/13/2030 11:59:59 PM","40.58417110248","-73.95079273841","48","315","3247051","3087737501","608","BK1503","POINT (-73.950792738413 40.584171102484)"
"ALPHABET CITY BEER CO., LLC","ABC BEER CO.","96 AVENUE C","NEW YORK","Manhattan","10009","Sidewalk","Issued","03/20/2026 11:03:32 AM","03/20/2030 11:59:59 PM","40.72375727086","-73.97907866002","2","103","1004467","1003760004","2602","MN0303","POINT (-73.979078660023 40.723757270856)"
"CARRA LLC","DOG & BONE","338 3 AVENUE","NEW YORK","Manhattan","10010","Sidewalk","Issued","06/19/2026 11:07:34 AM","06/19/2030 11:59:59 PM","40.74002054442","-73.98228882619","2","106","1018080","1008800050","68","MN0602","POINT (-73.982288826192 40.740020544424)"
"BALCONY CAFE INC","1803 NYC / BON COURAGE","78 READE STREET","NEW YORK","Manhattan","10007","Sidewalk","Issued","01/07/2026 11:38:04 AM","01/07/2030 11:59:59 PM","40.71521998879","-74.00707027995","1","101","1001641","1001500012","33","MN0102","POINT (-74.007070279954 40.715219988793)"
"BOTTE CUCINA LLC","BOTTE","1606 1 AVENUE","NEW YORK","Manhattan","10028","Roadway","Issued","03/27/2026 08:04:36 AM","03/27/2030 11:59:59 PM","40.77521006061","-73.95057520745","5","108","1050451","1015630003","13604","MN0803","POINT (-73.950575207453 40.775210060614)"
"FULL-JEEP CORP","PECULIAR PUB","145 BLEECKER STREET","NEW YORK","Manhattan","10012","Roadway","Issued","08/15/2025 03:59:49 PM","08/15/2029 11:59:59 PM","40.72817001527","-73.99915573048","2","102","1008647","1005370034","65","MN0202","POINT (-73.999155730482 40.728170015273)"
"KOSSAR & BEYOND LLC","KOSSAR'S","367 GRAND STREET","NEW YORK","Manhattan","10002","Sidewalk","Issued","06/12/2026 02:33:23 PM","06/12/2030 11:59:59 PM","40.71657832154","-73.9888135782","1","103","1077604","1003110013","1401","MN0302","POINT (-73.988813578204 40.716578321536)"
"FH STATION HOUSE LLC","FOREST HILLS STATION HOUSE","106-11 CONTINENTAL AVENUE","FOREST HILLS","Queens","11375","Sidewalk","Issued","06/26/2026 01:39:54 PM","06/26/2030 11:59:59 PM","40.71978710961","-73.84503469519","29","406","4077473","4032340185","711","QN0602","POINT (-73.845034695191 40.719787109608)"
"TAIKAI INC","MOMOYA","427 AMSTERDAM AVENUE","NEW YORK","Manhattan","10024","Roadway","Issued","06/06/2025 10:15:25 AM","06/06/2029 11:59:59 PM","40.7840923079","-73.97761882721","6","107","1031951","1012110004","165","MN0702","POINT (-73.977618827214 40.7840923079)"
"X-GOLF BROOKLYN, LLC","X-GOLF BROOKLYN","105 NORTH   13 STREET","BROOKLYN","Brooklyn","11249","Sidewalk","Issued","07/31/2026 03:04:32 PM","07/31/2030 11:59:59 PM","40.72250474069","-73.95632901353","33","301","3061527","3022790034","557","BK0102","POINT (-73.956329013525 40.722504740691)"
"2099 8TH AVE REST CORP.","CANTINA TAQUERIA & TEQUILIA BAR","2099 FREDERICK DOUGLASS BOULEVARD","NEW YORK","Manhattan","10026","Sidewalk","Issued","07/24/2026 12:17:12 PM","07/24/2030 11:59:59 PM","40.80274509718","-73.95659763924","9","110","1055812","1018470054","19702","MN1001","POINT (-73.956597639244 40.802745097178)"
"HAS SWEETPEA LLC","HA'S SNACK BAR","297 BROOME STREET","NEW YORK","Manhattan","10002","Roadway","Issued","09/18/2026 09:31:24 AM","09/18/2030 11:59:59 PM","40.71866461623","-73.99206355974","1","103","1005568","1004180042","18","MN0302","POINT (-73.992063559738 40.718664616226)"
"OSTERIA REGINA LLC","OSTERIA REGINA","241 SMITH STREET","BROOKLYN","Brooklyn","11231","Sidewalk","Issued","05/22/2026 10:49:22 AM","05/22/2030 11:59:59 PM","40.6836303873","-73.99254728628","39","306","3006540","3004090001","6902","BK0601","POINT (-73.992547286275 40.683630387301)"
"RUBY'S MIDTOWN, LLC","RUBY'S CAFE","442 3 AVENUE","NEW YORK","Manhattan","10016","Sidewalk","Issued","07/20/2026 04:57:23 PM","07/20/2030 11:59:59 PM","40.74356634987","-73.97970396019","2","106","1018324","1008860048","72","MN0603","POINT (-73.979703960186 40.74356634987)"
"135 STUDIO N ADR, INC.","JULIETTE","135 NORTH    5 STREET","BROOKLYN","Brooklyn","11249","Sidewalk","Issued","06/12/2026 02:30:04 PM","06/12/2030 11:59:59 PM","40.71693942544","-73.95924743677","34","301","3062195","3023350029","553","BK0102","POINT (-73.959247436765 40.716939425444)"
"108 GIGS LLC","MARIAN'S","108 PATCHEN AVENUE","BROOKLYN","Brooklyn","11221","Sidewalk","Issued","11/21/2025 01:21:33 PM","11/21/2029 11:59:59 PM","40.68805124012","-73.92710132621","36","303","3045006","3016420039","385","BK0302","POINT (-73.927101326206 40.688051240119)"
"B M BRAND BAGELS LLC","B & B BAGELS","1370 1 AVENUE","NEW YORK","Manhattan","10021","Sidewalk","Issued","07/20/2026 02:53:13 PM","07/20/2030 11:59:59 PM","40.76866028741","-73.95535637094","5","108","1045866","1014680001","124","MN0801","POINT (-73.955356370937 40.768660287414)"
"QUALITY ROCKETS, INC.","HOTEL DELMANO","82 BERRY STREET","BROOKLYN","Brooklyn","11249","Sidewalk","Issued","02/06/2026 11:17:41 AM","02/06/2030 11:59:59 PM","40.71965626596","-73.95791819913","33","301","3061752","3023100023","557","BK0102","POINT (-73.957918199134 40.719656265957)"
"THE GREY DOG FLATIRON INC","THE GREY DOG","55 WEST   26 STREET","NEW YORK","Manhattan","10010","Sidewalk","Issued","08/07/2026 02:15:53 PM","08/07/2030 11:59:59 PM","40.74458883562","-73.9908983996","3","105","1015632","1008280001","58","MN0501","POINT (-73.9908983996 40.744588835621)"
"ANDREAS CH, LLC","DA ANDREA RISTORANTE","160 8 AVENUE","NEW YORK","Manhattan","10011","Sidewalk","Issued","11/12/2024 10:01:00 AM","11/12/2028 11:59:59 PM","40.74215458986","-74.00075783742","3","104","1013859","1007670071","81","MN0401","POINT (-74.000757837422 40.742154589856)"
"VERY JUICE INC","VERY JUICE","422 AVENUE P","BROOKLYN","Brooklyn","11223","Sidewalk","Issued","08/07/2026 02:44:53 PM","08/07/2030 11:59:59 PM","40.6089361777","-73.97176047665","44","315","3175949","3066340001","422","BK1501","POINT (-73.97176047665 40.608936177698)"
"NOLA RESTAURANT GROUP LLC","LOWERLINE","794 WASHINGTON AVENUE","BROOKLYN","Brooklyn","11238","Sidewalk","Issued","04/04/2025 04:26:07 PM","04/04/2029 11:59:59 PM","40.67416069497","-73.96307340687","35","308","3029402","3011730050","207","BK0801","POINT (-73.963073406871 40.674160694967)"
"KONA COFFEE AND COMPANY INC","KONA COFFEE ROASTERS","57 2 AVENUE","NEW YORK","Manhattan","10003","Sidewalk","Issued","05/08/2026 01:59:08 PM","05/08/2030 11:59:59 PM","40.72579259072","-73.98972481417","2","103","1006576","1004590032","38","MN0303","POINT (-73.989724814174 40.725792590717)"
"GEORGE MARCEL, LLC","FAIRFAX","234 WEST    4 STREET","NEW YORK","Manhattan","10014","Sidewalk","Issued","04/10/2026 12:10:10 PM","04/10/2030 11:59:59 PM","40.73434295571","-74.00300934299","3","102","1011216","1006200071","73","MN0203","POINT (-74.003009342992 40.734342955714)"
"ESQEV LLC","EMMY SQUARED PIZZA","83 1 AVENUE","NEW YORK","Manhattan","10003","Sidewalk","Issued","03/13/2026 02:35:59 PM","03/13/2030 11:59:59 PM","40.72586637062","-73.98654627437","2","103","1077683","1004477501","38","MN0303","POINT (-73.98654627437 40.725866370624)"
"EL MONO LLC","CASA MONO / BAR JAMON","52 IRVING PLACE","NEW YORK","Manhattan","10003","Roadway","Issued","04/22/2025 04:20:32 PM","04/22/2029 11:59:59 PM","40.73595621542","-73.98731642956","2","106","1017846","1008730022","5","MN0602","POINT (-73.98731642956 40.735956215416)"
"CAFE ARTISAN LLC","ARTISAN CAFE","608A AMSTERDAM AVENUE","NEW YORK","Manhattan","10024","Sidewalk","Issued","07/02/2026 03:37:58 PM","07/02/2030 11:59:59 PM","40.78990204875","-73.97340603502","6","107","1084343","1012370029","175","MN0702","POINT (-73.973406035022 40.789902048754)"
"1063 FIRST AVE RESTAURANT CORP","AU ZA'ATAR","1063 1 AVENUE","NEW YORK","Manhattan","10022","Sidewalk","Issued","08/05/2026 11:44:14 AM","08/05/2030 11:59:59 PM","40.75887778776","-73.96251729811","4","106","1040007","1013500030","10802","MN0604","POINT (-73.962517298111 40.75887778776)"
"SNG NEW CAPPUCCINO INC.","OCEAN VIEW CAFE","290 BRIGHTON BEACH AVENUE","BROOKLYN","Brooklyn","11235","Sidewalk","Issued","03/06/2026 10:48:39 AM","03/06/2030 11:59:59 PM","40.5769409051","-73.96448088406","48","313","3245055","3086850008","36001","BK1303","POINT (-73.964480884059 40.576940905098)"
"MK FOODS SERVICE CORP.","LITTLE ITALY PIZZA III","122 UNIVERSITY PLACE","NEW YORK","Manhattan","10003","Sidewalk","Issued","07/21/2026 12:17:47 PM","07/21/2030 11:59:59 PM","40.73471875747","-73.99212298207","2","102","1009400","1005710025","61","MN0202","POINT (-73.992122982071 40.734718757472)"
"WOODFIRE COLLISION LLC","LILIA","567 UNION AVENUE","BROOKLYN","Brooklyn","11211","Sidewalk","Issued","04/03/2026 02:06:54 PM","04/03/2030 11:59:59 PM","40.71748016657","-73.95219462036","33","301","3061640","3023000020","519","BK0102","POINT (-73.95219462036 40.717480166571)"
"345 COURT STREET CORP","MARCO POLO RISTORANTE","345 COURT STREET","BROOKLYN","Brooklyn","11231","Sidewalk","Issued","04/17/2026 03:04:41 PM","04/17/2030 11:59:59 PM","40.68228287263","-73.99592218276","39","306","3007223","3004350009","75","BK0601","POINT (-73.99592218276 40.682282872632)"
"8BELLES LLC","SHAFFER'S","151 8 AVENUE","NEW YORK","Manhattan","10011","Roadway","Issued","10/03/2025 01:43:19 PM","10/03/2029 11:59:59 PM","40.74195696569","-74.00092744589","3","104","1013080","1007410034","83","MN0401","POINT (-74.000927445893 40.741956965694)"
"CURL CURL LLC","HUTCH & WALDO","77 IRVING PLACE","NEW YORK","Manhattan","10003","Sidewalk","Issued","03/27/2026 08:55:21 AM","03/27/2030 11:59:59 PM","40.73690033847","-73.98664868331","2","105","1017899","1008740065","5","MN0602","POINT (-73.986648683307 40.736900338471)"
"UBC LLC","MOMMY PAI'S","203 MOTT STREET","NEW YORK","Manhattan","10012","Roadway","Issued","08/14/2026 01:25:57 PM","08/14/2030 11:59:59 PM","40.72143153012","-73.99554819298","1","102","1007182","1004800024","41","MN0201","POINT (-73.995548192983 40.721431530121)"
"GW ASTORIA LLC","GYRO WORLD","36-02 30 AVENUE","ASTORIA","Queens","11103","Sidewalk","Issued","08/14/2026 12:37:47 PM","08/14/2030 11:59:59 PM","40.76494470414","-73.91726264421","22","401","4010009","4006510042","63","QN0103","POINT (-73.917262644205 40.764944704143)"
"BACARO NYC, INC.","BACARO","136 DIVISION STREET","NEW YORK","Manhattan","10002","Roadway","Issued","03/27/2026 06:42:58 AM","03/27/2030 11:59:59 PM","40.71445685702","-73.9916492296","1","103","1003805","1002940028","16","MN0301","POINT (-73.991649229603 40.714456857017)"
"MANEKEN CORP","OSCAR'S PLACE","466 HUDSON STREET","NEW YORK","Manhattan","10014","Sidewalk","Issued","06/05/2026 05:47:30 PM","06/05/2030 11:59:59 PM","40.73182585671","-74.00658855148","3","102","1083517","1005850001","73","MN0203","POINT (-74.006588551482 40.731825856707)"
"ASC, INC.","LA NONNA","134 MULBERRY STREET","NEW YORK","Manhattan","10013","Sidewalk","Issued","04/03/2026 11:18:04 AM","04/03/2030 11:59:59 PM","40.71845352133","-73.99773451426","1","102","1066508","1002377501","41","MN0201","POINT (-73.997734514258 40.718453521328)"
"DEOR LLC","DAGON","2454 BROADWAY","NEW YORK","Manhattan","10024","Roadway","Issued","07/03/2025 01:16:26 PM","07/03/2029 11:59:59 PM","40.79125977158","-73.97394022624","6","107","1033560","1012380046","179","MN0702","POINT (-73.973940226237 40.791259771581)"
"IGNAZIO'S LLC","IGNAZIO'S","4 WATER STREET","BROOKLYN","Brooklyn","11201","Roadway","Issued","03/27/2026 08:59:22 AM","03/27/2030 11:59:59 PM","40.70318698349","-73.99408512342","33","302","3391190","3000357501","21","BK0202","POINT (-73.994085123422 40.703186983486)"
"MIM UNITED INC","MARSANNE NYC","233 8 AVENUE","NEW YORK","Manhattan","10011","Sidewalk","Issued","01/16/2026 01:11:01 PM","01/16/2030 11:59:59 PM","40.74448489201","-73.99908334541","3","104","1013310","1007450040","89","MN0401","POINT (-73.99908334541 40.744484892006)"
"B&H RESTAURANT LLC","LEYLA","108 WEST   74 STREET","NEW YORK","Manhattan","10023","Sidewalk","Issued","02/13/2026 04:00:03 PM","02/13/2030 11:59:59 PM","40.778896614","-73.97826329355","6","107","1030021","1011450037","157","MN0701","POINT (-73.978263293554 40.778896614003)"
"THE CONSULATE NYC LLC","THE CONSULATE","519 COLUMBUS AVENUE","NEW YORK","Manhattan","10024","Sidewalk","Issued","05/29/2026 11:57:07 AM","05/29/2030 11:59:59 PM","40.78589726387","-73.97258791432","6","107","1031349","1011990001","169","MN0702","POINT (-73.972587914321 40.785897263869)"
"EMMY SQUARED BEDFORD, LLC","EMILY","35 DOWNING STREET","NEW YORK","Manhattan","10014","Sidewalk","Issued","07/31/2026 01:13:26 PM","07/31/2030 11:59:59 PM","40.72926511346","-74.00390390893","3","102","1008409","1005280077","67","MN0203","POINT (-74.003903908927 40.72926511346)"
"PARK AVE CAKE LLC","L'EXPRESS","249 PARK AVENUE SOUTH","NEW YORK","Manhattan","10003","Sidewalk","Issued","06/19/2026 11:23:42 AM","06/19/2030 11:59:59 PM","40.73821520849","-73.98779954163","2","105","1017945","1008750079","5","MN0602","POINT (-73.987799541633 40.738215208485)"
"RINCON MEXICANO INC","PICO DE GALLO BAR & KITCHEN","768 AMSTERDAM AVENUE","NEW YORK","Manhattan","10025","Sidewalk","Issued","06/12/2026 03:03:56 PM","06/12/2030 11:59:59 PM","40.79504478075","-73.96965510287","7","107","1056379","1018690033","183","MN0702","POINT (-73.969655102867 40.795044780753)"
"LPB6 LLC","LA PECORA BIANCA","359 COLUMBUS AVENUE","NEW YORK","Manhattan","10024","Roadway","Issued","06/06/2025 10:06:10 AM","06/06/2029 11:59:59 PM","40.78053488241","-73.97648983531","6","107","1028823","1011290064","161","MN0702","POINT (-73.976489835309 40.780534882409)"
"M.E.G. RESTAURANT ENTERPRISES, LTD.","NOVITA","102 EAST   22 STREET","NEW YORK","Manhattan","10010","Roadway","Issued","04/11/2025 02:43:57 PM","04/11/2029 11:59:59 PM","40.73927177208","-73.98629095557","2","106","1018008","1008770084","68","MN0602","POINT (-73.986290955574 40.739271772083)"
"168 ORCHARD STREET PARTNERS INC","HAIR OF THE DOG","168 ORCHARD STREET","NEW YORK","Manhattan","10002","Sidewalk","Issued","04/24/2026 02:52:58 PM","04/24/2030 11:59:59 PM","40.72121696169","-73.98863602365","1","103","1005348","1004110012","3001","MN0302","POINT (-73.988636023651 40.721216961686)"
"1326 RESTAURANT, LLC.","BEACH CAFE","1326 2 AVENUE","NEW YORK","Manhattan","10021","Sidewalk","Issued","05/15/2026 09:27:11 AM","05/15/2030 11:59:59 PM","40.76739095916","-73.95937890186","5","108","1044831","1014440049","12601","MN0801","POINT (-73.959378901861 40.767390959157)"
"FIVE ACORNS, LLC","HIDEAWAY","185 DUANE STREET","NEW YORK","Manhattan","10013","Roadway","Issued","10/24/2025 03:37:54 PM","10/24/2029 11:59:59 PM","40.71741556251","-74.01025945977","1","101","1001549","1001430015","39","MN0102","POINT (-74.010259459773 40.71741556251)"
"118 RESTAURANT LLC","ROMEO'S","118 SAINT MARKS PLACE","NEW YORK","Manhattan","10009","Roadway","Issued","06/25/2026 09:03:58 AM","06/25/2030 11:59:59 PM","40.72727144193","-73.98456883816","2","103","1005831","1004350023","32","MN0303","POINT (-73.98456883816 40.727271441933)"
"FORK & CORK LLC","BAR VIVANT","164 EAST   88 STREET","NEW YORK","Manhattan","10128","Roadway","Issued","01/02/2026 02:49:53 PM","01/02/2030 11:59:59 PM","40.78051159831","-73.95398349809","5","108","1048061","1015160046","14802","MN0802","POINT (-73.953983498093 40.780511598308)"
"CKPNYC LLC","CAVIAR KASPIA AT THE MARK","992 MADISON AVENUE","NEW YORK","Manhattan","10075","Roadway","Issued","05/08/2026 01:23:57 PM","05/08/2030 11:59:59 PM","40.77509397672","-73.96302444278","4","108","1041821","1013920017","142","MN0802","POINT (-73.963024442778 40.775093976721)"
"L.RIVER HOSPITALITY CORP.","FIGLIA","23-02 31 STREET","ASTORIA","Queens","11105","Sidewalk","Issued","03/27/2026 08:37:30 AM","03/27/2030 11:59:59 PM","40.77419144611","-73.91308099068","22","401","4017503","4008420071","115","QN0101","POINT (-73.913080990681 40.774191446107)"
"375 AMSTERDAM AVENUE LLC","DAILY PROVISIONS","375 AMSTERDAM AVENUE","NEW YORK","Manhattan","10024","Roadway","Issued","01/02/2026 01:29:22 PM","01/02/2030 11:59:59 PM","40.78236335258","-73.97887962776","6","107","1030225","1011490061","161","MN0702","POINT (-73.978879627755 40.782363352575)"
"FISCARDO, INC.","ORION DINER & GRILL","395 2 AVENUE","NEW YORK","Manhattan","10010","Sidewalk","Issued","08/21/2026 11:42:53 AM","08/21/2030 11:59:59 PM","40.73767906528","-73.98106255883","2","106","1019655","1009030035","64","MN0602","POINT (-73.981062558825 40.737679065278)"
"AIME LEON DORE SOHO LLC","AIME LEON DORE SOHO","214 MULBERRY STREET","NEW YORK","Manhattan","10012","Roadway","Issued","02/13/2026 02:25:07 PM","02/13/2030 11:59:59 PM","40.72215342654","-73.99617587784","1","102","1075962","1004947502","43","MN0201","POINT (-73.996175877837 40.722153426537)"
"WATER ST TAVERN CORP","LOVE & DOUGH","57 PEARL STREET","BROOKLYN","Brooklyn","11201","Sidewalk","Issued","07/31/2026 01:24:58 PM","07/31/2030 11:59:59 PM","40.70304922509","-73.98758239155","33","302","3000090","3000400001","21","BK0202","POINT (-73.987582391545 40.703049225092)"
"ICOOK BOWERY INC.","SANMIWAGO","90 BOWERY","NEW YORK","Manhattan","10013","Roadway","Issued","05/08/2026 02:32:55 PM","05/08/2030 11:59:59 PM","40.71745160898","-73.99534644505","1","102","1003136","1002390038","41","MN0201","POINT (-73.995346445053 40.717451608975)"
"FIFTYONE MERCHANTS LLC","VIA CAROTA","51 GROVE STREET","NEW YORK","Manhattan","10014","Sidewalk","Issued","08/07/2026 02:47:13 PM","08/07/2030 11:59:59 PM","40.73299525521","-74.00372732398","3","102","1010192","1005910040","73","MN0203","POINT (-74.003727323975 40.732995255206)"
"CAFE IMAEL LLC","CAFE IMAEL","1090 SAINT JOHNS PLACE","BROOKLYN","Brooklyn","11213","Sidewalk","Issued","04/10/2026 11:56:26 AM","04/10/2030 11:59:59 PM","40.6711960777","-73.94246586407","35","308","3032443","3012570036","339","BK0802","POINT (-73.942465864066 40.671196077695)"
"OLI RESTAURANT INC","OTTAVA / SAINT EVE'S","1123 8 AVENUE","BROOKLYN","Brooklyn","11215","Roadway","Issued","11/21/2025 01:25:12 PM","11/21/2029 11:59:59 PM","40.66435512821","-73.98036615576","39","306","3026308","3010970001","167","BK0602","POINT (-73.980366155755 40.664355128212)"
"174 EIGHTH REST CORP.","JUNGLE BIRD","174 8 AVENUE","NEW YORK","Manhattan","10011","Roadway","Issued","10/10/2025 01:34:52 PM","10/10/2029 11:59:59 PM","40.74268158618","-74.00037170416","3","104","1013891","1007680081","87","MN0401","POINT (-74.000371704163 40.742681586184)"
"MR. BIGGS BAR & GRILL, INC.","MR. BIGGS BAR AND GRILL","596 10 AVENUE","NEW YORK","Manhattan","10036","Sidewalk","Issued","04/24/2026 03:25:58 PM","04/24/2030 11:59:59 PM","40.76038517892","-73.99490304547","3","104","1026343","1010530001","12102","MN0402","POINT (-73.994903045468 40.760385178919)"
"ESPRESSO 77, INC","ESPRESSO 77","35-57 77 STREET","JACKSON HEIGHTS","Queens","11372","Roadway","Issued","10/03/2025 01:25:54 PM","10/03/2029 11:59:59 PM","40.75091183401","-73.88925448411","25","403","4029588","4012770036","287","QN0301","POINT (-73.889254484113 40.750911834014)"
"GO. SKY.COM, INC","CHERYL'S GLOBAL SOUL","236 UNDERHILL AVENUE","BROOKLYN","Brooklyn","11238","Roadway","Issued","03/27/2026 08:24:05 AM","03/27/2030 11:59:59 PM","40.67347852192","-73.96727363387","35","308","3029365","3011720040","207","BK0801","POINT (-73.967273633865 40.673478521919)"
"SAINT SABINO LLC","SAN SABINO","113 GREENWICH AVENUE","NEW YORK","Manhattan","10014","Roadway","Issued","01/09/2026 02:11:44 PM","01/09/2030 11:59:59 PM","40.73805115394","-74.00200273222","3","102","1011045","1006150076","77","MN0203","POINT (-74.00200273222 40.738051153937)"
"MURRAY 57 LLC","MONK MCGINNS","57 MURRAY STREET","NEW YORK","Manhattan","10007","Roadway","Issued","09/05/2025 01:18:27 PM","09/05/2029 11:59:59 PM","40.71421246245","-74.00974673804","1","101","1082029","1001330013","21","MN0102","POINT (-74.009746738044 40.71421246245)"
"TERERE CORPORATION","TABARE","221 SOUTH    1 STREET","BROOKLYN","Brooklyn","11211","Roadway","Issued","08/15/2025 04:07:51 PM","08/15/2029 11:59:59 PM","40.7129567114","-73.95909477317","34","301","3062817","3023940028","523","BK0102","POINT (-73.959094773167 40.712956711403)"
"CORNER 660 LLC","THE BARLOW","446 PARK PLACE","BROOKLYN","Brooklyn","11238","Sidewalk","Issued","05/22/2026 12:08:15 PM","05/22/2030 11:59:59 PM","40.67539570042","-73.96262929022","35","308","3337840","3011670010","215","BK0801","POINT (-73.962629290219 40.675395700422)"
"22 WEST 46 STREET LTD","ST. PATRICK'S BAR AND GRILL","22 WEST   46 STREET","NEW YORK","Manhattan","10036","Sidewalk","Issued","04/03/2026 03:44:05 PM","04/03/2030 11:59:59 PM","40.75641737007","-73.97998518194","4","105","1034258","1012610051","96","MN0502","POINT (-73.979985181942 40.756417370066)"
"HEIGHTS FALAFEL CORP","HEIGHTS FALAFEL","78 HENRY STREET","BROOKLYN","Brooklyn","11201","Sidewalk","Issued","05/15/2026 10:25:37 AM","05/15/2030 11:59:59 PM","40.69849607793","-73.99252397982","33","302","3001699","3002260024","1","BK0201","POINT (-73.992523979822 40.698496077933)"
"GRAMERCY FARMER &THE FISH, LLC","ISABELLE'S OSTERIA","245 PARK AVENUE SOUTH","NEW YORK","Manhattan","10003","Roadway","Issued","05/08/2026 01:56:00 PM","05/08/2030 11:59:59 PM","40.73809719283","-73.98788616802","2","105","1017945","1008750079","5","MN0602","POINT (-73.987886168023 40.738097192829)"
"TAURASI INC","SOTTO VOCE","225 7 AVENUE","BROOKLYN","Brooklyn","11215","Sidewalk","Issued","04/24/2026 10:09:11 PM","04/24/2030 11:59:59 PM","40.67003107511","-73.9789405697","39","306","3025402","3010800001","155","BK0602","POINT (-73.978940569703 40.670031075107)"
"ACBP SOHA LLC","ARTS & CRAFTS BEER PARLOR","1135 AMSTERDAM AVENUE","NEW YORK","Manhattan","10025","Roadway","Issued","12/19/2024 10:12:09 AM","12/19/2028 11:59:59 PM","40.80669641004","-73.96112483034","7","109","1056058","1018670074","20101","MN0901","POINT (-73.961124830344 40.806696410041)"
"WESTVILLE HK LLC","WESTVILLE","809 9 AVENUE","NEW YORK","Manhattan","10019","Sidewalk","Issued","09/11/2026 11:16:11 AM","09/11/2030 11:59:59 PM","40.76572863516","-73.98732156794","3","104","1088573","1010630033","133","MN0402","POINT (-73.987321567939 40.765728635155)"
"ESQUINA 96, INC","LA KUCHARA","95-07 31 AVENUE","EAST ELMHURST","Queens","11369","Sidewalk","Issued","04/17/2026 02:44:51 PM","04/17/2030 11:59:59 PM","40.76057606882","-73.87326879793","21","403","4033707","4013930045","353","QN0302","POINT (-73.873268797929 40.760576068824)"
"NF CELLAR INC","CELLAR 36","36 MARKET STREET","NEW YORK","Manhattan","10002","Sidewalk","Issued","08/14/2026 12:00:47 PM","08/14/2030 11:59:59 PM","40.71253294052","-73.99438368347","1","103","1003283","1002750025","8","MN0301","POINT (-73.994383683473 40.712532940524)"
"UNCLEGRANDPA LLC","OPS","346 HIMROD STREET","BROOKLYN","Brooklyn","11237","Roadway","Issued","05/08/2026 02:18:43 PM","05/08/2030 11:59:59 PM","40.70250692106","-73.91746666489","37","304","3074859","3032800031","443","BK0401","POINT (-73.917466664891 40.702506921061)"
"AGIOS MARKOS CORPORATION","GRIND NYC COFFEE SHOP","602 9 AVENUE","NEW YORK","Manhattan","10036","Sidewalk","Issued","05/16/2025 04:01:52 PM","05/16/2029 11:59:59 PM","40.75918830286","-73.99206232235","3","104","1024957","1010340001","12101","MN0402","POINT (-73.992062322346 40.75918830286)"
"MOJITOS RESTAURANT BAR CORP","MOJITOS","81-01 NORTHERN BOULEVARD","JACKSON HEIGHTS","Queens","11372","Roadway","Issued","05/15/2026 12:38:54 PM","05/15/2030 11:59:59 PM","40.75547609113","-73.88616076361","25","403","4026957","4011770045","327","QN0301","POINT (-73.886160763608 40.755476091127)"
"GFD 353 LLC.","SHARLENE'S","353 FLATBUSH AVENUE","BROOKLYN","Brooklyn","11238","Sidewalk","Issued","01/07/2026 11:40:32 AM","01/07/2030 11:59:59 PM","40.67691629756","-73.97226154561","35","308","3029033","3011640011","163","BK0801","POINT (-73.972261545605 40.676916297559)"
"RIO LUNA CORPORATION","MEZCAL'S","522 COURT STREET","BROOKLYN","Brooklyn","11231","Sidewalk","Issued","07/31/2026 01:27:59 PM","07/31/2030 11:59:59 PM","40.67599191524","-73.99897253063","39","306","3005642","3003790036","65","BK0601","POINT (-73.998972530625 40.675991915238)"
"192 TM THIRD TAVERN LLC","TRIONA'S","192 3 AVENUE","NEW YORK","Manhattan","10003","Sidewalk","Issued","07/20/2026 03:25:36 PM","07/20/2030 11:59:59 PM","40.73538785461","-73.98566389931","2","106","1017855","1008730035","5","MN0602","POINT (-73.985663899313 40.735387854614)"
"MHH 1590 LLC","L'OSTERIA","1219 LEXINGTON AVENUE","NEW YORK","Manhattan","10028","Roadway","Issued","08/21/2026 11:17:07 AM","08/21/2030 11:59:59 PM","40.77721640344","-73.95722815448","4","108","1047610","1015110020","14","MN0802","POINT (-73.957228154481 40.777216403439)"
"SWISS WHITE INT'L LLC","RAY'S","177 CHRYSTIE STREET","NEW YORK","Manhattan","10002","Roadway","Issued","08/15/2025 04:00:46 PM","08/15/2029 11:59:59 PM","40.72106356198","-73.99234105841","1","103","1005689","1004250026","18","MN0302","POINT (-73.99234105841 40.721063561976)"
"THE DUE FAMILY INC","LA PIAZZA","20 EAST   49 STREET","NEW YORK","Manhattan","10017","Roadway","Issued","08/21/2026 10:56:38 AM","08/21/2030 11:59:59 PM","40.75750917235","-73.97673983586","4","105","1035447","1012840060","94","MN0502","POINT (-73.97673983586 40.757509172347)"
"THEPERK INC","THE CANARY","789 FRANKLIN AVENUE","BROOKLYN","Brooklyn","11238","Roadway","Issued","05/08/2026 03:34:02 PM","05/08/2030 11:59:59 PM","40.67194372669","-73.95749419747","35","308","3032115","3012520006","219","BK0802","POINT (-73.957494197471 40.67194372669)"
"SHERMAN SQUARE PIZZA INC.","LITTLE ITALY PIZZA","2047 BROADWAY","NEW YORK","Manhattan","10023","Sidewalk","Issued","08/21/2026 11:15:39 AM","08/21/2030 11:59:59 PM","40.77755513777","-73.98239795672","6","107","1030373","1011620029","159","MN0701","POINT (-73.982397956716 40.777555137772)"
"BURKES BEAL BOCHT CORP","AN BEAL BOCHT CAFE","445 WEST  238 STREET","BRONX","Bronx","10463","Sidewalk","Issued","08/14/2026 11:21:17 AM","08/14/2030 11:59:59 PM","40.88727380716","-73.90496506786","11","208","2084037","2057790810","335","BX0803","POINT (-73.904965067861 40.887273807158)"
"SUSHIRO THE HANDROLLS BAR INC","SUSHI TOKORO","168 7 AVENUE SOUTH","NEW YORK","Manhattan","10014","Sidewalk","Issued","07/20/2026 04:33:45 PM","07/20/2030 11:59:59 PM","40.73540246043","-74.00177893259","3","102","1067542","1006127501","73","MN0203","POINT (-74.001778932586 40.735402460431)"
"TH HOSPITALITY CORPORATION","KONA COFFEE ROASTERS","201 WEST   21 STREET","NEW YORK","Manhattan","10011","Sidewalk","Issued","02/28/2025 09:01:08 AM","02/28/2029 11:59:59 PM","40.74294504182","-73.99688922077","3","104","1014075","1007710038","87","MN0401","POINT (-73.996889220771 40.742945041819)"
"SAM AND JUDY LLC","JUDY'S","4022 5 AVENUE","BROOKLYN","Brooklyn","11232","Roadway","Issued","11/06/2024 08:28:09 AM","11/06/2028 11:59:59 PM","40.65053126255","-74.00467769944","38","307","3324368","3007140044","82","BK0702","POINT (-74.004677699437 40.650531262554)"
"GMT NEW YORK LLC","GMT TAVERN","142 BLEECKER STREET","NEW YORK","Manhattan","10012","Sidewalk","Issued","07/03/2026 04:58:46 PM","07/03/2030 11:59:59 PM","40.72810688499","-73.99906913962","2","102","1008268","1005257504","65","MN0202","POINT (-73.999069139622 40.728106884989)"
"LAFAYETTE STREET PARTNERS II LLC","LAFAYETTE","380 LAFAYETTE STREET","NEW YORK","Manhattan","10003","Sidewalk","Issued","07/03/2026 05:26:36 PM","07/03/2030 11:59:59 PM","40.72749462028","-73.99347321359","2","102","1008509","1005317504","5502","MN0202","POINT (-73.993473213585 40.727494620278)"
"SCHMUCK OR DIE LLC","SCHMUCK","97 1 AVENUE","NEW YORK","Manhattan","10003","Roadway","Issued","09/18/2026 09:57:29 AM","09/18/2030 11:59:59 PM","40.72630275207","-73.98623951546","2","103","1006243","1004470028","38","MN0303","POINT (-73.986239515456 40.726302752074)"
"GRANDE CAFFE INC","GRANDE CAFFE","63 NEW DORP PLAZA NORTH","STATEN ISLAND","Staten Island","10306","Sidewalk","Issued","07/21/2026 11:19:17 AM","07/21/2030 11:59:59 PM","40.57359237478","-74.11747322713","50","502","5057322","5041990015","134","SI0202","POINT (-74.117473227131 40.57359237478)"
"CONFIDANT HOSPITALITY LLC","CONFIDANT","127 ATLANTIC AVENUE","BROOKLYN","Brooklyn","11201","Sidewalk","Issued","08/21/2026 09:54:17 AM","08/21/2030 11:59:59 PM","40.69063247032","-73.99577743214","33","302","3002743","3002750021","7","BK0201","POINT (-73.995777432136 40.690632470318)"
"WAGAWONGAWITZ, LLC.","CAFE CLUNY","284 WEST   12 STREET","NEW YORK","Manhattan","10014","Sidewalk","Issued","02/27/2026 01:25:12 PM","02/27/2030 11:59:59 PM","40.73752959627","-74.00400904147","3","102","1011384","1006240048","77","MN0203","POINT (-74.004009041465 40.737529596266)"
"DEN NOHO LLC","BANDITS","44 BEDFORD STREET","NEW YORK","Manhattan","10014","Sidewalk","Issued","06/05/2026 04:12:41 PM","06/05/2030 11:59:59 PM","40.73035202867","-74.00423952689","3","102","1009893","1005860005","67","MN0203","POINT (-74.004239526892 40.730352028671)"
"YORK BAGELS INC","BAGELS & CO","500 EAST   76 STREET","NEW YORK","Manhattan","10021","Sidewalk","Issued","07/31/2026 12:08:41 PM","07/31/2030 11:59:59 PM","40.76927904231","-73.95151106429","5","108","1046309","1014870049","13201","MN0801","POINT (-73.951511064286 40.769279042312)"
"NATSU INC","TAKAHACHI TRIBECA","145 DUANE STREET","NEW YORK","Manhattan","10013","Sidewalk","Issued","02/27/2026 02:24:18 PM","02/27/2030 11:59:59 PM","40.71642487997","-74.00801553427","1","101","1001609","1001470009","33","MN0102","POINT (-74.008015534265 40.716424879968)"
"GAUTENG, LLC","JACK'S WIFE FREDA","116 8 AVENUE","NEW YORK","Manhattan","10011","Sidewalk","Issued","05/15/2026 12:27:49 PM","05/15/2030 11:59:59 PM","40.74087277568","-74.00168886221","3","104","1081541","1007650001","81","MN0401","POINT (-74.001688862208 40.740872775677)"
"PIZZERIA  FUCCIO  INC.","LITTLE PIZZA PARLOR","192 DUFFIELD STREET","BROOKLYN","Brooklyn","11201","Sidewalk","Issued","12/19/2025 10:53:08 AM","12/19/2029 11:59:59 PM","40.69259947926","-73.98432807557","33","302","3058227","3020580046","1502","BK0202","POINT (-73.984328075572 40.692599479261)"
"FELICE HUDSON, LLC","FELICE ON HUDSON","615 HUDSON STREET","NEW YORK","Manhattan","10014","Sidewalk","Issued","06/12/2026 02:23:12 PM","06/12/2030 11:59:59 PM","40.73780125839","-74.00565814829","3","102","1011422","1006250013","79","MN0203","POINT (-74.005658148288 40.737801258392)"
"JAPIKA GROUP CORP","UP THAI","1411 2 AVENUE","NEW YORK","Manhattan","10021","Sidewalk","Issued","08/07/2026 02:43:00 PM","08/07/2030 11:59:59 PM","40.76982217996","-73.95762643951","5","108","1043997","1014280025","12602","MN0801","POINT (-73.957626439513 40.769822179964)"
"SIOK HOSPITALITY LLC","PASSIONFRUIT COFFEE","733 MADISON STREET","BROOKLYN","Brooklyn","11221","Sidewalk","Issued","05/09/2025 09:28:06 AM","05/09/2029 11:59:59 PM","40.68736536451","-73.92760328155","36","303","3325041","3016420050","385","BK0302","POINT (-73.927603281553 40.687365364511)"
"1274 AMSTERDAM TRATTORIA INC","MAX SOHA","1274 AMSTERDAM AVENUE","NEW YORK","Manhattan","10027","Sidewalk","Issued","05/29/2026 11:35:50 AM","05/29/2030 11:59:59 PM","40.81111157985","-73.9579287885","7","109","1059680","1019770036","211","MN0901","POINT (-73.957928788503 40.811111579854)"
"JACK OF HEARTS COFFEE, LLC","KURO KUMA ESPRESSO & COFFEE","121 LASALLE STREET","NEW YORK","Manhattan","10027","Sidewalk","Issued","06/19/2026 11:18:48 AM","06/19/2030 11:59:59 PM","40.81400810747","-73.96023544092","7","109","1059849","1019930073","211","MN0901","POINT (-73.960235440924 40.814008107473)"
"1688 YORK CAFE CORPORATION","EFFYS CAFE","1688 YORK AVENUE","NEW YORK","Manhattan","10128","Roadway","Issued","04/24/2026 02:44:39 PM","04/24/2030 11:59:59 PM","40.77759588289","-73.94588676926","5","108","1051363","1015850051","14402","MN0803","POINT (-73.94588676926 40.777595882887)"
"CH FLOWER CORP","REMI43 FLOWER & COFFEE","810 2 AVENUE","NEW YORK","Manhattan","10017","Sidewalk","Issued","05/22/2026 12:02:57 PM","05/22/2030 11:59:59 PM","40.75068727572","-73.97155578678","4","106","1038674","1013367501","88","MN0603","POINT (-73.97155578678 40.750687275724)"
"HOT CHICKEN LLC","PEACHES GRAND","4143 CLIFTON PLACE","BROOKLYN","Brooklyn","11238","Sidewalk","Issued","05/22/2026 10:54:55 AM","05/22/2030 11:59:59 PM","40.68802936909","-73.96087521799","35","302",,,"231","BK0204","POINT (-73.960875217986 40.688029369086)"
"COOLJAG CORP.","THE SKILLMAN","45-20 SKILLMAN AVENUE","SUNNYSIDE","Queens","11104","Roadway","Issued","04/10/2026 01:04:48 PM","04/10/2030 11:59:59 PM","40.74662717817","-73.91867133467","26","402","4001744","4001560029","183","QN0202","POINT (-73.918671334665 40.746627178165)"
"HANE SUSHI, INC.","HANE SUSHI","346 1 AVENUE","NEW YORK","Manhattan","10009","Sidewalk","Issued","05/08/2026 01:47:07 PM","05/08/2030 11:59:59 PM","40.73489017347","-73.97982208047","4","106","1082865","1009720001","44","MN0601","POINT (-73.979822080465 40.73489017347)"
"LA SIMPATIA RESTAURANT CORP","ELSA LA REINA DEL CHICHARRON","4840 BROADWAY","NEW YORK","Manhattan","10034","Sidewalk","Issued","05/15/2026 09:37:19 AM","05/15/2030 11:59:59 PM","40.86642303168","-73.92471403243","10","112","1081913","1022340004","291","MN1203","POINT (-73.924714032425 40.866423031683)"
"TREASURE CLUB INTERNATIONAL INC.","TREASURE CLUB","22 ORCHARD STREET","NEW YORK","Manhattan","10002","Sidewalk","Issued","07/20/2026 03:32:24 PM","07/20/2030 11:59:59 PM","40.7154230124","-73.99160582053","1","103","1003841","1002980005","16","MN0301","POINT (-73.991605820527 40.715423012404)"
"1291 PUB INC.","JG MELON","1291 3 AVENUE","NEW YORK","Manhattan","10021","Sidewalk","Issued","08/14/2026 12:42:47 PM","08/14/2030 11:59:59 PM","40.77119250092","-73.95953181829","5","108","1044019","1014290001","134","MN0801","POINT (-73.959531818288 40.771192500921)"
"ZATAR CAFE & BISTRO INC","ZATAR CAFE & BISTRO","1201 8 AVENUE","BROOKLYN","Brooklyn","11215","Roadway","Issued","07/31/2026 03:08:05 PM","07/31/2030 11:59:59 PM","40.66384741578","-73.98078803191","39","306","3026405","3010990009","167","BK0602","POINT (-73.980788031909 40.663847415775)"
"RAGUBOY CORPORATION","SUPPER","156 EAST    2 STREET","NEW YORK","Manhattan","10009","Roadway","Issued","02/13/2026 03:43:10 PM","02/13/2030 11:59:59 PM","40.72276736059","-73.98517958567","2","103","1004985","1003980061","3002","MN0303","POINT (-73.985179585669 40.722767360588)"
"MAMAN UWS LLC","MAMAN","429 AMSTERDAM AVENUE","NEW YORK","Manhattan","10024","Roadway","Issued","08/22/2025 03:30:40 PM","08/22/2029 11:59:59 PM","40.7841362176","-73.97758631309","6","107","1031999","1012110063","165","MN0702","POINT (-73.977586313092 40.784136217597)"
"KING ME KONG LLC","HANOI HOUSE","119 SAINT MARKS PLACE","NEW YORK","Manhattan","10009","Sidewalk","Issued","08/28/2026 02:06:03 PM","08/28/2030 11:59:59 PM","40.72726045314","-73.98449668191","2","103","1005883","1004360037","32","MN0303","POINT (-73.984496681914 40.727260453139)"
"MAJOR DOUGH SOHO 463 LLC","SADELLE'S","463 WEST BROADWAY","NEW YORK","Manhattan","10012","Roadway","Issued","04/17/2026 03:31:53 PM","04/17/2030 11:59:59 PM","40.72633102442","-74.00040769151","1","102","1008006","1005150007","49","MN0201","POINT (-74.000407691507 40.726331024424)"
"LBGG HALSEY LLC","SELUNE","478 HALSEY STREET","BROOKLYN","Brooklyn","11233","Sidewalk","Issued","08/14/2026 02:00:29 PM","08/14/2030 11:59:59 PM","40.68326633755","-73.93496307415","36","303","3046410","3016650010","295","BK0302","POINT (-73.934963074152 40.683266337551)"
"OMONIA CAFE, INC.","OMONIA CAFE","32-20 BROADWAY","ASTORIA","Queens","11106","Roadway","Issued","08/15/2025 03:56:10 PM","08/15/2029 11:59:59 PM","40.76147748159","-73.92436022888","22","401","4008332","4006120040","59","QN0103","POINT (-73.924360228878 40.761477481586)"
"VITTORIA 196 LLC","PICCOLA CUCINA OSTERIA","196 SPRING STREET","NEW YORK","Manhattan","10012","Roadway","Issued","05/01/2026 12:02:52 PM","05/01/2030 11:59:59 PM","40.72512328461","-74.00315323801","1","102","1007354","1004890018","47","MN0201","POINT (-74.00315323801 40.725123284613)"
"NICOBAR LTD","NICK'S BISTRO","104-20 METROPOLITAN AVENUE","FOREST HILLS","Queens","11375","Roadway","Issued","09/04/2026 10:34:26 AM","09/04/2030 11:59:59 PM","40.71005316462","-73.84840832474","29","406","4095446","4039020037","645","QN0602","POINT (-73.848408324738 40.710053164615)"
"UNITED MINERS SOCCER CLUB, INC","UNITED MINERS S.C. RUDAR","34-01 45 STREET","LONG ISLAND CITY","Queens","11101","Sidewalk","Issued","07/20/2026 03:02:46 PM","07/20/2030 11:59:59 PM","40.75465439264","-73.91697589199","22","401","4012335","4007050021","161","QN0104","POINT (-73.916975891994 40.754654392635)"
"TWO GUYS CATERING LLC","ELIS WINE BAR","1012 AMSTERDAM AVENUE","NEW YORK","Manhattan","10025","Sidewalk","Issued","08/27/2026 10:37:46 AM","08/27/2030 11:59:59 PM","40.80278334108","-73.96400954008","7","107","1056714","1018810035","195","MN0703","POINT (-73.964009540077 40.802783341084)"
"HUGHES TAVERN LLC","PHIL HUGHES BAR","1682 1 AVENUE","NEW YORK","Manhattan","10128","Roadway","Issued","05/22/2026 11:37:40 AM","05/22/2030 11:59:59 PM","40.77791826531","-73.94859813892","5","108","1050606","1015670045","14402","MN0803","POINT (-73.948598138923 40.777918265312)"
"NEW ZOE 21 INC","LOCAL 92 SOHO","244 MULBERRY STREET","NEW YORK","Manhattan","10012","Sidewalk","Issued","06/26/2026 01:43:26 PM","06/26/2030 11:59:59 PM","40.72297958986","-73.99584392118","1","102","1079947","1004940015","43","MN0201","POINT (-73.995843921175 40.722979589862)"
"JMWILLIAMS, LLC","BUVETTE","42 GROVE STREET","NEW YORK","Manhattan","10014","Sidewalk","Issued","05/15/2026 09:29:32 AM","05/15/2030 11:59:59 PM","40.73275918097","-74.00441648434","3","102","1010016","1005880018","73","MN0203","POINT (-74.004416484337 40.732759180971)"
"VESELKA LORIMER RESTAURANT LLC","VESELKA","646 LORIMER STREET","BROOKLYN","Brooklyn","11211","Sidewalk","Issued","06/19/2026 12:00:19 PM","06/19/2030 11:59:59 PM","40.71623023425","-73.94971006228","34","301","3068247","3027420002","501","BK0104","POINT (-73.949710062278 40.716230234251)"
"VIRCAN GROUP LLC","SALINAS","136 9 AVENUE","NEW YORK","Manhattan","10011","Sidewalk","Issued","09/02/2026 03:06:26 PM","09/02/2030 11:59:59 PM","40.74370807949","-74.00333456271","3","104","1013130","1007420076","89","MN0401","POINT (-74.003334562708 40.743708079491)"
"RED BEAR LOUNGE INC","RED BEAR LOUNGE","1480 MACE AVENUE","BRONX","Bronx","10469","Sidewalk","Issued","07/20/2026 05:05:20 PM","07/20/2030 11:59:59 PM","40.86275974333","-73.84384704258","13","211","2097859","2044770037","312","BX1103","POINT (-73.843847042584 40.862759743326)"
"IL SOLE LLC","SOLELUNA","40-01 QUEENS BOULEVARD","SUNNYSIDE","Queens","11104","Roadway","Issued","03/06/2026 11:01:38 AM","03/06/2030 11:59:59 PM","40.74379282397","-73.92411693894","26","402","4002473","4001890005","18101","QN0202","POINT (-73.92411693894 40.743792823972)"
"31 GREAT JONES RESTAURANT CORP","VIC'S","31 GREAT JONES STREET","NEW YORK","Manhattan","10012","Roadway","Issued","04/03/2026 04:02:27 PM","04/03/2030 11:59:59 PM","40.7269538724","-73.99298258918","2","102","1008477","1005300022","5502","MN0202","POINT (-73.99298258918 40.726953872403)"
"BALANCE BROOKLYN LLC.","NEM'S JAPANDI BISTRO / KOI BA","80 NORTH    6 STREET","BROOKLYN","Brooklyn","11249","Roadway","Issued","06/05/2026 05:46:19 PM","06/05/2030 11:59:59 PM","40.71910575087","-73.96127712796","33","301","3062161","3023330019","555","BK0102","POINT (-73.961277127961 40.719105750868)"
"ATHENA RESTAURANT SAAH, INC.","ATHENA","535 6 AVENUE","BROOKLYN","Brooklyn","11215","Sidewalk","Issued","07/02/2026 03:39:12 PM","07/02/2030 11:59:59 PM","40.66492418583","-73.98651535891","39","306","3023746","3010430009","14901","BK0602","POINT (-73.986515358908 40.664924185833)"
"DONATO'S PIZZERIA RESTAURANT, CORP","DONATO'S PIZZERIA","50-22 39 AVENUE","WOODSIDE","Queens","11377","Sidewalk","Issued","03/13/2026 01:57:43 PM","03/13/2030 11:59:59 PM","40.74883260848","-73.91307450446","26","402","4000923","4001290037","169","QN0202","POINT (-73.913074504463 40.748832608482)"
"NRK CAFE INC","LELABAR","422 HUDSON STREET","NEW YORK","Manhattan","10014","Roadway","Issued","06/18/2025 03:35:46 PM","06/18/2029 11:59:59 PM","40.73047816459","-74.0068012965","3","102","1009774","1005830002","67","MN0203","POINT (-74.006801296496 40.730478164589)"
"LPB2 LLC","LA PECORA BIANCA","950 2 AVENUE","NEW YORK","Manhattan","10022","Roadway","Issued","06/06/2025 10:07:03 AM","06/06/2029 11:59:59 PM","40.75510549711","-73.9683378692","4","106","1085119","1013437503","98","MN0604","POINT (-73.968337869203 40.755105497114)"
"MPQ 921 BROADWAY, LLC","LE PAIN QUOTIDIEN","921 BROADWAY","NEW YORK","Manhattan","10010","Sidewalk","Issued","08/14/2026 12:50:02 PM","08/14/2030 11:59:59 PM","40.73996928637","-73.98956383968","3","105","1016239","1008500001","56","MN0501","POINT (-73.989563839677 40.739969286374)"
"ZUCKER'S COLUMBUS LLC","ZUCKER'S BAGELS & SMOKED FISH","273 COLUMBUS AVENUE","NEW YORK","Manhattan","10023","Sidewalk","Issued","05/01/2026 12:31:57 PM","05/01/2030 11:59:59 PM","40.77787834303","-73.97843694051","6","107","1028646","1011250062","157","MN0701","POINT (-73.978436940505 40.777878343032)"
"BEEHUMBLE HOSPITALITY LLC","LARK CAFE","1007 CHURCH AVENUE","BROOKLYN","Brooklyn","11218","Sidewalk","Issued","09/11/2026 10:30:03 AM","09/11/2030 11:59:59 PM","40.64667379326","-73.97013364897","40","314","3116332","3050710044","506","BK1402","POINT (-73.970133648974 40.646673793259)"
"DIMES BIG TIME LLC","DIMES","49 CANAL STREET","NEW YORK","Manhattan","10002","Roadway","Issued","08/15/2025 03:33:11 PM","08/15/2029 11:59:59 PM","40.71481916464","-73.99162393319","1","103","1003860","1002980037","16","MN0301","POINT (-73.991623933188 40.714819164639)"
"BLANK STREET INC.","BLANK STREET","75 LAFAYETTE AVENUE","BROOKLYN","Brooklyn","11217","Roadway","Issued","05/08/2026 12:12:52 PM","05/08/2030 11:59:59 PM","40.68711932003","-73.97529333464","35","302","3058852","3020990086","33","BK0203","POINT (-73.975293334643 40.687119320033)"
"POSTO INC.","POSTO THIN CRUST PIZZA","310 2 AVENUE","NEW YORK","Manhattan","10003","Sidewalk","Issued","09/11/2026 10:37:51 AM","09/11/2030 11:59:59 PM","40.73491539734","-73.98304072647","2","106","1020461","1009240001","48","MN0602","POINT (-73.983040726465 40.73491539734)"
"HOST 1373 LLC","SEFTON","1373 1 AVENUE","NEW YORK","Manhattan","10021","Sidewalk","Issued","07/31/2026 02:19:45 PM","07/31/2030 11:59:59 PM","40.76871792027","-73.95533828118","5","108","1044911","1014480029","12601","MN0801","POINT (-73.955338281179 40.768717920267)"
"225 WEST BROADWAY CORP","TERRA","225 WEST BROADWAY","NEW YORK","Manhattan","10013","Roadway","Issued","04/10/2026 12:59:49 PM","04/10/2030 11:59:59 PM","40.71929601761","-74.00624098737","1","101","1001986","1001780019","33","MN0102","POINT (-74.006240987374 40.71929601761)"
"RAY MANGANO 7TH AVE PIZZA CORP.","RAY'S PIZZA","829 7 AVENUE","NEW YORK","Manhattan","10019","Sidewalk","Issued","08/07/2026 01:54:12 PM","08/07/2030 11:59:59 PM","40.76324661135","-73.98167255357","4","105","1023165","1010060063","131","MN0502","POINT (-73.981672553572 40.763246611351)"
"142 MERCER STREET LLC","LURE FISHBAR","142 MERCER STREET","NEW YORK","Manhattan","10012","Roadway","Issued","08/07/2026 01:30:40 PM","08/07/2030 11:59:59 PM","40.72482962681","-73.99840174112","1","102","1080019","1005120023","49","MN0201","POINT (-73.998401741122 40.724829626806)"
"LA CHOZA DEL GORDO CORP","LA CHOZA DEL GORDO","41-05 NORTHERN BOULEVARD","LONG ISLAND CITY","Queens","11101","Sidewalk","Issued","07/21/2026 12:45:10 PM","07/21/2030 11:59:59 PM","40.75285762519","-73.9223993585","26","401","4010864","4006670001","157","QN0104","POINT (-73.922399358502 40.752857625191)"
"38 MACDOUGAL LLC","SHUKA","38 MACDOUGAL STREET","NEW YORK","Manhattan","10012","Roadway","Issued","04/17/2026 03:34:12 PM","04/17/2030 11:59:59 PM","40.72710226739","-74.00291520854","1","102","1008059","1005180001","49","MN0201","POINT (-74.002915208541 40.727102267386)"
"SUITED CURATION LLC","SUITED","45 JOHN STREET","NEW YORK","Manhattan","10038","Roadway","Issued","07/30/2026 01:31:58 PM","07/30/2030 11:59:59 PM","40.70923358611","-74.00800023835","1","101","1001199","1000787508","1502","MN0101","POINT (-74.00800023835 40.709233586112)"
"THE GREY DOG, INC","THE GREY DOG","90 UNIVERSITY PLACE","NEW YORK","Manhattan","10003","Sidewalk","Issued","08/07/2026 02:16:46 PM","08/07/2030 11:59:59 PM","40.73365384747","-73.9930287886","2","102","1009282","1005690022","61","MN0202","POINT (-73.993028788601 40.733653847465)"
"FRANKLIN BEER & GROCERY INC.","THE CROWN INN","724 FRANKLIN AVENUE","BROOKLYN","Brooklyn","11238","Sidewalk","Issued","07/20/2026 04:21:12 PM","07/20/2030 11:59:59 PM","40.67375504327","-73.95686215754","35","308","3029280","3011680052","217","BK0802","POINT (-73.956862157542 40.67375504327)"
"SERAFINA TO GO JACKSON AVE","SERAFINA","28-30 JACKSON AVENUE","LONG ISLAND CITY","Queens","11101","Sidewalk","Issued","07/24/2026 02:17:41 PM","07/24/2030 11:59:59 PM","40.74863476461","-73.93813276809","26","402","4596921","4002640017","1902","QN0201","POINT (-73.938132768088 40.748634764608)"
"MUJI U.S.A. LIMITED","MUJI CAFE","75 9 AVENUE","NEW YORK","Manhattan","10011","Sidewalk","Issued","08/07/2026 01:36:35 PM","08/07/2030 11:59:59 PM","40.74186904023","-74.00471300674","3","104","1012541","1007130001","83","MN0401","POINT (-74.004713006739 40.741869040229)"
"PASTA SHOP LLC","BAR PRIMI","325 BOWERY","NEW YORK","Manhattan","10003","Roadway","Issued","02/13/2026 02:42:57 PM","02/13/2030 11:59:59 PM","40.72574885656","-73.99201220281","2","103","1079109","1004587503","3602","MN0303","POINT (-73.992012202805 40.72574885656)"
"CAFFE SILVESTRI, INC","CAFFE NAPOLI","191 HESTER STREET","NEW YORK","Manhattan","10013","Sidewalk","Issued","08/14/2026 11:59:23 AM","08/14/2030 11:59:59 PM","40.71811591621","-73.9978030672","1","102","1003098","1002370036","41","MN0201","POINT (-73.997803067196 40.718115916207)"
"W LLC","THE WOOLY","390 BROOME STREET","NEW YORK","Manhattan","10013","Sidewalk","Issued","05/29/2026 12:14:59 PM","05/29/2030 11:59:59 PM","40.72053678069","-73.99690830859","1","102","1007204","1004810035","41","MN0201","POINT (-73.996908308594 40.720536780692)"
"SWEETGREEN NEW YORK LLC","SWEETGREEN","786 LEXINGTON AVENUE","NEW YORK","Manhattan","10065","Sidewalk","Issued","09/11/2026 11:07:27 AM","09/11/2030 11:59:59 PM","40.76361941333","-73.96717863267","4","108","1042013","1013960115","11402","MN0802","POINT (-73.967178632672 40.763619413331)"
"CARCAMAN INC","BAROLO EAST","214 EAST   49 STREET","NEW YORK","Manhattan","10017","Roadway","Issued","07/03/2025 01:11:31 PM","07/03/2029 11:59:59 PM","40.75494417413","-73.97066242902","4","106","1038030","1013220043","9","MN0604","POINT (-73.970662429017 40.754944174132)"
"JOE & THE JUICE NEW YORK LLC","JOE & THE JUICE","2460 BROADWAY","NEW YORK","Manhattan","10025","Sidewalk","Issued","07/21/2026 12:55:38 PM","07/21/2030 11:59:59 PM","40.79151610997","-73.97405183479","6","107","1033584","1012390023","179","MN0702","POINT (-73.974051834791 40.791516109969)"
"GUSTASO CORP.","EMPANADAS EL GUSTAZO RESTAURANTE","42-19 COLLEGE POINT BOULEVARD","FLUSHING","Queens","11355","Sidewalk","Issued","04/17/2026 02:14:21 PM","04/17/2030 11:59:59 PM","40.75450258905","-73.83304612234","20","407","4115048","4051010001","84901","QN0707","POINT (-73.833046122336 40.754502589049)"
"W & C FOOD LLC","SANGER HALL","48-20 SKILLMAN AVENUE","SUNNYSIDE","Queens","11104","Sidewalk","Issued","07/24/2026 02:14:36 PM","07/24/2030 11:59:59 PM","40.74630952463","-73.91588920253","26","402","4001199","4001350030","25301","QN0202","POINT (-73.915889202532 40.746309524626)"
"CITIZENS OF SOHO LLC","CITIZENS OF SOHO","201 LAFAYETTE STREET","NEW YORK","Manhattan","10012","Sidewalk","Issued","07/21/2026 10:11:40 AM","07/21/2030 11:59:59 PM","40.72134376547","-73.99794004988","1","102","1066733","1004827501","45","MN0201","POINT (-73.997940049882 40.721343765468)"
"UNION SQUARE CAFE II LLC","UNION SQUARE CAFE/ DAILY PROVISIONS","101 EAST   19 STREET","NEW YORK","Manhattan","10003","Sidewalk","Issued","06/12/2026 03:08:33 PM","06/12/2030 11:59:59 PM","40.73767176924","-73.9880269774","2","105","1017906","1008750001","5","MN0602","POINT (-73.988026977398 40.737671769238)"
"BAMONTES RESTAURANT CORP.","BAMONTE'S","32 WITHERS STREET","BROOKLYN","Brooklyn","11211","Roadway","Issued","05/16/2025 03:54:33 PM","05/16/2029 11:59:59 PM","40.71672774065","-73.95134021587","33","301","3068243","3027410013","515","BK0102","POINT (-73.951340215867 40.716727740645)"
"213 SIXTH AVENUE RIVIERA LLC","DEAN'S","213 6 AVENUE","NEW YORK","Manhattan","10014","Sidewalk","Issued","09/11/2026 10:18:57 AM","09/11/2030 11:59:59 PM","40.72730811396","-74.0033156992","3","102","1008099","1005190030","37","MN0201","POINT (-74.003315699204 40.72730811396)"
"THE CRYSTAL ROOM LP","BLUE RIBBON BRASSERIE","97 SULLIVAN STREET","NEW YORK","Manhattan","10012","Roadway","Issued","07/18/2025 02:55:29 PM","07/18/2029 11:59:59 PM","40.72552402101","-74.00313521782","1","102","1007775","1005030001","49","MN0201","POINT (-74.003135217816 40.725524021007)"
"KIJITORA INC","KIJITORA","309 GRAHAM AVENUE","BROOKLYN","Brooklyn","11211","Sidewalk","Issued","08/28/2026 01:22:57 PM","08/28/2030 11:59:59 PM","40.71337038465","-73.94420766269","34","301","3069055","3027700029","495","BK0104","POINT (-73.944207662692 40.713370384647)"
"LENA TRATTORIA LLC","LENA TRATTORIA","3470 EAST TREMONT AVENUE","BRONX","Bronx","10465","Sidewalk","Issued","08/07/2026 01:28:22 PM","08/07/2030 11:59:59 PM","40.8317725208","-73.8272033705","13","210","2079387","2055310028","166","BX1002","POINT (-73.827203370496 40.831772520802)"
"DULJO, CORP.","BROTHER'S PIZZERIA","30-50 14 STREET","ASTORIA","Queens","11102","Sidewalk","Issued","05/15/2026 09:28:39 AM","05/15/2030 11:59:59 PM","40.76965274574","-73.93089267477","22","401","4005669","4005160007","79","QN0102","POINT (-73.930892674772 40.76965274574)"
"IACCAS CORP","OLD FASHION CAFE","110 THOMPSON STREET","NEW YORK","Manhattan","10012","Roadway","Issued","10/03/2025 01:36:02 PM","10/03/2029 11:59:59 PM","40.72568049912","-74.0019410255","1","102","1007729","1005020012","49","MN0201","POINT (-74.001941025501 40.725680499116)"
"LIEBRE CAFE LLC","LIEBRE CAFE","4017 7 AVENUE","BROOKLYN","Brooklyn","11232","Sidewalk","Issued","08/07/2026 01:29:07 PM","08/07/2030 11:59:59 PM","40.64788538957","-74.00022702876","38","307","3341885","3009190001","9001","BK0703","POINT (-74.000227028762 40.647885389569)"
"SPRING CAFE NEW YORK, LLC","SPRING CAFE ASPEN","14 WEST    4 STREET","NEW YORK","Manhattan","10012","Sidewalk","Issued","04/03/2026 03:30:57 PM","04/03/2030 11:59:59 PM","40.72873807351","-73.9949451636","2","102","1008629","1005357501","5501","MN0202","POINT (-73.994945163601 40.728738073513)"
"LIRA OF NEW YORK INC","LUKE'S BAR & GRILL","1394 THIRD AVENUE","NEW YORK","Manhattan","10075","Sidewalk","Issued","07/21/2026 11:53:23 AM","07/21/2030 11:59:59 PM","40.77450180921","-73.95714325253","4","108","1047478","1015080035","14","MN0802","POINT (-73.957143252533 40.774501809212)"
"B & L MORDECAI INC","CODE RED","1320 EAST GUN HILL ROAD","BRONX","Bronx","10469","Sidewalk","Issued","09/18/2026 09:21:05 AM","09/18/2030 11:59:59 PM","40.87137831632","-73.84802827931","12","211","2056100","2045890048","35","BX1103","POINT (-73.848028279305 40.871378316319)"
"VABEH FIRST LLC","HAVE & MEYER","103 HAVEMEYER STREET","BROOKLYN","Brooklyn","11211","Sidewalk","Issued","06/05/2026 05:35:22 PM","06/05/2030 11:59:59 PM","40.71323571926","-73.95649021854","34","301","3062692","3023840003","519","BK0102","POINT (-73.956490218544 40.713235719259)"
"DMDD LLC","WALTER'S / KARASU","166 DEKALB AVENUE","BROOKLYN","Brooklyn","11217","Roadway","Issued","08/15/2025 04:10:23 PM","08/15/2029 11:59:59 PM","40.68961112153","-73.97327310655","35","302","3058963","3021010040","181","BK0203","POINT (-73.973273106546 40.68961112153)"
"THE BUREN, LLC","THE BUREN","1223 BROADWAY","BROOKLYN","Brooklyn","11221","Sidewalk","Issued","04/03/2026 03:52:05 PM","04/03/2030 11:59:59 PM","40.69186315234","-73.92619563785","37","304","3422191","3032830009","395","BK0402","POINT (-73.926195637853 40.69186315234)"
"JUICERIE NOLITA, LLC","THE BUTCHER'S DAUGHTER","19 KENMARE STREET","NEW YORK","Manhattan","10012","Sidewalk","Issued","06/05/2026 06:02:19 PM","06/05/2030 11:59:59 PM","40.72053395432","-73.99468243531","1","102","1007131","1004780012","41","MN0201","POINT (-73.994682435308 40.720533954323)"
"the elk nyc llc","THE ELK","128 CHARLES STREET","NEW YORK","Manhattan","10014","Roadway","Issued","07/24/2026 03:30:07 PM","07/24/2030 11:59:59 PM","40.73424943703","-74.0073609725","3","102","1011747","1006310017","75","MN0203","POINT (-74.007360972495 40.734249437026)"
"LENWICH 74TH LLC","LENWICH","302 COLUMBUS AVENUE","NEW YORK","Manhattan","10023","Sidewalk","Issued","07/24/2026 01:33:49 PM","07/24/2030 11:59:59 PM","40.77891023113","-73.97770723368","6","107","1030071","1011460030","161","MN0702","POINT (-73.977707233684 40.778910231132)"
"54TH STREET HOSPITALITY, LLC","IL GATTOPARDO","13 WEST   54 STREET","NEW YORK","Manhattan","10019","Roadway","Issued","04/17/2026 02:38:55 PM","04/17/2030 11:59:59 PM","40.7613599433","-73.97612843066","4","105","1034796","1012700026","104","MN0502","POINT (-73.976128430662 40.761359943296)"
"VENERDI INC.","ROSTICCERIA EVELINA","455 MYRTLE AVENUE","BROOKLYN","Brooklyn","11205","Sidewalk","Issued","06/25/2026 09:05:55 AM","06/25/2030 11:59:59 PM","40.69329853539","-73.96725304966","35","302","3054406","3018890092","191","BK0204","POINT (-73.967253049655 40.693298535388)"
"HL KOELN CORP.","DIE STANMKNEIPE (DSK)","710 FULTON STREET","BROOKLYN","Brooklyn","11217","Sidewalk","Issued","08/27/2026 10:35:51 AM","08/27/2030 11:59:59 PM","40.68595790368","-73.97360269485","35","302","3059289","3021150010","181","BK0203","POINT (-73.973602694851 40.685957903678)"
"HONEY MUSTARD LLC","ALPHAVILLE / LORI JAYNE","140 WILSON AVENUE","BROOKLYN","Brooklyn","11237","Roadway","Issued","07/03/2025 01:10:43 PM","07/03/2029 11:59:59 PM","40.70061584581","-73.92559444578","34","304","3072912","3032080032","423","BK0401","POINT (-73.925594445776 40.700615845813)"
"JOSEPH FOOD 1 CORP","MAYA TAQUERIA","168 5 AVENUE","BROOKLYN","Brooklyn","11217","Sidewalk","Issued","12/19/2025 10:54:09 AM","12/19/2029 11:59:59 PM","40.67758208748","-73.97967364544","39","306","3019560","3009490044","131","BK0602","POINT (-73.979673645442 40.677582087478)"
"EAT MADISON 91 LLC","ELI'S ESSENTIALS","26 EAST   91 STREET","NEW YORK","Manhattan","10128","Sidewalk","Issued","07/31/2026 01:05:28 PM","07/31/2030 11:59:59 PM","40.78426761578","-73.95706833263","4","108","1047004","1015020056","15002","MN0802","POINT (-73.957068332628 40.784267615779)"
"BROOKLYN HERO SHOP LLC","BROOKLYN HERO SHOP","270 VANDERBILT AVENUE","BROOKLYN","Brooklyn","11205","Roadway","Issued","09/04/2026 10:09:33 AM","09/04/2030 11:59:59 PM","40.68914070306","-73.96905082257","35","302","3059141","3021050034","197","BK0204","POINT (-73.969050822571 40.68914070306)"
"TGD GROUP INC","BOTTEGA","1331 2 AVENUE","NEW YORK","Manhattan","10021","Sidewalk","Issued","05/29/2026 10:26:23 AM","05/29/2030 11:59:59 PM","40.76763244395","-73.9592271283","5","108","1072227","1014257501","12602","MN0801","POINT (-73.959227128297 40.76763244395)"
"ANISSA LOVE LLC","FIGO IL GELATO ITALIANO","189 BLEECKER STREET","NEW YORK","Manhattan","10012","Sidewalk","Issued","07/21/2026 11:09:15 AM","07/21/2030 11:59:59 PM","40.72924046919","-74.00133858565","2","102","1084932","1005427502","65","MN0202","POINT (-74.00133858565 40.729240469193)"
"OREGANO LLC","OREGANO","102 BERRY STREET","BROOKLYN","Brooklyn","11249","Roadway","Issued","11/21/2025 01:24:12 PM","11/21/2029 11:59:59 PM","40.71901698591","-73.95860763538","33","301","3324818","3023180017","557","BK0102","POINT (-73.95860763538 40.719016985907)"
"BARNEY GREENGRASS INC.","BARNEY GREENGRASS","541 AMSTERDAM AVENUE","NEW YORK","Manhattan","10024","Sidewalk","Issued","04/24/2026 02:22:28 PM","04/24/2030 11:59:59 PM","40.78782460723","-73.97489469674","6","107","1032218","1012170064","173","MN0702","POINT (-73.974894696743 40.787824607234)"
"BROOKLYN THIN CRUST INC","BRADO THIN CRUST PIZZA","155 ATLANTIC AVENUE","BROOKLYN","Brooklyn","11201","Sidewalk","Issued","08/14/2026 11:56:45 AM","08/14/2030 11:59:59 PM","40.69041285632","-73.9949805337","33","302","3331259","3002757502","7","BK0201","POINT (-73.994980533703 40.690412856324)"
"CACHE SP LLC","STARS","139 EAST   12 STREET","NEW YORK","Manhattan","10003","Sidewalk","Issued","07/31/2026 02:23:59 PM","07/31/2030 11:59:59 PM","40.73220152312","-73.9887099155","2","103","1009025","1005580036","42","MN0303","POINT (-73.9887099155 40.732201523124)"
"STARJEM RESTAURANT CORP","FRESCO BY SCOTTO","34 EAST   52 STREET","NEW YORK","Manhattan","10022","Roadway","Issued","03/27/2026 08:42:09 AM","03/27/2030 11:59:59 PM","40.75894691109","-73.97432446726","4","105","1035474","1012870052","102","MN0502","POINT (-73.974324467264 40.758946911086)"
"PINK FOREST INC","PINK FOREST","72-01 AUSTIN STREET","FOREST HILLS","Queens","11375","Sidewalk","Issued","08/28/2026 09:19:20 AM","08/28/2030 11:59:59 PM","40.7192813087","-73.84246011211","29","406","4078033","4032580033","737","QN0602","POINT (-73.842460112112 40.719281308702)"
"STOUT 35TH STREET INC.","STOUT NYC","213 WEST   35 STREET","NEW YORK","Manhattan","10001","Roadway","Issued","09/04/2026 10:38:47 AM","09/04/2030 11:59:59 PM","40.75193929826","-73.99079633155","3","105","1014428","1007850029","109","MN0502","POINT (-73.99079633155 40.751939298258)"
"ANTWERP B LLC","CAFE D'ANVERS/MOJO DESSERTS","1567 LEXINGTON AVENUE","NEW YORK","Manhattan","10029","Sidewalk","Issued","05/08/2026 12:27:23 PM","05/08/2030 11:59:59 PM","40.78851318418","-73.9489835563","8","111","1051795","1016280022","166","MN1101","POINT (-73.948983556298 40.788513184176)"
"179 3RD AVENUE LLC","FOLLIA","179 3 AVENUE","NEW YORK","Manhattan","10003","Roadway","Issued","03/13/2026 02:44:12 PM","03/13/2030 11:59:59 PM","40.73496519575","-73.98594544259","2","106","1019550","1008970075","48","MN0602","POINT (-73.985945442586 40.734965195748)"
"BLEECKER HOSPITALITY LLC","SUPER BURRITO","169 BLEECKER STREET","NEW YORK","Manhattan","10012","Roadway","Issued","05/15/2026 09:27:54 AM","05/15/2030 11:59:59 PM","40.72873818445","-74.00031750578","2","102","1008687","1005390042","65","MN0202","POINT (-74.000317505784 40.728738184452)"
"JO-RACH INCORPORATED","CAFFE PALERMO","148 MULBERRY STREET","NEW YORK","Manhattan","10013","Roadway","Issued","01/02/2026 02:52:53 PM","01/02/2030 11:59:59 PM","40.71892836074","-73.99747475898","1","102","1077451","1002370012","41","MN0201","POINT (-73.997474758979 40.718928360738)"
"A SERIES OF EVENTS LLC","TOURMALINE / MY KITCHEN","106-17 METROPOLITAN AVENUE","FOREST HILLS","Queens","11375","Sidewalk","Issued","08/28/2026 08:58:13 AM","08/28/2030 11:59:59 PM","40.70978179376","-73.84661626737","29","406","4078099","4032610081","731","QN0602","POINT (-73.846616267369 40.709781793757)"
"BARRIO CHINO LLC","BARRIO CHINO","253 BROOME STREET","NEW YORK","Manhattan","10002","Roadway","Issued","06/27/2025 07:42:23 PM","06/27/2029 11:59:59 PM","40.71803041097","-73.98997132128","1","103","1005274","1004080010","18","MN0302","POINT (-73.989971321275 40.718030410967)"
"967 LEXINGTON AVENUE CORP.","BELLA BLU","967 LEXINGTON AVENUE","NEW YORK","Manhattan","10021","Roadway","Issued","05/29/2026 10:22:39 AM","05/29/2030 11:59:59 PM","40.76928332759","-73.96302046088","4","108","1042727","1014050021","128","MN0802","POINT (-73.963020460881 40.769283327591)"
"PDS IRISH PUB LLC","P.McDAID'S IRISH PUB","837 7 AVENUE","NEW YORK","Manhattan","10019","Sidewalk","Issued","07/20/2026 05:08:03 PM","07/20/2030 11:59:59 PM","40.76344146599","-73.98152810345","4","105","1023165","1010060063","131","MN0502","POINT (-73.981528103445 40.763441465992)"
"GOOD LUCK RIBBON CORP.","BRICIOLA","14 BEDFORD STREET","NEW YORK","Manhattan","10014","Roadway","Issued","05/08/2026 12:20:30 PM","05/08/2030 11:59:59 PM","40.72907299313","-74.00349258124","3","102","1008347","1005270007","67","MN0203","POINT (-74.003492581242 40.72907299313)"
"BROOKLYN DT LLC","TIPSY TURTLE","1003 2 AVENUE","NEW YORK","Manhattan","10022","Sidewalk","Issued","08/07/2026 02:18:32 PM","08/07/2030 11:59:59 PM","40.75685355946","-73.96709535013","4","106","1038559","1013270021","98","MN0604","POINT (-73.96709535013 40.756853559455)"
"JAOSUB INC","SUP THAI KITCHEN","178-19 UNION TURNPIKE","FRESH MEADOWS","Queens","11366","Sidewalk","Issued","08/21/2026 01:41:12 PM","08/21/2030 11:59:59 PM","40.72645908831","-73.78954398282","24","408","4154679","4071910042","1339","QN0803","POINT (-73.789543982816 40.726459088308)"
"MCCBREN CORP.","TRIONA'S","237 SULLIVAN STREET","NEW YORK","Manhattan","10012","Roadway","Issued","09/04/2026 10:42:46 AM","09/04/2030 11:59:59 PM","40.72974276845","-73.99961393599","2","102","1008671","1005390014","65","MN0202","POINT (-73.999613935988 40.729742768446)"
"55 BOND STREET LLC","FISH CHEEKS","55 BOND STREET","NEW YORK","Manhattan","10012","Roadway","Issued","06/27/2025 08:01:56 PM","06/27/2029 11:59:59 PM","40.72589986001","-73.99262912973","2","102","1008437","1005290035","5502","MN0202","POINT (-73.992629129726 40.725899860012)"
"93 LUDLOW ST. INC.","LE JARDIN BISTRO / THE DL","95 DELANCEY STREET","NEW YORK","Manhattan","10002","Sidewalk","Issued","03/27/2026 08:28:00 AM","03/27/2030 11:59:59 PM","40.71884279385","-73.98921723471","1","103","1005289","1004090017","18","MN0302","POINT (-73.989217234711 40.718842793849)"
"PEARL AND FRONT CORP.","LOS TACOS AL PASTOR","141 FRONT STREET","BROOKLYN","Brooklyn","11201","Roadway","Issued","06/19/2026 02:28:05 PM","06/19/2030 11:59:59 PM","40.70245359998","-73.98749233811","33","302","3000090","3000400001","21","BK0202","POINT (-73.987492338112 40.702453599978)"
"SANGSIRI INC","LEMONGRASS GRILL","156 COURT STREET","BROOKLYN","Brooklyn","11201","Roadway","Issued","06/06/2025 10:10:09 AM","06/06/2029 11:59:59 PM","40.68864511083","-73.99287846113","39","306","3003071","3002920032","45","BK0601","POINT (-73.992878461127 40.688645110825)"
"LOUGH DUFF REST INC.","BRADY'S","1583 2 AVENUE","NEW YORK","Manhattan","10028","Sidewalk","Issued","07/21/2026 08:46:35 AM","07/21/2030 11:59:59 PM","40.77543362087","-73.95353209001","5","108","1048656","1015280021","138","MN0803","POINT (-73.953532090009 40.775433620871)"
"OLD FULTON HILI COFFEE HOUSE LLC","ARABICA COFFEE","20 OLD FULTON STREET","BROOKLYN","Brooklyn","11201","Sidewalk","Issued","07/20/2026 02:27:40 PM","07/20/2030 11:59:59 PM","40.70277801594","-73.99415007883","33","302","3429079","3002010005","1","BK0201","POINT (-73.994150078825 40.702778015936)"
"217 W85 LLC","ELEA","217 WEST   85 STREET","NEW YORK","Manhattan","10024","Sidewalk","Issued","12/12/2025 03:32:46 PM","12/12/2029 11:59:59 PM","40.78729789339","-73.97620215271","6","107","1033133","1012330016","171","MN0702","POINT (-73.976202152711 40.787297893391)"
"CORNER JOINT LLC","NIGHTLY'S","1496 2 AVENUE","NEW YORK","Manhattan","10075","Sidewalk","Issued","08/14/2026 01:28:42 PM","08/14/2030 11:59:59 PM","40.77254970679","-73.95561370255","5","108","1045225","1014520049","134","MN0801","POINT (-73.955613702549 40.772549706788)"
"TIG ASTORIA LLC","SWEET AFTON / SIDEKICK","30-09 34 STREET","ASTORIA","Queens","11103","Sidewalk","Issued","05/22/2026 12:06:41 PM","05/22/2030 11:59:59 PM","40.76527832011","-73.91937047341","22","401","4009125","4006260141","63","QN0103","POINT (-73.919370473408 40.76527832011)"
"WEST FOURTEENTH KITCHEN LLC","BAREBURGER","2233 BROADWAY","NEW YORK","Manhattan","10024","Sidewalk","Issued","08/07/2026 11:52:16 AM","08/07/2030 11:59:59 PM","40.78426012061","-73.97967706375","6","107","1032645","1012270054","167","MN0702","POINT (-73.979677063748 40.784260120614)"
"FRANKLIN HOSPITALITY GROUP LLC","GOLDA","504 FRANKLIN AVENUE","BROOKLYN","Brooklyn","11238","Sidewalk","Issued","10/24/2025 03:35:28 PM","10/24/2029 11:59:59 PM","40.68144547914","-73.9557430789","36","303","3057387","3019970040","227","BK0301","POINT (-73.955743078897 40.681445479141)"
"ACS COLUMBUS LLC","LOKAL","473 COLUMBUS AVENUE","NEW YORK","Manhattan","10024","Sidewalk","Issued","06/12/2026 02:38:28 PM","06/12/2030 11:59:59 PM","40.78431929992","-73.97373687844","6","107","1031203","1011960062","169","MN0702","POINT (-73.97373687844 40.784319299916)"
"KOLKATA CHAI CAFE 2 LLC","KOLKATA CHAI CO","60 KENMARE STREET","NEW YORK","Manhattan","10012","Sidewalk","Issued","05/15/2026 12:29:30 PM","05/15/2030 11:59:59 PM","40.7209484663","-73.99595949143","1","102","1007186","1004800033","41","MN0201","POINT (-73.995959491426 40.720948466301)"
"COFFEE AND BREAKFAST LLC","C & B","178 EAST    7 STREET","NEW YORK","Manhattan","10009","Roadway","Issued","06/18/2025 03:33:55 PM","06/18/2029 11:59:59 PM","40.7252618502","-73.98169386365","2","103","1005093","1004020032","32","MN0303","POINT (-73.981693863648 40.725261850203)"
"KILLOWEN WESTSIDE LLC","KEG & LANTERN","29 7 AVENUE SOUTH","NEW YORK","Manhattan","10014","Sidewalk","Issued","09/25/2026 11:41:21 AM","09/25/2030 11:59:59 PM","40.73080490911","-74.00439470552","3","102","1087324","1005860045","67","MN0203","POINT (-74.004394705519 40.730804909105)"
"2343 ENZO HOLDINGS LLC","ENZO'S OF ARTHUR AVE","2339 & 2343 ARTHUR AVE","BRONX","Bronx","10458","Sidewalk","Issued","05/15/2026 09:45:13 AM","05/15/2030 11:59:59 PM","42.1264412","-70.8480884","46","318",,,,,"POINT (-70.8480884 42.1264412)"
"PVM  100 FIFTH AVE LLC","PURA VIDA MIAMI","100 5 AVENUE","NEW YORK","Manhattan","10011","Sidewalk","Issued","07/31/2026 01:42:17 PM","07/31/2030 11:59:59 PM","40.73687345373","-73.99299236583","3","105","1080621","1008177502","54","MN0501","POINT (-73.992992365827 40.736873453731)"
"BK RESTAURANT PARTNERS, LLC","PERA MEDITERRANEAN BRASSERIE","303 MADISON AVENUE","NEW YORK","Manhattan","10017","Sidewalk","Issued","05/29/2026 11:49:40 AM","05/29/2030 11:59:59 PM","40.75233035731","-73.97961465642","4","105","1035335","1012760042","82","MN0502","POINT (-73.979614656424 40.752330357313)"
"ARRIBA ARRIBA MEXICAN RESTAURANT INC.","ARRIBA ARRIBA","762 9 AVENUE","NEW YORK","Manhattan","10019","Sidewalk","Issued","07/02/2026 03:37:21 PM","07/02/2030 11:59:59 PM","40.76419717623","-73.98841567502","3","104","1025191","1010420001","133","MN0402","POINT (-73.988415675015 40.76419717623)"
"P.S.B. SATELLITES LTD","HENRY STREET ALE HOUSE","62 HENRY STREET","BROOKLYN","Brooklyn","11201","Roadway","Issued","07/21/2026 11:23:11 AM","07/21/2030 11:59:59 PM","40.69911088691","-73.99222457852","33","302","3001647","3002210027","1","BK0201","POINT (-73.992224578524 40.69911088691)"
"BROOKLYN PUTNAM ARMORY LLC","BROOKLYN PUTNAM ARMORY","570 PUTNAM AVENUE","BROOKLYN","Brooklyn","11221","Sidewalk","Issued","07/31/2026 12:11:43 PM","07/31/2030 11:59:59 PM","40.68527776087","-73.9390535296","36","303","3052156","3018310041","275","BK0302","POINT (-73.939053529598 40.685277760869)"
"HUNGRY LLAMA LLC","HUNGRY LLAMA","679 WASHINGTON STREET","NEW YORK","Manhattan","10014","Roadway","Issued","05/08/2026 01:50:39 PM","05/08/2030 11:59:59 PM","40.73385960163","-74.00850115164","3","102","1011761","1006317502","75","MN0203","POINT (-74.008501151643 40.733859601633)"
"CHEESEBOAT LLC","CHEESEBOAT","80 BERRY STREET","BROOKLYN","Brooklyn","11249","Roadway","Issued","08/08/2025 02:41:55 PM","08/08/2029 11:59:59 PM","40.719820887","-73.95774132552","33","301","3061661","3023030040","557","BK0102","POINT (-73.957741325522 40.719820886998)"
"MAXI'S NOODLE INC","MAXI'S NOODLE","135-11 38 AVENUE","FLUSHING","Queens","11354","Sidewalk","Issued","03/27/2026 09:54:53 AM","03/27/2030 11:59:59 PM","40.76030653302","-73.8322012773","20","407","4112301","4049740060","871","QN0707","POINT (-73.832201277296 40.76030653302)"
"MAMAN TRIBECA LLC","MAMAN","211 WEST BROADWAY","NEW YORK","Manhattan","10013","Roadway","Issued","04/17/2026 03:02:39 PM","04/17/2030 11:59:59 PM","40.71893369261","-74.00652233734","1","101","1079278","1001787502","33","MN0102","POINT (-74.006522337337 40.718933692611)"
"79 RESTAURANT CORP.","WHISKEY TAVERN","79 BAXTER STREET","NEW YORK","Manhattan","10013","Roadway","Issued","03/24/2025 04:23:19 PM","03/24/2029 11:59:59 PM","40.71648280021","-73.99995310439","1","103","1076900","1001990001","2902","MN0301","POINT (-73.999953104394 40.716482800206)"
"RUBY'S EAST VILLAGE LLC","RUBY'S CAFE","55 3 AVENUE","NEW YORK","Manhattan","10003","Sidewalk","Issued","08/14/2026 01:59:07 PM","08/14/2030 11:59:59 PM","40.73098834968","-73.98884001497","2","103","1006807","1004667502","4002","MN0303","POINT (-73.988840014972 40.730988349684)"
"SAINT JANE LLC","HUDA","312 LEONARD STREET","BROOKLYN","Brooklyn","11211","Sidewalk","Issued","06/13/2025 09:10:36 AM","06/13/2029 11:59:59 PM","40.71501346577","-73.94783880811","34","301","3322871","3027530001","501","BK0104","POINT (-73.94783880811 40.715013465769)"
"BALANCE BROOKLYN LLC.","NEM'S JAPANDI BISTRO / KOI BA","80 NORTH    6 STREET","BROOKLYN","Brooklyn","11249","Sidewalk","Issued","06/19/2026 11:29:04 AM","06/19/2030 11:59:59 PM","40.71910575087","-73.96127712796","33","301","3062161","3023330019","555","BK0102","POINT (-73.961277127961 40.719105750868)"
"HOWL AT THE MOON RESTAURANT CORP","HOWL AT THE MOON BAR & GRILL","585 EAST  189 STREET","BRONX","Bronx","10458","Roadway","Issued","09/02/2026 02:41:46 PM","09/02/2030 11:59:59 PM","40.85760021265","-73.88643716989","15","206","2099894","2030670069","389","BX0603","POINT (-73.88643716989 40.857600212645)"
"FAMOUS CORNER USA INC","GRILL POINT","1215 LEXINGTON AVENUE","NEW YORK","Manhattan","10028","Roadway","Issued","05/08/2026 01:42:37 PM","05/08/2030 11:59:59 PM","40.7771066442","-73.95731127024","4","108","1047610","1015110020","14","MN0802","POINT (-73.957311270239 40.777106644198)"
"22 WEST 46 STREET LTD","ST. PATRICK'S BAR AND GRILL","22 WEST   46 STREET","NEW YORK","Manhattan","10036","Roadway","Issued","10/31/2025 11:44:16 AM","10/31/2029 11:59:59 PM","40.75641737007","-73.97998518194","4","105","1034258","1012610051","96","MN0502","POINT (-73.979985181942 40.756417370066)"
"442 AMSTERDAM RESTAURANT, CORP","THE GIN MILL","442 AMSTERDAM AVENUE","NEW YORK","Manhattan","10024","Sidewalk","Issued","05/15/2026 01:31:44 PM","05/15/2030 11:59:59 PM","40.78465490685","-73.97723586478","6","107","1032682","1012297503","167","MN0702","POINT (-73.977235864784 40.784654906846)"
"WOGIE'S INC","WOGIES","39 GREENWICH AVENUE","NEW YORK","Manhattan","10014","Roadway","Issued","11/21/2025 01:28:56 PM","11/21/2029 11:59:59 PM","40.73539149439","-74.00042218069","3","102","1010896","1006120065","71","MN0203","POINT (-74.000422180686 40.73539149439)"
"GREENSTICK CORP","LEGENDS NYC","6 WEST   33 STREET","NEW YORK","Manhattan","10001","Sidewalk","Issued","02/13/2026 03:55:23 PM","02/13/2030 11:59:59 PM","40.74793139552","-73.9854626911","4","105","1083631","1008340049","76","MN0501","POINT (-73.985462691098 40.747931395517)"
"SAMPA RESTAURANT LLC","BECO","45 RICHARDSON STREET","BROOKLYN","Brooklyn","11211","Sidewalk","Issued","03/13/2026 01:33:15 PM","03/13/2030 11:59:59 PM","40.71825076587","-73.95058874985","33","301","3322738","3027210033","515","BK0102","POINT (-73.950588749846 40.718250765872)"
"N & A PRODUCTIONS INC","PLAYWRIGHT IRISH PUB","27 WEST   35 STREET","NEW YORK","Manhattan","10001","Sidewalk","Issued","07/24/2026 02:09:05 PM","07/24/2030 11:59:59 PM","40.74958096514","-73.98521329815","4","105","1015892","1008370026","84","MN0502","POINT (-73.985213298148 40.74958096514)"
"NACO NYC LLC","CHACHATANG","10 DOWNING STREET","NEW YORK","Manhattan","10014","Sidewalk","Issued","03/27/2026 08:47:54 AM","03/27/2030 11:59:59 PM","40.72958902744","-74.00282511609","3","102","1008350","1005270027","67","MN0203","POINT (-74.002825116086 40.729589027438)"
"TB 584 AMSTERDAM RESTAURANT CORP.","BODRUM","584 AMSTERDAM AVENUE","NEW YORK","Manhattan","10024","Roadway","Issued","04/17/2026 12:12:13 PM","04/17/2030 11:59:59 PM","40.7891528568","-73.97395164281","6","107","1033295","1012360032","175","MN0702","POINT (-73.973951642805 40.789152856795)"
"PARCELLE 72 MACDOUGAL LLC","PARCELLE","72 MACDOUGAL STREET","NEW YORK","Manhattan","10012","Roadway","Issued","05/08/2026 02:24:08 PM","05/08/2030 11:59:59 PM","40.72829900655","-74.0019050221","2","102","1008341","1005260084","65","MN0202","POINT (-74.001905022102 40.728299006553)"
"DUGOUTBX 2 LLC","DUGOUTBX - YANKEE STADIUM","880 RIVER AVENUE","BRONX","Bronx","10452","Roadway","Issued","04/17/2026 01:51:27 PM","04/17/2030 11:59:59 PM","40.82832670248","-73.92562452986","16","204","2002988","2024840009","195","BX0401","POINT (-73.92562452986 40.828326702476)"
"SULLALUNA NEW YORK LLC","SULLALUNA","41 CARMINE STREET","NEW YORK","Manhattan","10014","Sidewalk","Issued","08/21/2026 01:40:35 PM","08/21/2030 11:59:59 PM","40.73000895872","-74.00347459004","3","102","1083523","1005860038","67","MN0203","POINT (-74.00347459004 40.730008958719)"
"GT OPERATING COMPANY LLC.","GRAMERCY TAVERN","42 EAST   20 STREET","NEW YORK","Manhattan","10003","Sidewalk","Issued","07/31/2026 01:16:10 PM","07/31/2030 11:59:59 PM","40.73884388325","-73.98902633975","2","105","1016177","1008487503","52","MN0501","POINT (-73.989026339753 40.738843883247)"
"RAW SUGAR BROOKLYN LLC","GEORGE AND JACKS TAP ROOM","103 BERRY STREET","BROOKLYN","Brooklyn","11249","Sidewalk","Issued","05/22/2026 10:03:48 AM","05/22/2030 11:59:59 PM","40.71909379898","-73.9584957551","33","301","3061915","3023190008","553","BK0102","POINT (-73.958495755097 40.719093798979)"
"NGMC RESTAURANT INCORPORATED","CYCLO","5-51 47 AVENUE","LONG ISLAND CITY","Queens","11101","Sidewalk","Issued","03/24/2025 04:14:54 PM","03/24/2029 11:59:59 PM","40.74587595329","-73.95513711591","26","402","4000043","4000280001","702","QN0201","POINT (-73.95513711591 40.745875953294)"
"DAILY PROVISIONS OPERATIONS LLC","DAILY PROVISIONS","151 COURT STREET","BROOKLYN","Brooklyn","11201","Sidewalk","Issued","05/29/2026 10:36:46 AM","05/29/2030 11:59:59 PM","40.68913091958","-73.99262239235","33","302","3393032","3002790022","43","BK0202","POINT (-73.992622392352 40.689130919576)"
"BROTHER'S BAKERY CAFE CORP","BROTHER'S BAKERY CAFE","2155 2 AVENUE","NEW YORK","Manhattan","10029","Sidewalk","Issued","08/14/2026 11:57:31 AM","08/14/2030 11:59:59 PM","40.7936663457","-73.94022518658","8","111","1052472","1016600028","18","MN1102","POINT (-73.940225186578 40.793666345699)"
"360 NIGEL LLC","NILI CAFE","360 SMITH STREET","BROOKLYN","Brooklyn","11231","Sidewalk","Issued","02/27/2026 01:51:57 PM","02/27/2030 11:59:59 PM","40.67929381172","-73.99590073423","39","306","3330272","3004590024","77","BK0601","POINT (-73.995900734228 40.679293811719)"
"CAFE REGULIER, LLC.","CAFE REGULAR","158 BERKELEY PLACE","BROOKLYN","Brooklyn","11217","Sidewalk","Issued","04/03/2026 10:10:00 AM","04/03/2030 11:59:59 PM","40.67531136837","-73.97562579166","39","306","3019869","3009540037","159","BK0602","POINT (-73.975625791658 40.67531136837)"
"Gourmet Club India Inc","BHATTI INDIAN GRILL","100 LEXINGTON AVENUE","NEW YORK","Manhattan","10016","Roadway","Issued","02/13/2026 02:56:52 PM","02/13/2030 11:59:59 PM","40.74220549656","-73.98308938617","2","105","1018167","1008830020","68","MN0602","POINT (-73.983089386167 40.742205496564)"
"ERS RESTAURANT INC","ZIA MARIA","318 WEST   23 STREET","NEW YORK","Manhattan","10011","Sidewalk","Issued","07/31/2026 03:09:22 PM","07/31/2030 11:59:59 PM","40.74561299064","-73.99928543034","3","104","1087067","1007467506","93","MN0401","POINT (-73.999285430339 40.745612990641)"
"SYVROS RESTAURANT CORP","ZORBA'S DINER","29-05 23 AVENUE","ASTORIA","Queens","11105","Sidewalk","Issued","02/07/2025 04:53:56 PM","02/07/2029 11:59:59 PM","40.77495220869","-73.91369739546","22","401","4017587","4008440003","115","QN0101","POINT (-73.913697395461 40.774952208686)"
"AGLANTCL INC.","TWIST IT TOP IT","66-02 FRESH POND ROAD","RIDGEWOOD","Queens","11385","Sidewalk","Issued","06/05/2026 06:03:08 PM","06/05/2030 11:59:59 PM","40.70888689862","-73.89836357534","30","405","4443089","4035270065","587","QN0502","POINT (-73.898363575337 40.708886898616)"
"MADE IN SUD RESTAURANT INC","PIZZA SECRET","72 5 AVENUE","BROOKLYN","Brooklyn","11217","Sidewalk","Issued","05/01/2026 12:04:51 PM","05/01/2030 11:59:59 PM","40.68076836975","-73.97752023774","39","306","3018664","3009340039","12901","BK0602","POINT (-73.977520237742 40.68076836975)"
"IL COMMENDATORE REST INC.","CASA BELLA","127 MULBERRY STREET","NEW YORK","Manhattan","10013","Roadway","Issued","04/17/2026 12:23:13 PM","04/17/2030 11:59:59 PM","40.71799515067","-73.99803755456","1","102","1002652","1002060016","41","MN0201","POINT (-73.998037554562 40.717995150669)"
"BROOKLYN BURGER & BEERS CORP","BROOKLYN BURGERS & BEER","259 5 AVENUE","BROOKLYN","Brooklyn","11215","Sidewalk","Issued","06/26/2026 01:34:26 PM","06/26/2030 11:59:59 PM","40.67450006789","-73.98184123836","39","306","3020609","3009650010","133","BK0602","POINT (-73.981841238358 40.674500067886)"
"TIGER ALE LLC","BLIND TIGER","281 BLEECKER STREET","NEW YORK","Manhattan","10014","Roadway","Issued","06/03/2026 12:19:11 PM","06/03/2030 11:59:59 PM","40.7317793372","-74.00330870617","3","102","1010152","1005900049","67","MN0203","POINT (-74.003308706172 40.731779337195)"
"ASTORIA BRICK, LLC","MOM'S KITCHEN & BAR / LILY'S","30-95 33 STREET","ASTORIA","Queens","11102","Sidewalk","Issued","05/08/2026 01:44:22 PM","05/08/2030 11:59:59 PM","40.76376208702","-73.9217079384","22","401","4009053","4006250108","63","QN0103","POINT (-73.921707938401 40.763762087023)"
"1483 FIRST AVENUE RESTAURANT INC","MARUZZELLA","1483 FIRST AVENUE","NEW YORK","Manhattan","10075","Sidewalk","Issued","08/07/2026 01:31:59 PM","08/07/2030 11:59:59 PM","40.77124236423","-73.95349531212","5","108","1045210","1014520024","134","MN0801","POINT (-73.953495312122 40.771242364227)"
"MARIANNE'S PIZZA CAFE INC","Marianne Pizza Cafe","6100 RIVERDALE AVENUE","BRONX","Bronx","10471","Sidewalk","Issued","08/14/2026 12:57:25 PM","08/14/2030 11:59:59 PM","40.91047336183","-73.90310832775","11","208","2085665","2058871309","337","BX0803","POINT (-73.903108327748 40.910473361828)"
"CEBU BROOKLYN HOSPITALITY GROUP INC.","CEBU","8801 3 AVENUE","BROOKLYN","Brooklyn","11209","Roadway","Issued","03/13/2026 01:41:11 PM","03/13/2030 11:59:59 PM","40.62193732727","-74.03167076117","47","310","3154055","3060620010","6","BK1001","POINT (-74.031670761166 40.621937327269)"
"1TYGER LLC","THE TYGER / SOUTH SOHO BAR","1 HOWARD STREET","NEW YORK","Manhattan","10013","Sidewalk","Issued","04/10/2026 01:06:57 PM","04/10/2030 11:59:59 PM","40.71894211044","-73.99933261474","1","102","1002675","1002080019","45","MN0201","POINT (-73.999332614735 40.718942110436)"
"PARKSIDE HOSPITALITY LLC","GLORIA","544 UNION AVENUE","BROOKLYN","Brooklyn","11211","Roadway","Issued","09/25/2026 09:20:02 AM","09/25/2030 11:59:59 PM","40.71731526128","-73.95167166609","33","301","3413895","3027360001","515","BK0102","POINT (-73.951671666086 40.71731526128)"
"CK 46 LLC","CARMEN'S KITCHEN / 2 BROS PIZZA","45 WEST   46 STREET","NEW YORK","Manhattan","10036","Roadway","Issued","07/02/2026 04:00:05 PM","07/02/2030 11:59:59 PM","40.75666174557","-73.98051931996","4","105","1034320","1012620017","96","MN0502","POINT (-73.980519319958 40.756661745572)"
"UPRIGHT HOLDINGS 547 LLC","LEITAO","547 HUDSON STREET","NEW YORK","Manhattan","10014","Roadway","Issued","10/03/2025 01:33:21 PM","10/03/2029 11:59:59 PM","40.73495491499","-74.00610895043","3","102","1011852","1006320149","75","MN0203","POINT (-74.006108950432 40.734954914987)"
"AURORA EAST, INC.","MONTESACRO","432 UNION AVENUE","BROOKLYN","Brooklyn","11211","Roadway","Issued","04/04/2025 04:33:19 PM","04/04/2029 11:59:59 PM","40.7133242923","-73.95149421177","34","301","3068767","3027610003","513","BK0102","POINT (-73.951494211773 40.713324292298)"
"66 IRVING LLC","PETE'S TAVERN","129 EAST   18 STREET","NEW YORK","Manhattan","10003","Sidewalk","Issued","03/24/2025 04:20:19 PM","03/24/2029 11:59:59 PM","40.73635138988","-73.98668487807","2","106","1080800","1008740023","5","MN0602","POINT (-73.98668487807 40.73635138988)"
"18 FRONT INC.","MOTHER'S RUIN","18 SPRING STREET","NEW YORK","Manhattan","10012","Sidewalk","Issued","08/14/2026 01:26:35 PM","08/14/2030 11:59:59 PM","40.72140405875","-73.99497458298","1","102","1083495","1004790019","41","MN0201","POINT (-73.994974582975 40.721404058749)"
"ISAIAH 45 CORP","ANTOJITOS DEL PATRON","52 LINCOLN ROAD","BROOKLYN","Brooklyn","11225","Sidewalk","Issued","05/29/2026 09:06:50 AM","05/29/2030 11:59:59 PM","40.66083689186","-73.96110203159","40","309","3114594","3050260065","79802","BK0902","POINT (-73.961102031593 40.660836891861)"
"GAMMA THOMPSON CORP","BLUE HAVEN","108 WEST HOUSTON STREET","NEW YORK","Manhattan","10012","Roadway","Issued","02/13/2026 02:58:36 PM","02/13/2030 11:59:59 PM","40.72734384146","-74.00073962862","2","102","1008252","1005250025","65","MN0202","POINT (-74.000739628621 40.727343841457)"
"Neju Inc.","TUSCAN HILLS","110-60 QUEENS BOULEVARD","FOREST HILLS","Queens","11375","Sidewalk","Issued","03/27/2026 10:56:34 AM","03/27/2030 11:59:59 PM","40.71920232987","-73.83895380167","29","406","4078799","4032927501","76901","QN0602","POINT (-73.838953801674 40.719202329866)"
"STAN'S SPORTS BAR INC.","STAN'S SPORTS BAR","836 RIVER AVENUE","BRONX","Bronx","10451","Sidewalk","Issued","04/17/2026 04:04:27 PM","04/17/2030 11:59:59 PM","40.82689173433","-73.92644998706","16","204","2002979","2024830032","6301","BX0401","POINT (-73.926449987063 40.826891734326)"
"D & S DINING GROUP, LLC","SALUMERIA ROSI","283 AMSTERDAM AVENUE","NEW YORK","Manhattan","10023","Roadway","Issued","08/29/2025 01:46:29 PM","08/29/2029 11:59:59 PM","40.7794734955","-73.98098563266","6","107","1030007","1011450001","157","MN0701","POINT (-73.980985632664 40.779473495502)"
"SYCAMORE LEE CORP","SYCAMORE","1118 CORTELYOU ROAD","BROOKLYN","Brooklyn","11218","Sidewalk","Issued","07/31/2026 02:56:20 PM","07/31/2030 11:59:59 PM","40.63974529579","-73.96766857679","40","314","3118611","3051540009","526","BK1402","POINT (-73.967668576794 40.639745295786)"
"SHAKE SHACK NEW YORK LLC","SHAKE SHACK (INNOVATION KITCHEN)","225 VARICK STREET","NEW YORK","Manhattan","10014","Sidewalk","Issued","09/04/2026 10:35:56 AM","09/04/2030 11:59:59 PM","40.72913880071","-74.00524609314","3","102","1009758","1005810063","67","MN0203","POINT (-74.005246093142 40.72913880071)"
"MARLA'S FOOD CORP","5 BURRO CAFE","72-05 AUSTIN STREET","FOREST HILLS","Queens","11375","Roadway","Issued","12/19/2024 10:10:24 AM","12/19/2028 11:59:59 PM","40.71924001333","-73.84237002235","29","406","4078033","4032580033","737","QN0602","POINT (-73.842370022351 40.719240013333)"
"E & E RESTAURANT 2 LLC","HILL AND BAY","581 2 AVENUE","NEW YORK","Manhattan","10016","Roadway","Issued","11/14/2025 12:43:46 PM","11/14/2029 11:59:59 PM","40.74333250822","-73.97686750406","2","106","1020054","1009120038","7002","MN0603","POINT (-73.976867504059 40.743332508221)"
"GIN BLOSSOM BK  LLC","CLOVER CLUB","210 SMITH STREET","BROOKLYN","Brooklyn","11201","Roadway","Issued","03/14/2025 01:49:40 PM","03/14/2029 11:59:59 PM","40.68451691052","-73.99197028787","39","306","3006405","3004020042","6902","BK0601","POINT (-73.99197028787 40.684516910524)"
"476 AMSTERDAM LLC","FRED'S","476 AMSTERDAM AVENUE","NEW YORK","Manhattan","10024","Sidewalk","Issued","07/31/2026 01:15:23 PM","07/31/2030 11:59:59 PM","40.78559072993","-73.97655304322","6","107","1032771","1012300133","171","MN0702","POINT (-73.976553043218 40.785590729926)"
"LAVIEMEX CORP","LAVIEMEX","4001 EAST TREMONT AVENUE","BRONX","Bronx","10465","Sidewalk","Issued","07/24/2026 01:32:16 PM","07/24/2030 11:59:59 PM","40.82036762553","-73.81800907223","13","210","2077284","2054450035","13","BX1002","POINT (-73.818009072229 40.82036762553)"
"CAFE HABANA NYC LLC","CAFE HABANA","17 PRINCE STREET","NEW YORK","Manhattan","10012","Sidewalk","Issued","07/24/2026 12:14:14 PM","07/24/2030 11:59:59 PM","40.72277091925","-73.9942601557","1","102","1007909","1005080046","43","MN0201","POINT (-73.994260155704 40.72277091925)"
"156 TENTH AVENUE RESTAURANT LLC","10TH AVENUE COOKSHOP","156 10 AVENUE","NEW YORK","Manhattan","10011","Sidewalk","Issued","04/24/2026 02:06:11 PM","04/24/2030 11:59:59 PM","40.74564579153","-74.00563716345","3","104","1012607","1007170077","89","MN0401","POINT (-74.005637163453 40.745645791526)"
"CHELSEA HOTEL F&B LLC","EL QUIJOTE / LOBBY BAR AT THE HOTEL CHELSEA","226 WEST   23 STREET","NEW YORK","Manhattan","10011","Sidewalk","Issued","04/03/2026 10:14:48 AM","04/03/2030 11:59:59 PM","40.74448484541","-73.99660404737","3","104","1014130","1007720064","91","MN0401","POINT (-73.996604047366 40.74448484541)"
"RECTOR STREET FOOD ENTERPRISES LTD","GEORGE'S","8789 GREENWICH STREET","NEW YORK","Manhattan","10006","Sidewalk","Issued","09/25/2026 09:19:20 AM","09/25/2030 11:59:59 PM","40.70873266714","-74.01328708087","1","101",,,"13","MN0101","POINT (-74.013287080871 40.708732667141)"
"FIFTY FIFTY HOSPITALITY LLC","COUSIN LARRY'S","49-02 SKILLMAN AVENUE","WOODSIDE","Queens","11377","Sidewalk","Issued","08/07/2026 12:05:43 PM","08/07/2030 11:59:59 PM","40.74621560729","-73.9150809118","26","402","4001159","4001340025","25301","QN0202","POINT (-73.915080911802 40.746215607289)"
"BANTER WEST VILLAGE LLC","BANTER","643 HUDSON STREET","NEW YORK","Manhattan","10014","Roadway","Issued","08/28/2026 01:15:54 PM","08/28/2030 11:59:59 PM","40.7390775834","-74.0054525679","3","102","1011677","1006270012","79","MN0203","POINT (-74.0054525679 40.739077583399)"
"YO-BURGER, INC.","YO-BURGER","3726 RIVERDALE AVENUE","BRONX","Bronx","10463","Sidewalk","Issued","05/01/2026 12:30:15 PM","05/01/2030 11:59:59 PM","40.88737715821","-73.90716385211","11","208","2083999","2057720008","295","BX0803","POINT (-73.907163852108 40.887377158208)"
"SECOND DESI GALLI, LLC","DESI GALLI","172 AVENUE B","NEW YORK","Manhattan","10009","Roadway","Issued","05/15/2026 09:36:22 AM","05/15/2030 11:59:59 PM","40.72732281331","-73.97958264841","2","103","1088214","1004040029","34","MN0303","POINT (-73.979582648405 40.72732281331)"
"MARVEL ASTORIA INC","MARVEL","37-01 30 AVENUE","ASTORIA","Queens","11103","Roadway","Issued","05/01/2026 11:49:20 AM","05/01/2030 11:59:59 PM","40.76458730531","-73.91646167624","22","401","4430956","4006610047","6502","QN0103","POINT (-73.91646167624 40.764587305306)"
"GREENWOOD LAKE GROUP LLC","AT THE WALLACE","3612 BROADWAY","NEW YORK","Manhattan","10031","Sidewalk","Issued","02/13/2026 02:32:43 PM","02/13/2030 11:59:59 PM","40.8287236139","-73.94875747992","7","109","1062060","1020800059","233","MN0903","POINT (-73.948757479918 40.828723613901)"
"TEKOA LLC","SAINT JULIVERT","264 CLINTON STREET","BROOKLYN","Brooklyn","11201","Sidewalk","Issued","05/08/2026 02:30:23 PM","05/08/2030 11:59:59 PM","40.68780534461","-73.99554323506","39","306","3003232","3003010024","45","BK0601","POINT (-73.995543235059 40.687805344609)"
"CAFE AKA CP, LLC.","a.CAFE/ a. LOUNGE","42 WEST   58 STREET","NEW YORK","Manhattan","10019","Sidewalk","Issued","08/01/2025 01:37:20 PM","08/01/2029 11:59:59 PM","40.76435427487","-73.97518876442","4","105","1035075","1012730060","11201","MN0502","POINT (-73.975188764417 40.764354274867)"
"202 W. 49TH PUB INC.","PLAYWRIGHT CELTIC PUB","202 WEST   49 STREET","NEW YORK","Manhattan","10019","Roadway","Issued","01/02/2026 01:45:15 PM","01/02/2030 11:59:59 PM","40.76055160571","-73.98399075768","3","105","1024786","1010200136","125","MN0502","POINT (-73.983990757676 40.760551605711)"
"1110 LEXINGTON AVENUE LLC","KORONET PIZZA","1110 LEXINGTON AVENUE","NEW YORK","Manhattan","10075","Sidewalk","Issued","08/28/2026 01:22:09 PM","08/28/2030 11:59:59 PM","40.77398120259","-73.95961676863","4","108","1043211","1014120057","14","MN0802","POINT (-73.95961676863 40.773981202593)"
"Dessert Palace Bose Inc.","EMMONS PALACE","2267 EMMONS AVE","BROOKLYN","Brooklyn","11235","Sidewalk","Issued","03/13/2026 02:34:29 PM","03/13/2030 11:59:59 PM","40.58367691384","-73.94451443569","48","315","3342943","3087830064","608","BK1503","POINT (-73.944514435686 40.583676913844)"
"RADEGAST HALL, LLC.","RADEGAST HALL & BIERGARTEN","113 NORTH    3 STREET","BROOKLYN","Brooklyn","11249","Sidewalk","Issued","04/10/2026 12:21:38 PM","04/10/2030 11:59:59 PM","40.71661916551","-73.96179803832","34","301","3329975","3023500026","555","BK0102","POINT (-73.961798038324 40.71661916551)"
"HO FOODS NYC LLC","HO FOODS NYC","110 EAST    7 STREET","NEW YORK","Manhattan","10009","Roadway","Issued","07/31/2026 01:18:50 PM","07/31/2030 11:59:59 PM","40.72650017236","-73.98464117542","2","103","1005784","1004340019","32","MN0303","POINT (-73.984641175415 40.726500172357)"
"SUSHI GAMA CORP","SUSHI GAMA","1403 2 AVENUE","NEW YORK","Manhattan","10021","Sidewalk","Issued","08/07/2026 02:09:00 PM","08/07/2030 11:59:59 PM","40.76962460944","-73.95776736523","5","108","1043993","1014280021","12602","MN0801","POINT (-73.957767365233 40.769624609443)"
"MI CIELITO COLOMBIANO INC","MI CIELITO COLOMBIANO","45-01 DITMARS BOULEVARD","ASTORIA","Queens","11105","Sidewalk","Issued","09/11/2026 10:34:17 AM","09/11/2030 11:59:59 PM","40.77074974119","-73.90307411831","22","401","4014653","4007710001","121","QN0101","POINT (-73.903074118311 40.770749741188)"
"BLANK STREET INC.","BLANK STREET","63 SPRING STREET","NEW YORK","Manhattan","10012","Sidewalk","Issued","05/01/2026 11:35:52 AM","05/01/2030 11:59:59 PM","40.72235382517","-73.99724373759","1","102","1007554","1004960034","43","MN0201","POINT (-73.997243737593 40.722353825168)"
"C.S.L.L. REST CORP/EJ'S LUNCHEONETTE","E.J'S LUNCHEONETTE","1271 THIRD AVENUE","NEW YORK","Manhattan","10021","Roadway","Issued","07/18/2025 03:08:55 PM","07/18/2029 11:59:59 PM","40.77056685867","-73.95999431777","5","108","1043984","1014280001","12602","MN0801","POINT (-73.959994317765 40.770566858667)"
"BOUCHERIE PAS LLC","BOUCHERIE","225 PARK AVENUE SOUTH","NEW YORK","Manhattan","10003","Sidewalk","Issued","04/24/2026 02:29:47 PM","04/24/2030 11:59:59 PM","40.73735890691","-73.98842396762","2","105","1017861","1008740001","5","MN0602","POINT (-73.988423967616 40.737358906912)"
"RECEPTION BAR INC","RECEPTION BAR","45 ORCHARD STREET","NEW YORK","Manhattan","10002","Sidewalk","Issued","05/22/2026 12:02:10 PM","05/22/2030 11:59:59 PM","40.7163342419","-73.99115839439","1","103","1003993","1003080025","16","MN0301","POINT (-73.991158394388 40.716334241902)"
"JO-RACH INC","BABY JOHN'S PIZZERIA","191 GRAND STREET","NEW YORK","Manhattan","10013","Sidewalk","Issued","04/24/2026 02:16:37 PM","04/24/2030 11:59:59 PM","40.71926870513","-73.99718253808","1","102","1077451","1002370012","41","MN0201","POINT (-73.997182538075 40.719268705133)"
"OYSTER CITY, LLC","VIRGINIAS","200 EAST    3 STREET","NEW YORK","Manhattan","10009","Roadway","Issued","08/07/2026 02:50:26 PM","08/07/2030 11:59:59 PM","40.72283024296","-73.983375722","2","103","1004972","1003980029","3002","MN0303","POINT (-73.983375722003 40.722830242956)"
"KNR PARTNERS LLC","BUSHNIWA","250 VARET STREET","BROOKLYN","Brooklyn","11206","Sidewalk","Issued","11/12/2024 09:39:04 AM","11/12/2028 11:59:59 PM","40.70414779396","-73.93360093675","34","301","3071584","3031180014","485","BK0104","POINT (-73.933600936746 40.704147793959)"
"SIRICHAI INC","BUA THAI RAMEN & ROBATA GRILL","1611 2 AVENUE","NEW YORK","Manhattan","10028","Sidewalk","Issued","06/26/2026 01:35:12 PM","06/26/2030 11:59:59 PM","40.77629521911","-73.95290685137","5","108","1048708","1015290025","138","MN0803","POINT (-73.952906851365 40.776295219107)"
"SWEETGREEN NEW YORK, LLC","SWEETGREEN","25-35 44 DRIVE","LONG ISLAND CITY","Queens","11101","Sidewalk","Issued","07/31/2026 02:27:23 PM","07/31/2030 11:59:59 PM","40.74717962964","-73.94262375013","26","402","4617191","4004337501","1902","QN0201","POINT (-73.942623750131 40.747179629635)"
"TOR RESTAURANT LLC","MEME","607 10 AVENUE","NEW YORK","Manhattan","10036","Sidewalk","Issued","06/26/2026 01:44:37 PM","06/26/2030 11:59:59 PM","40.76077766753","-73.99464311242","3","104","1026928","1010720036","12901","MN0402","POINT (-73.994643112416 40.760777667525)"
"ETA 125 CORP.","MUGS ALE HOUSE / RICK & PETE'S","125 BEDFORD AVENUE","BROOKLYN","Brooklyn","11211","Roadway","Issued","08/07/2026 01:35:38 PM","08/07/2030 11:59:59 PM","40.71956490877","-73.95584393178","33","301","3061614","3022980001","517","BK0102","POINT (-73.955843931775 40.719564908765)"
"BOX HILL LLC","KING","18 KING STREET","NEW YORK","Manhattan","10014","Roadway","Issued","03/27/2026 09:18:01 AM","03/27/2030 11:59:59 PM","40.72769511634","-74.00363321933","3","102","1008099","1005190030","37","MN0201","POINT (-74.003633219329 40.727695116343)"
"600 EAST 187TH STREET LLC","FULL MOON PIZZA","600 EAST  187 STREET","BRONX","Bronx","10458","Sidewalk","Issued","08/21/2026 09:59:25 AM","08/21/2030 11:59:59 PM","40.85548778131","-73.88746742952","15","206","2118244","2030730044","391","BX0603","POINT (-73.887467429515 40.855487781306)"
"FIRST AVENUE PERSIAN GRILLE INC","RAVAGH PERSIAN GRILL","1135 1 AVENUE","NEW YORK","Manhattan","10065","Roadway","Issued","05/02/2025 02:05:57 PM","05/02/2029 11:59:59 PM","40.76162461511","-73.96050147296","5","108","1044372","1014370026","11","MN0801","POINT (-73.960501472961 40.761624615109)"
"OXIDO CORP.","ATLAS SOCIAL CLUB","753 9 AVENUE","NEW YORK","Manhattan","10019","Sidewalk","Issued","06/19/2026 10:42:25 AM","06/19/2030 11:59:59 PM","40.76390351098","-73.98865398184","3","104","1026689","1010600035","133","MN0402","POINT (-73.988653981842 40.763903510982)"
"YUCA BAR & RESTAURANT, INC","YUCA BAR & RESTAURANT","111 AVENUE A","NEW YORK","Manhattan","10009","Sidewalk","Issued","08/07/2026 02:54:06 PM","08/07/2030 11:59:59 PM","40.72614319079","-73.98347591299","2","103","1077644","1004350037","32","MN0303","POINT (-73.983475912993 40.726143190791)"
"AINSLIE BOWERY LLC","AINSLIE BOWERY","199 BOWERY","NEW YORK","Manhattan","10002","Roadway","Issued","02/27/2026 01:05:40 PM","02/27/2030 11:59:59 PM","40.72114324299","-73.99370111726","1","103","1087253","1004257502","18","MN0302","POINT (-73.993701117259 40.721143242987)"
"82ND STREET CAFE, INC.","DYLAN MURPHY'S","1453 3 AVENUE","NEW YORK","Manhattan","10028","Sidewalk","Issued","07/02/2026 04:36:06 PM","07/02/2030 11:59:59 PM","40.77632106781","-73.95578809887","5","108","1081260","1015280001","138","MN0803","POINT (-73.955788098871 40.776321067808)"
"HAMBURGER AMERICA 1 LLC","HAMBURGER AMERICA","51 MACDOUGAL STREET","NEW YORK","Manhattan","10012","Sidewalk","Issued","05/08/2026 01:45:20 PM","05/08/2030 11:59:59 PM","40.72783238857","-74.00232714132","1","102","1008136","1005200079","37","MN0201","POINT (-74.002327141323 40.727832388573)"
"THE CALAVERAS GROUP LLC","THE CALAVERAS","949 COLUMBUS AVENUE","NEW YORK","Manhattan","10025","Roadway","Issued","03/27/2026 10:45:58 AM","03/27/2030 11:59:59 PM","40.79959074605","-73.96259180571","7","107","1055673","1018420064","193","MN0703","POINT (-73.962591805711 40.799590746045)"
"THE PICKLE PEOPLE LLC","MAISON PICKLE","2309 BROADWAY","NEW YORK","Manhattan","10024","Sidewalk","Issued","06/19/2026 11:26:40 AM","06/19/2030 11:59:59 PM","40.78673280062","-73.97783099552","6","107","1032791","1012310055","171","MN0702","POINT (-73.977830995521 40.78673280062)"
"HOMEMADE TAQUERIA VIII LLC","HOMEMADE TAQUERIA","75-05 ROOSEVELT AVENUE","JACKSON HEIGHTS","Queens","11372","Sidewalk","Issued","08/21/2026 10:48:56 AM","08/21/2030 11:59:59 PM","40.74696041068","-73.89033295516","25","403","4029840","4012860001","287","QN0301","POINT (-73.890332955158 40.746960410682)"
"FRENCH 37 LLC","LE DIVE","37 CANAL STREET","NEW YORK","Manhattan","10002","Roadway","Issued","08/15/2025 03:39:47 PM","08/15/2029 11:59:59 PM","40.71465169211","-73.99107204433","1","103","1003826","1002970037","16","MN0301","POINT (-73.991072044326 40.714651692113)"
"646 AMSTERDAM INC.","OSTERIA ACCADEMIA","646 AMSTERDAM AVENUE","NEW YORK","Manhattan","10025","Sidewalk","Issued","05/22/2026 10:47:03 AM","05/22/2030 11:59:59 PM","40.79115069498","-73.9724918461","6","107","1033590","1012390032","179","MN0702","POINT (-73.972491846104 40.791150694982)"
"644 DRIGGS AVE, LLC","WOODHUL WINE BAR","644 DRIGGS AVENUE","BROOKLYN","Brooklyn","11211","Sidewalk","Issued","08/28/2026 09:53:21 AM","08/28/2030 11:59:59 PM","40.71500139701","-73.95862817512","34","301","3321244","3023520025","553","BK0102","POINT (-73.958628175115 40.715001397012)"
"XANDRA HOSPITALITY LLC","KABIN","300 SPRING STREET","NEW YORK","Manhattan","10013","Sidewalk","Issued","09/02/2026 02:51:34 PM","09/02/2030 11:59:59 PM","40.72586688101","-74.00799502713","3","102","1087492","1005947507","37","MN0201","POINT (-74.007995027125 40.725866881008)"
"105 NORTH 6TH INC.","SWEETWATER","105 NORTH    6 STREET","BROOKLYN","Brooklyn","11249","Roadway","Issued","04/10/2026 12:44:40 PM","04/10/2030 11:59:59 PM","40.71831755674","-73.9599789041","34","301","3062063","3023260032","555","BK0102","POINT (-73.959978904097 40.718317556744)"
"BERKSHIRE-PUFFY'S LLC","PUFFY'S TAVERN","81 HUDSON STREET","NEW YORK","Manhattan","10013","Sidewalk","Issued","04/17/2026 03:26:33 PM","04/17/2030 11:59:59 PM","40.71851358693","-74.00885271823","1","101","1002023","1001800008","39","MN0102","POINT (-74.00885271823 40.718513586926)"
"MILAN FOODS CORP.","SEA SALT","1123 1 AVENUE","NEW YORK","Manhattan","10065","Sidewalk","Issued","02/06/2026 12:56:03 PM","02/06/2030 11:59:59 PM","40.76119105472","-73.96082661175","5","108","1078371","1014360026","11","MN0801","POINT (-73.960826611745 40.761191054722)"
"AQUA NYC LLC","AQUA","902 BROADWAY","NEW YORK","Manhattan","10010","Roadway","Issued","05/15/2026 09:24:43 AM","05/15/2030 11:59:59 PM","40.73927213116","-73.98972633598","2","105","1016201","1008490016","52","MN0501","POINT (-73.989726335977 40.739272131163)"
"A & I CAKE CORPORATION","WILDBERRY CAKE","1715 EMMONS AVENUE","BROOKLYN","Brooklyn","11235","Sidewalk","Issued","08/14/2026 02:15:40 PM","08/14/2030 11:59:59 PM","40.5833643657","-73.95133335563","48","315","3247022","3087710129","608","BK1503","POINT (-73.95133335563 40.583364365701)"
"ALPHABET CITY GROUP LLC","MOTEL NO TELL","210 AVENUE A","NEW YORK","Manhattan","10009","Sidewalk","Issued","07/18/2025 03:22:37 PM","07/18/2029 11:59:59 PM","40.72981252152","-73.98077254862","2","103","1086159","1004077502","34","MN0303","POINT (-73.980772548624 40.729812521522)"
"THE ODEON, INC","THE ODEON","145 WEST BROADWAY","NEW YORK","Manhattan","10013","Sidewalk","Issued","03/20/2026 01:14:46 PM","03/20/2030 11:59:59 PM","40.71698481041","-74.0080480683","1","101","1001620","1001477501","33","MN0102","POINT (-74.008048068297 40.716984810414)"
"LA CATRINA QUEENS INC","LA CATRINA","5275 65TH PL","MASPETH","Manhattan","11378","Sidewalk","Issued","06/19/2026 11:19:34 AM","06/19/2030 11:59:59 PM","40.73152433649","-73.89997143946","30","405",,,"515","QN0501","POINT (-73.899971439457 40.731524336492)"
"WF 1 LLC","SIP & GUZZLE","29 CORNELIA STREET","NEW YORK","Manhattan","10014","Sidewalk","Issued","05/15/2026 01:28:24 PM","05/15/2030 11:59:59 PM","40.73135117744","-74.00235252182","3","102","1010151","1005900045","67","MN0203","POINT (-74.002352521821 40.731351177437)"
"87 ATLANTIC PIZZA CORP","TABLE 87","87 ATLANTIC AVENUE","BROOKLYN","Brooklyn","11201","Sidewalk","Issued","04/17/2026 04:05:46 PM","04/17/2030 11:59:59 PM","40.69105521085","-73.99727749016","33","302","3002716","3002740016","7","BK0201","POINT (-73.997277490156 40.69105521085)"
"SEVEN A CAFE INC.","MISS LILY'S 7A CAFE","109 AVENUE A","NEW YORK","Manhattan","10009","Sidewalk","Issued","03/20/2026 12:53:10 PM","03/20/2030 11:59:59 PM","40.72596205537","-73.98360944925","2","103","1005791","1004340029","32","MN0303","POINT (-73.983609449249 40.725962055374)"
"SOUTH LAKE HOSPITALITY GROUP INC.","HARLEM PUBLIC","3612 BROADWAY","NEW YORK","Manhattan","10031","Sidewalk","Issued","03/20/2026 12:41:53 PM","03/20/2030 11:59:59 PM","40.8287236139","-73.94875747992","7","109","1062060","1020800059","233","MN0903","POINT (-73.948757479918 40.828723613901)"
"66 IRVING LLC","PETE'S TAVERN","129 EAST   18 STREET","NEW YORK","Manhattan","10003","Roadway","Issued","03/31/2025 02:32:02 PM","03/31/2029 11:59:59 PM","40.73635138988","-73.98668487807","2","106","1080800","1008740023","5","MN0602","POINT (-73.98668487807 40.73635138988)"
"BROOKLYN FRENCH BAKERS LLC","BROOKLYN FRENCH BAKERS","273 COLUMBIA STREET","BROOKLYN","Brooklyn","11231","Roadway","Issued","10/31/2024 10:47:28 AM","10/31/2028 11:59:59 PM","40.68277968749","-74.00376777267","39","306","3004859","3003530007","51","BK0601","POINT (-74.003767772666 40.68277968749)"
"HORSESHOES NY, INC","DALTON'S BAR & GRILL","611 9 AVENUE","NEW YORK","Manhattan","10036","Sidewalk","Issued","06/05/2026 05:15:56 PM","06/05/2030 11:59:59 PM","40.75935847086","-73.9919612308","3","104","1026364","1010530031","12102","MN0402","POINT (-73.991961230799 40.759358470861)"
"CARRIE'S HOSPITALITY LLC","ELDER GREENE","160 FRANKLIN STREET","BROOKLYN","Brooklyn","11222","Roadway","Issued","10/31/2024 10:43:34 AM","10/31/2028 11:59:59 PM","40.73069015418","-73.95771636541","33","301","3064538","3025500001","565","BK0101","POINT (-73.957716365406 40.730690154184)"
"LOCH MORLICH LLC","THE HOPTIMIST","422 AMSTERDAM AVENUE","NEW YORK","Manhattan","10024","Roadway","Issued","03/20/2026 01:12:43 PM","03/20/2030 11:59:59 PM","40.7840209591","-73.97769468287","6","107","1032664","1012280030","167","MN0702","POINT (-73.97769468287 40.784020959099)"
"VIENNA 2, INC","WERKSTATT","509 CONEY ISLAND AVENUE","BROOKLYN","Brooklyn","11218","Sidewalk","Issued","08/14/2026 02:14:22 PM","08/14/2030 11:59:59 PM","40.64519445171","-73.97050186922","40","314","3117439","3051130034","1522","BK1402","POINT (-73.970501869223 40.645194451707)"
"BRAHA HOLDING INC","NADEZHDA","64-06 108 STREET","FOREST HILLS","Queens","11375","Roadway","Issued","01/09/2026 01:53:40 PM","01/09/2030 11:59:59 PM","40.73272642371","-73.84950757428","29","406","4442647","4021490001","743","QN0602","POINT (-73.849507574282 40.732726423707)"
"MADRE HOSPITALITY, INC.","MADRE","214 FRANKLIN STREET","BROOKLYN","Brooklyn","11222","Sidewalk","Issued","08/14/2026 12:55:15 PM","08/14/2030 11:59:59 PM","40.7329602123","-73.95809017738","33","301","3064136","3025220003","56301","BK0101","POINT (-73.95809017738 40.732960212302)"
"DOSCCA TORCE BAR & GRILL INC","TINY TAPAS & BITES","501 WEST  214 STREET","NEW YORK","Manhattan","10034","Sidewalk","Issued","08/28/2026 01:23:47 PM","08/28/2030 11:59:59 PM","40.86895299973","-73.91583109879","10","112","1064889","1022320016","303","MN1203","POINT (-73.915831098788 40.868952999725)"
"TWO HANDS NOHO LLC","TWO HANDS","74 BLEECKER STREET","NEW YORK","Manhattan","10012","Sidewalk","Issued","07/24/2026 03:36:23 PM","07/24/2030 11:59:59 PM","40.72645446022","-73.99573185885","2","102","1008214","1005227502","5502","MN0202","POINT (-73.995731858848 40.726454460217)"
"LUMA RESTAURANT INC","LUSARDI'S RESTAURANT","1494 SECOND AVENUE","NEW YORK","Manhattan","10075","Sidewalk","Issued","07/31/2026 01:25:41 PM","07/31/2030 11:59:59 PM","40.77250580327","-73.95564622554","5","108","1045226","1014520050","134","MN0801","POINT (-73.955646225535 40.772505803269)"
"301 SOUTH LLC","TREADWELL PARK / BLACK HOUND","301 SOUTH END AVENUE","NEW YORK","Manhattan","10280","Sidewalk","Issued","07/20/2026 03:35:35 PM","07/20/2030 11:59:59 PM","40.71021532912","-74.01633616562","1","101","1083378","1000160100","31704","MN0101","POINT (-74.016336165623 40.710215329115)"
"Manich Brothers LLC","El BORN","651 MANHATTAN AVENUE","BROOKLYN","Brooklyn","11222","Sidewalk","Issued","01/03/2025 10:24:16 AM","01/03/2029 11:59:59 PM","40.72445694629","-73.95119745463","33","301","3066043","3026450025","569","BK0101","POINT (-73.951197454634 40.724456946287)"
"ZESTFUL MANAGEMENT CORP","BAR SIX","502 6 AVENUE","NEW YORK","Manhattan","10011","Sidewalk","Issued","06/19/2026 10:53:07 AM","06/19/2030 11:59:59 PM","40.73648113839","-73.99745965742","2","102","1009611","1005760009","63","MN0202","POINT (-73.997459657418 40.736481138391)"
"BOUTROS, LLC","BOUTROS","185 ATLANTIC AVENUE","BROOKLYN","Brooklyn","11201","Sidewalk","Issued","05/29/2026 10:33:13 AM","05/29/2030 11:59:59 PM","40.69000381061","-73.99349853304","33","302","3002769","3002760010","9","BK0201","POINT (-73.993498533043 40.69000381061)"
"1291 PUB INC.","JG MELON","1291 3 AVENUE","NEW YORK","Manhattan","10021","Roadway","Issued","05/29/2026 11:18:30 AM","05/29/2030 11:59:59 PM","40.77119250092","-73.95953181829","5","108","1044019","1014290001","134","MN0801","POINT (-73.959531818288 40.771192500921)"
"143 MONTAGUE RESTAURANT CORP.","GRAND CANYON","143 MONTAGUE STREET","BROOKLYN","Brooklyn","11201","Sidewalk","Issued","07/03/2026 05:12:11 PM","07/03/2030 11:59:59 PM","40.6946068015","-73.99361347978","33","302","3001986","3002430016","502","BK0201","POINT (-73.99361347978 40.694606801501)"
"GOSHT INC","GOSHT RESTAURANT","3215 CONEY ISLAND AVENUE","BROOKLYN","Brooklyn","11235","Roadway","Issued","04/04/2025 03:06:48 PM","04/04/2029 11:59:59 PM","40.57735648627","-73.95957771893","48","313","3423914","3087207511","61002","BK1303","POINT (-73.959577718925 40.577356486268)"
"SUNDAY TO SUNDAY CAFE, INC","SUNDAY TO SUNDAY","88 ORCHARD STREET","NEW YORK","Manhattan","10002","Sidewalk","Issued","03/27/2026 10:39:23 AM","03/27/2030 11:59:59 PM","40.71797554354","-73.99029599875","1","103","1005274","1004080010","18","MN0302","POINT (-73.990295998751 40.717975543539)"
"PISTICCI RESTAURANT CORP","PISTICCI RESTAURANT","125 LA SALLE STREET","NEW YORK","Manhattan","10027","Roadway","Issued","05/02/2025 02:16:19 PM","05/02/2029 11:59:59 PM","40.81405755657","-73.9603618545","7","109","1059866","1019930112","211","MN0901","POINT (-73.960361854501 40.81405755657)"
"3660 BROADWAY RESTAURANT LLC","BONO TRATTORIA","3658 BROADWAY","NEW YORK","Manhattan","10031","Sidewalk","Issued","06/19/2026 11:00:08 AM","06/19/2030 11:59:59 PM","40.8303816341","-73.94724663065","7","109","1062176","1020830001","237","MN0903","POINT (-73.947246630652 40.830381634101)"
"SERAFINA 38TH STREET LLC","SERAFINA","22 EAST   38 STREET","NEW YORK","Manhattan","10016","Sidewalk","Issued","08/21/2026 12:37:56 PM","08/21/2030 11:59:59 PM","40.75017045126","-73.98089658082","4","106","1017220","1008670055","82","MN0502","POINT (-73.980896580817 40.750170451256)"
"PARK AVE CAKE LLC","L'EXPRESS","249 PARK AVENUE SOUTH","NEW YORK","Manhattan","10003","Roadway","Issued","08/15/2025 03:42:37 PM","08/15/2029 11:59:59 PM","40.73821520849","-73.98779954163","2","105","1017945","1008750079","5","MN0602","POINT (-73.987799541633 40.738215208485)"
"BREAD OF THIRD AVENUE LLC","BREADS BAKERY","1294 3 AVENUE","NEW YORK","Manhattan","10021","Sidewalk","Issued","06/12/2026 01:57:29 PM","06/12/2030 11:59:59 PM","40.77126659913","-73.95950289042","4","108","1043089","1014090033","128","MN0802","POINT (-73.959502890419 40.77126659913)"
"AV 60TH LLC","ALL'ANTICO VINAIO","36 EAST   60 STREET","NEW YORK","Manhattan","10022","Sidewalk","Issued","03/13/2026 01:29:58 PM","03/13/2030 11:59:59 PM","40.76400732494","-73.97049597423","4","108","1040758","1013740042","11401","MN0802","POINT (-73.970495974227 40.764007324938)"
"LATTE75 LLC","GELATERIA GENTILE","75 UNIVERSITY PLACE","NEW YORK","Manhattan","10003","Roadway","Issued","05/22/2026 09:39:16 AM","05/22/2030 11:59:59 PM","40.73315432394","-73.99342935796","2","102","1083156","1005620001","61","MN0202","POINT (-73.993429357959 40.733154323937)"
"TARTINERY W3 LLC","TARTINERY","78 WEST    3 STREET","NEW YORK","Manhattan","10012","Roadway","Issued","10/24/2025 03:49:33 PM","10/24/2029 11:59:59 PM","40.72972903816","-73.99872274176","2","102","1008676","1005390021","65","MN0202","POINT (-73.998722741758 40.729729038157)"
"UNKNOWN BATHS LLC","BATHHOUSE","103 NORTH   10 STREET","BROOKLYN","Brooklyn","11249","Sidewalk","Issued","08/14/2026 11:26:18 AM","08/14/2030 11:59:59 PM","40.72065531881","-73.95780212328","33","301","3329929","3022967501","557","BK0102","POINT (-73.95780212328 40.720655318805)"
"MUD LLC.","MUDSPOT","307 EAST    9 STREET","NEW YORK","Manhattan","10003","Roadway","Issued","07/03/2025 04:25:25 PM","07/03/2029 11:59:59 PM","40.72899268672","-73.98678377101","2","103","1077567","1004510001","4001","MN0303","POINT (-73.986783771014 40.728992686719)"
"HOLLAPENO LLC","PEACHES","393 LEWIS AVENUE","BROOKLYN","Brooklyn","11233","Sidewalk","Issued","06/12/2026 02:55:54 PM","06/12/2030 11:59:59 PM","40.68191308817","-73.93483099634","36","303","3047065","3016750001","297","BK0302","POINT (-73.93483099634 40.681913088165)"
"RESTAURANT 597 INC","BUS STOP CAFE","597 HUDSON STREET","NEW YORK","Manhattan","10014","Sidewalk","Issued","08/07/2026 12:02:50 PM","08/07/2030 11:59:59 PM","40.73695860614","-74.00585293368","3","102","1011374","1006240021","79","MN0203","POINT (-74.005852933681 40.736958606135)"
"CAFE SERAFINA 58TH STREET LLC","BRASSERIE COGNAC","922 7 AVENUE","NEW YORK","Manhattan","10019","Sidewalk","Issued","07/21/2026 08:47:14 AM","07/21/2030 11:59:59 PM","40.76640101651","-73.9796170378","6","105","1024918","1010300029","137","MN0502","POINT (-73.979617037801 40.76640101651)"
"K TOP CHICKEN INC","PEARL KITCHEN","639 DRIGGS AVENUE","BROOKLYN","Brooklyn","11211","Roadway","Issued","07/18/2025 03:31:32 PM","07/18/2029 11:59:59 PM","40.71503431209","-73.95856683091","34","301","3062373","3023537501","519","BK0102","POINT (-73.958566830914 40.715034312093)"
"EL JEFE EATERY GROUP INC","EL JEFE CANTINA SPORTS BAR","186 DYCKMAN STREET","NEW YORK","Manhattan","10040","Sidewalk","Issued","08/14/2026 12:07:13 PM","08/14/2030 11:59:59 PM","40.86437115244","-73.92653491484","10","112","1064230","1021750061","287","MN1202","POINT (-73.926534914835 40.864371152444)"
"ONYSGRAND CORP","LOS TACOS MCONDO","502 GRAND STREET","BROOKLYN","Brooklyn","11211","Sidewalk","Issued","07/21/2026 12:02:42 PM","07/21/2030 11:59:59 PM","40.71097446593","-73.95078173132","34","301","3323031","3027850005","513","BK0102","POINT (-73.950781731316 40.71097446593)"
"BRASSERIE COGNAC EAST CORP","BRASSERIE COGNAC","963 LEXINGTON AVENUE","NEW YORK","Manhattan","10021","Roadway","Issued","03/13/2026 01:38:51 PM","03/13/2030 11:59:59 PM","40.76919551516","-73.96308188358","4","108","1042728","1014050022","128","MN0802","POINT (-73.963081883583 40.769195515158)"
"RUBY'S WEST VILLAGE LLC","LITTLE RUBYS CAFE","225 WEST    4 STREET","NEW YORK","Manhattan","10014","Sidewalk","Issued","02/14/2025 12:44:14 PM","02/14/2029 11:59:59 PM","40.73371989938","-74.00280364215","3","102","1080198","1006100009","73","MN0203","POINT (-74.002803642154 40.733719899377)"
"KITCHEN TABLE INC","FRANK","88 2 AVENUE","NEW YORK","Manhattan","10003","Roadway","Issued","02/13/2026 03:39:30 PM","02/13/2030 11:59:59 PM","40.72686297359","-73.98890925894","2","103","1006222","1004470001","38","MN0303","POINT (-73.988909258942 40.72686297359)"
"BAR CLARK LLC","THE RIVER","102 BAYARD STREET","NEW YORK","Manhattan","10013","Sidewalk","Issued","09/25/2026 11:49:54 AM","09/25/2030 11:59:59 PM","40.7160738295","-73.99976913075","1","103","1076901","1001990031","2902","MN0301","POINT (-73.999769130747 40.716073829501)"
"FROZENBANANA LLC","THE PALACE","206 NASSAU AVENUE","BROOKLYN","Brooklyn","11222","Sidewalk","Issued","02/06/2026 01:09:51 PM","02/06/2030 11:59:59 PM","40.72558755632","-73.94463755276","33","301","3067045","3026860008","591","BK0101","POINT (-73.944637552759 40.725587556324)"
"MPQ 1400 BROADWAY, LLC","LE PAIN QUOTIDIEN","1400 BROADWAY","NEW YORK","Manhattan","10018","Sidewalk","Issued","08/21/2026 11:00:08 AM","08/21/2030 11:59:59 PM","40.75317958605","-73.98720846639","4","105","1015266","1008140019","113","MN0502","POINT (-73.987208466393 40.753179586046)"
"ALL DAY FOOD LLC","BAR OLIVER","5 OLIVER STREET","NEW YORK","Manhattan","10038","Sidewalk","Issued","06/19/2026 10:52:15 AM","06/19/2030 11:59:59 PM","40.71297496964","-73.99807016741","1","103","1081974","1002790015","27","MN0301","POINT (-73.99807016741 40.712974969635)"
"135 WEST B FOOD & DRINK LLC","TINY'S & THE BAR UPSTAIRS","135 WEST BROADWAY","NEW YORK","Manhattan","10013","Sidewalk","Issued","01/16/2026 01:19:23 PM","01/16/2030 11:59:59 PM","40.71675149206","-74.00823201583","1","101","1001612","1001470012","33","MN0102","POINT (-74.00823201583 40.716751492059)"
"SIMO PIZZA 52ND LLC","SIMO PIZZA","1290 6 AVENUE","NEW YORK","Manhattan","10119","Sidewalk","Issued","04/24/2026 10:04:48 PM","04/24/2030 11:59:59 PM","40.76085010855","-73.97971672207","4","105","1034510","1012670001","104","MN0502","POINT (-73.979716722068 40.760850108553)"
"OSTERIA LAGUNA LLC","OSTERIA LAGUNA","209 EAST   42 STREET","NEW YORK","Manhattan","10017","Sidewalk","Issued","05/08/2026 02:22:33 PM","05/08/2030 11:59:59 PM","40.75056433219","-73.97395957143","4","106","1037550","1013167501","88","MN0603","POINT (-73.973959571427 40.750564332192)"
"AMSTERDAM ALE HOUSE INCORPORATED","AMSTERDAM ALE HOUSE","340 AMSTERDAM AVENUE","NEW YORK","Manhattan","10024","Roadway","Issued","04/24/2026 02:13:51 PM","04/24/2030 11:59:59 PM","40.78124090034","-73.97972131933","6","107","1077359","1011680029","163","MN0702","POINT (-73.979721319327 40.781240900337)"
"212 LAFAYETTE ASSOCIATES, LLC","CAFE SELECT","212 LAFAYETTE STREET","NEW YORK","Manhattan","10012","Roadway","Issued","10/24/2025 03:32:55 PM","10/24/2029 11:59:59 PM","40.72177468711","-73.99759009525","1","102","1007222","1004820031","45","MN0201","POINT (-73.997590095253 40.721774687105)"
"130 ST MARKS LLC","CRISPIANO","130 SAINT MARKS PLACE","NEW YORK","Manhattan","10009","Roadway","Issued","04/10/2026 12:02:58 PM","04/10/2030 11:59:59 PM","40.72720005459","-73.98439567379","2","103","1005836","1004350029","32","MN0303","POINT (-73.984395673791 40.727200054588)"
"FOODANCE FESTIVAL LLC","FOODANCE RESTAURANT","468 WEST   47 STREET","NEW YORK","Manhattan","10036","Sidewalk","Issued","07/18/2025 03:10:41 PM","07/18/2029 11:59:59 PM","40.76235850366","-73.99213414005","3","104","1026514","1010560061","127","MN0402","POINT (-73.992134140048 40.762358503663)"
"768 MAD RESTAURANT LLC","BAR ITALIA","768 MADISON AVENUE","NEW YORK","Manhattan","10065","Roadway","Issued","05/09/2025 09:11:13 AM","05/09/2029 11:59:59 PM","40.76782470447","-73.96832818887","4","108","1041149","1013800058","122","MN0802","POINT (-73.968328188871 40.767824704469)"
"SHALIZAR LLC","PERSEPOLIS","1407 2 AVENUE","NEW YORK","Manhattan","10021","Sidewalk","Issued","05/15/2026 12:44:28 PM","05/15/2030 11:59:59 PM","40.76972339539","-73.9576987076","5","108","1043995","1014280023","12602","MN0801","POINT (-73.957698707602 40.769723395391)"
"MOOD RING LLC","MOOD RING","1260 MYRTLE AVENUE","BROOKLYN","Brooklyn","11221","Sidewalk","Issued","05/29/2026 11:38:39 AM","05/29/2030 11:59:59 PM","40.69790480608","-73.92683085355","34","304","3073398","3032270031","423","BK0401","POINT (-73.926830853548 40.697904806078)"
"SPEEDY ROMEO, LLC","SPEEDY ROMEO","376 CLASSON AVENUE","BROOKLYN","Brooklyn","11238","Sidewalk","Issued","07/31/2026 02:22:12 PM","07/31/2030 11:59:59 PM","40.6875183963","-73.95974505614","35","302","3055755","3019520040","231","BK0204","POINT (-73.959745056144 40.687518396302)"
"GMS HICKS STREET CORP","DELLAROCCO'S OF BROOKLYN","214 HICKS STREET","BROOKLYN","Brooklyn","11201","Sidewalk","Issued","03/27/2026 08:25:29 AM","03/27/2030 11:59:59 PM","40.69501313471","-73.99596467541","33","302","3002039","3002470035","301","BK0201","POINT (-73.995964675412 40.695013134711)"
"barawine llc","BARAWINE","27 WEST  120 STREET","NEW YORK","Manhattan","10027","Sidewalk","Issued","09/25/2026 09:11:29 AM","09/25/2030 11:59:59 PM","40.80412154095","-73.94670674626","9","110","1053315","1017200001","2","MN1001","POINT (-73.946706746255 40.804121540946)"
"EL PORTON BAR & RESTAURANT CORP.","EL PORTON","3151 BROADWAY","NEW YORK","Manhattan","10027","Roadway","Issued","05/01/2026 11:42:00 AM","05/01/2030 11:59:59 PM","40.81431519102","-73.95929957315","7","109","1059853","1019930082","211","MN0901","POINT (-73.959299573149 40.814315191017)"
"SOMMIE LLC","NOOK","45 IRVING AVENUE","BROOKLYN","Brooklyn","11237","Sidewalk","Issued","06/13/2025 09:15:53 AM","06/13/2029 11:59:59 PM","40.70500153215","-73.92488982582","34","304","3072389","3031760001","447","BK0401","POINT (-73.92488982582 40.705001532147)"
"CLINTON HALL HOLDINGS, LLC","CLINTON HALL","90 WASHINGTON STREET","NEW YORK","Manhattan","10006","Roadway","Issued","05/15/2026 09:33:52 AM","05/15/2030 11:59:59 PM","40.70807466239","-74.01444562466","1","101","1000793","1000170029","13","MN0101","POINT (-74.014445624657 40.708074662389)"
"C & C 4299 KATONAH INC","BEHAN'S PUBLIC HOUSE","4299 KATONAH AVENUE","BRONX","Bronx","10470","Sidewalk","Issued","04/24/2026 02:24:40 PM","04/24/2030 11:59:59 PM","40.89858054333","-73.8673870205","11","212","2094784","2033770059","44902","BX1203","POINT (-73.867387020504 40.898580543333)"
"ARBERIA SM CORP","ARBERIA GRILL AND CAFE","2325 65 STREET","BROOKLYN","Brooklyn","11204","Sidewalk","Issued","08/14/2026 11:22:06 AM","08/14/2030 11:59:59 PM","40.61211062757","-73.97857353109","44","311","3172519","3065590068","436","BK1101","POINT (-73.978573531093 40.612110627574)"
"ABRUZZO DOCG, INC.","TARALLUCCI E VINO","15 EAST   18 STREET","NEW YORK","Manhattan","10003","Sidewalk","Issued","07/20/2026 04:28:19 PM","07/20/2030 11:59:59 PM","40.7381111918","-73.99085598551","3","105","1080753","1008470016","52","MN0501","POINT (-73.990855985505 40.7381111918)"
"LENOX 127 ST REST CORP","CANTINA TAQUERIA & TEQUILA BAR","329 LENOX AVENUE","NEW YORK","Manhattan","10027","Sidewalk","Issued","08/07/2026 12:03:28 PM","08/07/2030 11:59:59 PM","40.80875650691","-73.94477762463","9","110","1057866","1019110033","224","MN1002","POINT (-73.944777624629 40.808756506906)"
"BANYAN TREE GROUP LLC","SPICY SHALLOT","7701 WOODSIDE AVE","ELMHURST","Queens","11373","Sidewalk","Issued","08/21/2026 12:41:25 PM","08/21/2030 11:59:59 PM","40.74356823227","-73.88785568581","25","404","4037031","4014970048","267","QN0401","POINT (-73.887855685806 40.74356823227)"
"1647 second ave corp","THE SUPPLY HOUSE","1647 2 AVENUE","NEW YORK","Manhattan","10028","Sidewalk","Issued","07/20/2026 03:57:31 PM","07/20/2030 11:59:59 PM","40.77750528772","-73.95201776664","5","108","1048771","1015310024","14601","MN0803","POINT (-73.952017766643 40.77750528772)"
"AKRAM RESTAURANT MANAGEMENT INC","DA GENNARO","129 MULBERRY STREET","NEW YORK","Manhattan","10013","Roadway","Issued","05/01/2026 11:40:04 AM","05/01/2030 11:59:59 PM","40.71832451919","-73.99783552738","1","102","1003083","1002360031","41","MN0201","POINT (-73.997835527382 40.718324519188)"
"LE MIU CORP.","KAZUZA","107 AVENUE A","NEW YORK","Manhattan","10009","Roadway","Issued","10/03/2025 01:29:34 PM","10/03/2029 11:59:59 PM","40.72590442095","-73.98364915001","2","103","1005792","1004347504","32","MN0303","POINT (-73.983649150009 40.725904420947)"
"SEVILLE RESTAURANT & BAR INC.","SEVILLA","62 CHARLES STREET","NEW YORK","Manhattan","10014","Sidewalk","Issued","08/21/2026 12:39:54 PM","08/21/2030 11:59:59 PM","40.73490837812","-74.00297328507","3","102","1010824","1006110009","73","MN0203","POINT (-74.00297328507 40.734908378121)"
"AROKA HOSPITALITY, LLC.","AROQA","206 9 AVENUE","NEW YORK","Manhattan","10011","Sidewalk","Issued","04/17/2026 11:12:06 AM","04/17/2030 11:59:59 PM","40.74622506493","-74.00150133192","3","104","1013376","1007460079","93","MN0401","POINT (-74.001501331923 40.746225064934)"
"SALVATORES OF SOHO, INC.","SALVATORE'S OF SOHO","3738 RIVERDALE AVENUE","BRONX","Bronx","10463","Sidewalk","Issued","08/07/2026 02:06:48 PM","08/07/2030 11:59:59 PM","40.88777529417","-73.9073513617","11","208","2084000","2057720010","295","BX0803","POINT (-73.907351361698 40.887775294174)"
"RHYMIN & THIEVIN, LLC","THE MCCARREN","595 UNION AVENUE","BROOKLYN","Brooklyn","11211","Sidewalk","Issued","07/20/2026 03:52:01 PM","07/20/2030 11:59:59 PM","40.71810876342","-73.95230239105","33","301","3061632","3023000011","519","BK0102","POINT (-73.952302391046 40.718108763415)"
"AYO GROUP CORP","AJO & OREGANO RESTAURANT","621 CRESCENT AVENUE","BRONX","Bronx","10458","Sidewalk","Issued","07/30/2026 01:04:06 PM","07/30/2030 11:59:59 PM","40.85380525507","-73.8874630575","15","206","2012150","2030740004","391","BX0603","POINT (-73.887463057501 40.853805255066)"
"APPLEJACK COFFEE SHOP INC","APPLE JACK DINER","1725 BROADWAY","NEW YORK","Manhattan","10019","Sidewalk","Issued","03/20/2026 12:17:25 PM","03/20/2030 11:59:59 PM","40.76456968082","-73.98228588281","6","105","1078860","1010267502","137","MN0502","POINT (-73.982285882806 40.764569680819)"
"CAFE MARTIN BK INC","CAFE MARTIN","355 5 AVENUE","BROOKLYN","Brooklyn","11215","Sidewalk","Issued","09/25/2026 09:15:02 AM","09/25/2030 11:59:59 PM","40.67171720939","-73.98416717481","39","306","3021175","3009850002","135","BK0602","POINT (-73.984167174805 40.671717209391)"
"335 SFD CORP","SUNFLOWER GRAMERCY","335 3 AVENUE","NEW YORK","Manhattan","10010","Roadway","Issued","05/15/2026 01:30:50 PM","05/15/2030 11:59:59 PM","40.73991625177","-73.98234298344","2","106","1019809","1009050057","66","MN0603","POINT (-73.982342983442 40.739916251769)"
"CHINESE TREND BUFFET HOT POT LLC","EASY JOY HOT POT DIM SUM BUFFET","145 MULBERRY STREET","NEW YORK","Manhattan","10013","Roadway","Issued","08/21/2026 09:56:54 AM","08/21/2030 11:59:59 PM","40.71882406121","-73.99755052006","1","102","1003078","1002367502","41","MN0201","POINT (-73.997550520058 40.718824061205)"
"HUMPHREY'S BAKERY INC.","BALTHAZAR BAKERY","80 SPRING STREET","NEW YORK","Manhattan","10012","Roadway","Issued","06/27/2025 07:30:02 PM","06/27/2029 11:59:59 PM","40.72270242812","-73.99810956926","1","102","1007238","1004830017","45","MN0201","POINT (-73.998109569261 40.72270242812)"
"CANTINA CUBANA LLC","CANTINA CUBANA","17 AVENUE B","NEW YORK","Manhattan","10009","Sidewalk","Issued","02/20/2026 03:01:17 PM","02/20/2030 11:59:59 PM","40.72210562238","-73.98336147281","2","103","1004587","1003850001","2202","MN0303","POINT (-73.983361472813 40.722105622377)"
"MADMCW CORP","SCOTTADITO","788 UNION STREET","BROOKLYN","Brooklyn","11215","Sidewalk","Issued","02/06/2026 12:54:31 PM","02/06/2030 11:59:59 PM","40.67480099481","-73.9763650226","39","306","3020193","3009570023","157","BK0602","POINT (-73.976365022602 40.674800994811)"
"BLANK STREET INC.","BLANK STREET COFFEE","985 LEXINGTON AVENUE","NEW YORK","Manhattan","10021","Sidewalk","Issued","05/29/2026 10:13:24 AM","05/29/2030 11:59:59 PM","40.76983214896","-73.9626194166","4","108","1042807","1014060021","128","MN0802","POINT (-73.962619416598 40.769832148955)"
"KARA 170 ALLEN LLC","MR. TAKA RAMEN","170 ALLEN STREET","NEW YORK","Manhattan","10002","Sidewalk","Issued","07/21/2026 10:19:13 AM","07/21/2030 11:59:59 PM","40.72126917645","-73.98930342338","1","103","1005525","1004160057","3001","MN0302","POINT (-73.989303423376 40.721269176451)"
"470 BROOME CAFE LLC","FRANCESCO SOHO","470 BROOME STREET","NEW YORK","Manhattan","10013","Sidewalk","Issued","08/21/2026 09:58:42 AM","08/21/2030 11:59:59 PM","40.72260087764","-74.00148997462","1","102","1007298","1004867502","49","MN0201","POINT (-74.00148997462 40.722600877642)"
"85TH & 3RD LLC","EMMY SQUARED PIZZA","1426 3 AVENUE","NEW YORK","Manhattan","10028","Sidewalk","Issued","07/24/2026 01:07:57 PM","07/24/2030 11:59:59 PM","40.77550062657","-73.95641688385","4","108","1047526","1015090039","14","MN0802","POINT (-73.956416883847 40.775500626567)"
"ROMI BAKERY INC","GIAN PIERO BAKERY","44-17 30 AVENUE","ASTORIA","Queens","11103","Sidewalk","Issued","10/09/2024 12:59:05 PM","10/09/2028 11:59:59 PM","40.76228902713","-73.91157683778","22","401","4012138","4007000042","147","QN0104","POINT (-73.911576837783 40.762289027134)"
"SEINFELD SQUARED LLC","DIVE 106","938 AMSTERDAM AVENUE","NEW YORK","Manhattan","10025","Sidewalk","Issued","09/18/2026 09:23:54 AM","09/18/2030 11:59:59 PM","40.80057980034","-73.96561443278","7","107","1056638","1018780030","195","MN0703","POINT (-73.965614432776 40.800579800343)"
"THE 709 LORIMER ST. RESTAURANT CORP","PETE'S CANDY STORE","709 LORIMER STREET","BROOKLYN","Brooklyn","11211","Roadway","Issued","02/13/2026 03:50:34 PM","02/13/2030 11:59:59 PM","40.71809682291","-73.95004414059","33","301","3068038","3027310025","515","BK0102","POINT (-73.950044140585 40.718096822912)"
"CRISPY DUCK AND NICE WINE LLC","TOLO","28 CANAL STREET","NEW YORK","Manhattan","10002","Roadway","Issued","10/03/2025 01:48:42 PM","10/03/2029 11:59:59 PM","40.71445950953","-73.99046605311","1","103","1003600","1002830074","6","MN0301","POINT (-73.99046605311 40.714459509526)"
"DESMO 916 CORP","LAVAGNA","545 EAST    5 STREET","NEW YORK","Manhattan","10009","Sidewalk","Issued","07/21/2026 12:25:55 PM","07/21/2030 11:59:59 PM","40.72440847598","-73.98332121002","2","103","1005062","1004010041","32","MN0303","POINT (-73.983321210016 40.724408475977)"
"WHANY LLC","CAFE WHA","115 MACDOUGAL STREET","NEW YORK","Manhattan","10012","Roadway","Issued","05/22/2026 09:11:36 AM","05/22/2030 11:59:59 PM","40.73001175509","-74.00048348399","2","102","1008748","1005430023","65","MN0202","POINT (-74.000483483993 40.73001175509)"
"SWEETGREEN NEW YORK LLC","SWEETGREEN","159 COLUMBUS AVENUE","NEW YORK","Manhattan","10023","Sidewalk","Issued","08/03/2026 11:56:42 AM","08/03/2030 11:59:59 PM","40.774349043","-73.98100876451","6","107","1028260","1011207501","15301","MN0701","POINT (-73.98100876451 40.774349043002)"
"FIRST AVENUE DINING LLC","HIGHLIFE / EL CAMINO","135 1 AVENUE","NEW YORK","Manhattan","10003","Sidewalk","Issued","07/21/2026 11:24:59 AM","07/21/2030 11:59:59 PM","40.72774636778","-73.98518569002","2","103","1077695","1004500033","38","MN0303","POINT (-73.98518569002 40.727746367779)"
"DURUM LLC","LARINA PASTIFICIO & VINO","387 MYRTLE AVENUE","BROOKLYN","Brooklyn","11205","Roadway","Issued","07/18/2025 03:18:22 PM","07/18/2029 11:59:59 PM","40.6931594303","-73.97048777897","35","302","3058178","3020460093","187","BK0203","POINT (-73.970487778973 40.693159430301)"
"SADA ONE LLC","EMPELLON","230 WEST    4 STREET","NEW YORK","Manhattan","10014","Roadway","Issued","06/18/2025 03:34:35 PM","06/18/2029 11:59:59 PM","40.73411239728","-74.0029407746","3","102","1011165","1006190068","73","MN0203","POINT (-74.002940774604 40.734112397275)"
"YUNHUA ON COLUMBUS INC.","EMPIRE SZECHUAN KYOTO","193 COLUMBUS AVENUE","NEW YORK","Manhattan","10023","Sidewalk","Issued","12/09/2024 01:12:34 PM","12/09/2028 11:59:59 PM","40.77523000238","-73.98037305567","6","107","1028483","1011210064","15301","MN0701","POINT (-73.980373055668 40.775230002378)"
"ENTERPRISE RESTAURANT LLC","AMARANTH","21 EAST   62 STREET","NEW YORK","Manhattan","10065","Sidewalk","Issued","06/25/2026 08:03:08 AM","06/25/2030 11:59:59 PM","40.76561297812","-73.97037973936","4","108","1040890","1013770014","11401","MN0802","POINT (-73.970379739364 40.76561297812)"
"E S E D M CORP","CHARLOTTE CAFE","605 2 AVENUE","NEW YORK","Manhattan","10016","Sidewalk","Issued","07/02/2026 04:02:53 PM","07/02/2030 11:59:59 PM","40.74425187973","-73.97626089449","4","106","1020121","1009140027","7002","MN0603","POINT (-73.976260894491 40.744251879725)"
"GIURO, LLC","AITA / MAYFLOWER","132 GREENE AVENUE","BROOKLYN","Brooklyn","11238","Roadway","Issued","03/07/2025 08:32:59 AM","03/07/2029 11:59:59 PM","40.68659563169","-73.96667583136","35","302","3055998","3019610039","199","BK0204","POINT (-73.966675831359 40.686595631694)"
"TATANE CORP","FIAT CAFE","203 MOTT STREET","NEW YORK","Manhattan","10012","Sidewalk","Issued","05/15/2026 09:46:36 AM","05/15/2030 11:59:59 PM","40.72143153012","-73.99554819298","1","102","1007182","1004800024","41","MN0201","POINT (-73.995548192983 40.721431530121)"
"753 WASHINGTON TRATTORIA INC","MALAPARTE","753 WASHINGTON STREET","NEW YORK","Manhattan","10014","Roadway","Issued","10/31/2025 11:36:08 AM","10/31/2029 11:59:59 PM","40.7368349445","-74.00824894049","3","102","1011930","1006350011","79","MN0203","POINT (-74.008248940491 40.736834944495)"
"H 18 & 8TH LLC","GEORGIE'S","161 8 AVENUE","NEW YORK","Manhattan","10011","Roadway","Issued","09/18/2026 09:30:23 AM","09/18/2030 11:59:59 PM","40.74233848962","-74.00064957673","3","104","1013105","1007420034","89","MN0401","POINT (-74.000649576733 40.742338489619)"
"MIMI 86 CORP","MIMI'S PIZZA","217 EAST   86 STREET","NEW YORK","Manhattan","10028","Sidewalk","Issued","08/28/2026 08:55:20 AM","08/28/2030 11:59:59 PM","40.77854059286","-73.95330965898","5","108","1048791","1015320010","14602","MN0803","POINT (-73.953309658977 40.778540592859)"
"APERITIVO DI PALMA","APERITIVO DI PALMA","30 CORNELIA STREET","NEW YORK","Manhattan","10014","Roadway","Issued","04/17/2026 11:07:40 AM","04/17/2030 11:59:59 PM","40.7313923522","-74.00218654771","3","102","1010068","1005890012","67","MN0203","POINT (-74.002186547711 40.731392352198)"
"GUMBULL LLC","THE DEAD POET","450 AMSTERDAM AVENUE","NEW YORK","Manhattan","10024","Roadway","Issued","09/12/2025 03:44:24 PM","09/12/2029 11:59:59 PM","40.78485250027","-73.97709135405","6","107","1032685","1012290034","167","MN0702","POINT (-73.977091354051 40.784852500266)"
"SUNDAY IN BROOKLYN LLC","SUNDAY IN BROOKLYN","348 WYTHE AVENUE","BROOKLYN","Brooklyn","11249","Sidewalk","Issued","02/21/2025 10:01:50 AM","02/21/2029 11:59:59 PM","40.71416368276","-73.96520828214","33","301","3321284","3024150026","551","BK0102","POINT (-73.965208282135 40.71416368276)"
"XOCHIMILCO FAMILY REST INC.","XOCHIMILCO FAMILY REST","653 MELROSE AVENUE","BRONX","Bronx","10455","Sidewalk","Issued","04/24/2026 10:26:26 PM","04/24/2030 11:59:59 PM","40.81854926053","-73.91665380578","17","201","2001675","2023990024","67","BX0102","POINT (-73.91665380578 40.818549260529)"
"BL MANHATTAN WEST LLC","BLUESTONE LANE","435 WEST   31 STREET","NEW YORK","Manhattan","10001","Sidewalk","Issued","09/25/2026 09:13:57 AM","09/25/2030 11:59:59 PM","40.7520247502","-73.99895691623","3","104","1089664","1007297502","103","MN0401","POINT (-73.998956916234 40.752024750201)"
"VESELKA ENTERPRISES, LTD.","VESELKA","144 SECOND AVENUE","NEW YORK","Manhattan","10003","Sidewalk","Issued","08/07/2026 02:46:03 PM","08/07/2030 11:59:59 PM","40.72908606744","-73.98730331007","2","103","1006363","1004500008","38","MN0303","POINT (-73.987303310071 40.729086067436)"
"EL SAYED 1 CORP.","HORUS CAFE","93 AVENUE B","NEW YORK","Manhattan","10009","Sidewalk","Issued","03/13/2026 02:50:49 PM","03/13/2030 11:59:59 PM","40.72456740291","-73.98156056678","2","103","1004668","1003890001","2602","MN0303","POINT (-73.981560566776 40.724567402907)"
"KSSWINE LLC","PARCELLE","135C DIVISION ST","NEW YORK","Manhattan","10002","Sidewalk","Issued","06/05/2026 05:53:18 PM","06/05/2030 11:59:59 PM","40.71448152288","-73.99115503386","1","103",,,"6","MN0301","POINT (-73.991155033856 40.714481522884)"
"41 STREET CAFE INC.","OSTERIA DELBIANCO BRYANT PARK","18 EAST   41 STREET","NEW YORK","Manhattan","10017","Roadway","Issued","07/18/2025 03:30:21 PM","07/18/2029 11:59:59 PM","40.75241010045","-73.98044838195","4","105","1035324","1012750061","82","MN0502","POINT (-73.980448381945 40.752410100452)"
"REBA REALTY CORP/WALKER'S","WALKER'S","16 NORTH MOORE STREET","NEW YORK","Manhattan","10013","Roadway","Issued","08/29/2025 01:52:20 PM","08/29/2029 11:59:59 PM","40.71979002741","-74.00707437417","1","101","1002149","1001890034","33","MN0102","POINT (-74.007074374166 40.719790027412)"
"RAKE NYC INC.","RAKE","45 1 AVENUE","NEW YORK","Manhattan","10003","Sidewalk","Issued","04/24/2026 09:58:04 PM","04/24/2030 11:59:59 PM","40.72440353118","-73.98762169067","2","103","1006132","1004440034","3602","MN0303","POINT (-73.987621690674 40.724403531179)"
"MARIOLINA LLC","MADMAN BAKERY","42 UNIVERSITY PLACE","NEW YORK","Manhattan","10003","Roadway","Issued","04/03/2026 02:11:33 PM","04/03/2030 11:59:59 PM","40.73233642364","-73.99416190674","2","102","1009238","1005670019","59","MN0202","POINT (-73.994161906741 40.73233642364)"
"WOOD FOOT LLC","POKITO","155 SOUTH    4 STREET","BROOKLYN","Brooklyn","11211","Roadway","Issued","09/11/2026 10:37:00 AM","09/11/2030 11:59:59 PM","40.7115633678","-73.96199933689","34","301","3063280","3024310031","551","BK0102","POINT (-73.961999336886 40.711563367803)"
"EL GRECO 1 LLC","EL GRECO","38-07 DITMARS BOULEVARD","ASTORIA","Queens","11105","Sidewalk","Issued","07/21/2026 11:01:20 AM","07/21/2030 11:59:59 PM","40.77328613226","-73.90667002638","22","401","4015922","4008077501","121","QN0101","POINT (-73.906670026382 40.773286132259)"
"FRENA MEDITERRANEAN LLC","FRENA","773 10 AVENUE","NEW YORK","Manhattan","10019","Roadway","Issued","12/13/2024 09:58:52 AM","12/13/2028 11:59:59 PM","40.76608029399","-73.99077992965","3","104","1088297","1010810029","13501","MN0402","POINT (-73.990779929652 40.766080293994)"
"AMICI DEL CAFFE' INC.","U CAFE","706 AVENUE U","BROOKLYN","Brooklyn","11223","Sidewalk","Issued","06/05/2026 06:04:13 PM","06/05/2030 11:59:59 PM","40.59799324879","-73.9638970943","48","315","3193084","3071340002","392","BK1501","POINT (-73.963897094301 40.597993248794)"
"ESC2 LLC","EDITH'S SANDWICH COUNTER","64 CHARLES STREET","NEW YORK","Manhattan","10014","Sidewalk","Issued","07/31/2026 01:00:03 PM","07/31/2030 11:59:59 PM","40.73484523693","-74.0033918511","3","102","1011213","1006200065","73","MN0203","POINT (-74.003391851101 40.734845236929)"
"BAMBOO WALK, LLC","BAMBOO WALK","1349 UTICA AVENUE","BROOKLYN","Brooklyn","11203","Sidewalk","Issued","09/11/2026 09:59:53 AM","09/11/2030 11:59:59 PM","40.6393326352","-73.92904641826","45","317","3106464","3047850001","932","BK1702","POINT (-73.929046418262 40.639332635199)"
"REVIVAL SURVIVAL LLC","VERS","714 9 AVENUE","NEW YORK","Manhattan","10019","Sidewalk","Issued","08/28/2026 09:50:12 AM","08/28/2030 11:59:59 PM","40.76267394259","-73.98952777961","3","104","1025164","1010390062","127","MN0402","POINT (-73.98952777961 40.762673942586)"
"MAIN ST. PIRATE SHIP HOSPITALITY LLC","ZIGGY'S ROMAN CAFE","15 MAIN STREET","BROOKLYN","Brooklyn","11201","Sidewalk","Issued","06/12/2026 03:11:25 PM","06/12/2030 11:59:59 PM","40.70359572612","-73.99065515881","33","302","3346104","3000277501","21","BK0202","POINT (-73.990655158805 40.703595726117)"
"LINCOLN STATION, LLC","LINCOLN STATION","409 LINCOLN PLACE","BROOKLYN","Brooklyn","11238","Roadway","Issued","08/15/2025 03:46:11 PM","08/15/2029 11:59:59 PM","40.67254657691","-73.962490299","35","308","3029545","3011770001","215","BK0801","POINT (-73.962490298999 40.672546576908)"
"CHAIKHANA 7:40, CORP.","CHAIKHANA 7:40","63-52 BOOTH STREET","REGO PARK","Queens","11374","Sidewalk","Issued","02/06/2026 11:05:53 AM","02/06/2030 11:59:59 PM","40.72884673449","-73.86381860479","30","406","4072416","4030930030","693","QN0601","POINT (-73.863818604788 40.728846734493)"
"PATRICIAS MORRIS PARK CORP","PATRICIA'S","1082 MORRIS PARK AVENUE","BRONX","Bronx","10461","Sidewalk","Issued","07/31/2026 01:38:09 PM","07/31/2030 11:59:59 PM","40.8493095734","-73.85353692658","13","211","2045008","2041080004","254","BX1102","POINT (-73.853536926578 40.8493095734)"
"2255 EMMONS CAFE LOUNGE INC","OPERA CAFE LOUNGE","2255 EMMONS AVENUE","BROOKLYN","Brooklyn","11235","Sidewalk","Issued","05/01/2026 11:58:19 AM","05/01/2030 11:59:59 PM","40.5836824888","-73.94469083859","48","315","3342943","3087830064","608","BK1503","POINT (-73.944690838592 40.583682488804)"
"PUAR, LLC","ENTWINE","765 WASHINGTON STREET","NEW YORK","Manhattan","10014","Roadway","Issued","05/16/2025 03:59:53 PM","05/16/2029 11:59:59 PM","40.7373893899","-74.00820570751","3","102","1012053","1006400039","79","MN0203","POINT (-74.00820570751 40.737389389895)"
"2801 FOOD GROUP INC","COMMON GOOD HARLEM","2801 FREDERICK DOUGLASS BOULEVARD","NEW YORK","Manhattan","10039","Sidewalk","Issued","07/31/2026 12:39:59 PM","07/31/2030 11:59:59 PM","40.82528302675","-73.94013163646","9","110","1060836","1020450076","259","MN1002","POINT (-73.940131636462 40.825283026751)"
"GVI BROADWAY, LLC","VIN SUR VINGT","1140 BROADWAY","NEW YORK","Manhattan","10001","Sidewalk","Issued","09/11/2026 11:13:07 AM","09/11/2030 11:59:59 PM","40.74382562474","-73.98899303647","3","105","1015649","1008280033","58","MN0501","POINT (-73.988993036474 40.743825624742)"
"GVI WEST VILLAGE LLC","VIN SUR VINGT","192 7 AVENUE SOUTH","NEW YORK","Manhattan","10014","Sidewalk","Issued","05/22/2026 12:36:30 PM","05/22/2030 11:59:59 PM","40.73630823955","-74.00125212582","3","102","1010937","1006130053","71","MN0203","POINT (-74.001252125823 40.736308239553)"
"BOTTE CUCINA LLC","BOTTE","1606 1 AVENUE","NEW YORK","Manhattan","10028","Sidewalk","Issued","06/19/2026 11:00:53 AM","06/19/2030 11:59:59 PM","40.77521006061","-73.95057520745","5","108","1050451","1015630003","13604","MN0803","POINT (-73.950575207453 40.775210060614)"
"PASTA LOUISE RESTAURANT LLC","PASTA LOUISE","803 8 AVENUE","BROOKLYN","Brooklyn","11215","Sidewalk","Issued","03/13/2026 03:18:31 PM","03/13/2030 11:59:59 PM","40.66624874413","-73.97879037415","39","306","3025927","3010917501","167","BK0602","POINT (-73.978790374145 40.666248744132)"
"TRADITA CORP","CKA KA QELLU","2321 HUGHES AVENUE","BRONX","Bronx","10458","Roadway","Issued","02/13/2026 03:31:44 PM","02/13/2030 11:59:59 PM","40.85380856118","-73.88803781048","15","206","2012130","2030730028","391","BX0603","POINT (-73.888037810481 40.853808561184)"
"AL SHAM RESTAURANT INC.","AL SHAM RESTAURANT","7701 5 AVENUE","BROOKLYN","Brooklyn","11209","Sidewalk","Issued","09/04/2026 10:07:01 AM","09/04/2030 11:59:59 PM","40.62785160196","-74.02329405786","47","310","3149888","3059620010","136","BK1001","POINT (-74.023294057858 40.62785160196)"
"PARM MULBERRY LLC","PARM","248 MULBERRY STREET","NEW YORK","Manhattan","10012","Roadway","Issued","06/26/2026 01:48:18 PM","06/26/2030 11:59:59 PM","40.72308937896","-73.99580062174","1","102","1007493","1004940012","43","MN0201","POINT (-73.995800621743 40.723089378962)"
"SCATTO BAR LLC","BOTTE BAR","25-07 BROADWAY","ASTORIA","Queens","11106","Sidewalk","Issued","07/24/2026 12:12:42 PM","07/24/2030 11:59:59 PM","40.76331344873","-73.92820268118","22","401","4007102","4005790016","75","QN0103","POINT (-73.928202681178 40.763313448731)"
"GOOD EATS BAKESHOP CORP.","GOOD EATS BAKESHOP","1685 LEXINGTON AVENUE","NEW YORK","Manhattan","10029","Sidewalk","Issued","09/11/2026 10:26:25 AM","09/11/2030 11:59:59 PM","40.79205815247","-73.94624333825","8","111","1052010","1016330053","172","MN1101","POINT (-73.946243338247 40.792058152472)"
"NONLA LLC","NON LA","128 EAST    4 STREET","NEW YORK","Manhattan","10003","Roadway","Issued","05/22/2026 10:39:56 AM","05/22/2030 11:59:59 PM","40.72535869504","-73.98748441478","2","103","1006176","1004450030","38","MN0303","POINT (-73.987484414782 40.725358695043)"
"COWGIRL, INC.","COWGIRL","519 HUDSON STREET","NEW YORK","Manhattan","10014","Sidewalk","Issued","09/18/2026 09:21:43 AM","09/18/2030 11:59:59 PM","40.73384053107","-74.00628565446","3","102","1078241","1006310046","75","MN0203","POINT (-74.006285654455 40.733840531071)"
"SORATE SOHO CORP.","SORATE","103 SULLIVAN STREET","NEW YORK","Manhattan","10012","Roadway","Issued","07/24/2026 02:29:37 PM","07/24/2030 11:59:59 PM","40.72566675215","-74.00301255754","1","102","1007776","1005030004","49","MN0201","POINT (-74.003012557543 40.725666752145)"
"GEORGE MARCEL, LLC","FAIRFAX","234 WEST    4 STREET","NEW YORK","Manhattan","10014","Roadway","Issued","04/10/2026 12:09:49 PM","04/10/2030 11:59:59 PM","40.73434295571","-74.00300934299","3","102","1011216","1006200071","73","MN0203","POINT (-74.003009342992 40.734342955714)"
"MICHAEL G. FANELLI, INC.","FANELLI CAFE","94 PRINCE STREET","NEW YORK","Manhattan","10012","Roadway","Issued","05/29/2026 11:04:33 AM","05/29/2030 11:59:59 PM","40.7246759237","-73.99870479998","1","102","1007611","1004990020","49","MN0201","POINT (-73.99870479998 40.724675923701)"
"FT SEVENTH AVE.LLC","BAR VELOCE","176 7 AVENUE","NEW YORK","Manhattan","10011","Sidewalk","Issued","03/27/2026 06:50:03 AM","03/27/2030 11:59:59 PM","40.74248666469","-73.99682428444","3","104","1014035","1007700039","87","MN0401","POINT (-73.996824284437 40.742486664689)"
"GABWAL RESTAURANT INC","GABRIEL'S BAR & RESTAURANT","40 CENTRAL PARK SOUTH","NEW YORK","Manhattan","10019","Sidewalk","Issued","02/27/2026 01:28:51 PM","02/27/2030 11:59:59 PM","40.76507882166","-73.97487081375","4","105","1080443","1012740006","11201","MN0502","POINT (-73.974870813753 40.765078821657)"
"REGULARS LLC","CAPTAIN DAN'S GOOD TIME TAVERN","497 GREENE AVENUE","BROOKLYN","Brooklyn","11216","Sidewalk","Issued","02/27/2026 01:26:34 PM","02/27/2030 11:59:59 PM","40.68840709902","-73.95113018965","36","303","3050195","3017940092","251","BK0301","POINT (-73.951130189653 40.688407099023)"
"LUKE GUY LLC","CALAVERAS CORNER","936 AMSTERDAM AVENUE","NEW YORK","Manhattan","10025","Sidewalk","Issued","07/21/2026 09:24:21 AM","07/21/2030 11:59:59 PM","40.80049198787","-73.96567949296","7","107","1056637","1018780029","195","MN0703","POINT (-73.965679492956 40.800491987865)"
"MEMO TRADING, INC","MEMO SHISH KEBAB","1821 KINGS HIGHWAY","BROOKLYN","Brooklyn","11229","Sidewalk","Issued","07/24/2026 02:03:50 PM","07/24/2030 11:59:59 PM","40.61017967146","-73.9549405315","48","315","3182482","3067810012","552","BK1502","POINT (-73.954940531502 40.61017967146)"
"SAIGON CAFE 89 INC.","MIDO","612 AMSTERDAM AVENUE","NEW YORK","Manhattan","10024","Sidewalk","Issued","07/31/2026 01:29:53 PM","07/31/2030 11:59:59 PM","40.78999809828","-73.97333376945","6","107","1033310","1012370033","175","MN0702","POINT (-73.973333769445 40.789998098276)"
"LS HEALTH FOODS INC.","HEALTH KITCHEN","1017A 154 STREET","WHITESTONE","Queens","11357","Sidewalk","Issued","08/14/2026 12:39:11 PM","08/14/2030 11:59:59 PM","40.79281727056","-73.80713817491","19","407",,,"987","QN0702","POINT (-73.807138174912 40.792817270555)"
"A & D WINE CORP.","BAR VERDE","65 2 AVENUE","NEW YORK","Manhattan","10003","Sidewalk","Issued","06/19/2026 10:53:50 AM","06/19/2030 11:59:59 PM","40.72603411418","-73.989547991","2","103","1006574","1004590029","38","MN0303","POINT (-73.989547990997 40.726034114177)"
"BLUELINE HOLDINGS, INC.","MERCATO LIC","47-46 VERNON BOULEVARD","LONG ISLAND CITY","Queens","11101","Sidewalk","Issued","08/14/2026 01:24:40 PM","08/14/2030 11:59:59 PM","40.74454134825","-73.95350319548","26","402","4436586","4000300001","701","QN0201","POINT (-73.953503195484 40.744541348252)"
"CRABBY PATTY BROOKLYN LLC","SKINNY DENNIS","152 METROPOLITAN AVENUE","BROOKLYN","Brooklyn","11249","Sidewalk","Issued","08/14/2026 02:04:09 PM","08/14/2030 11:59:59 PM","40.71604287786","-73.96214106632","34","301","3062440","3023640022","555","BK0102","POINT (-73.962141066323 40.716042877859)"
"SR 222 LLC","SALUMERIA ROSI","222 AVENUE B","NEW YORK","Manhattan","10009","Roadway","Issued","08/07/2026 02:05:39 PM","08/07/2030 11:59:59 PM","40.72900512843","-73.97834818304","2","103","1005249","1004070034","34","MN0303","POINT (-73.978348183042 40.729005128428)"
"HUNGRY GHOST PARK SLOPE LLC","HUNGRY GHOST / IMPASTO","156 7 AVENUE","BROOKLYN","Brooklyn","11215","Roadway","Issued","04/10/2026 12:12:54 PM","04/10/2030 11:59:59 PM","40.67222655183","-73.977141003","39","306","3020686","3009660039","157","BK0602","POINT (-73.977141003001 40.672226551831)"
"MICADO BROOKLYN LLC","THE ANCHORED INN","57 WATERBURY STREET","BROOKLYN","Brooklyn","11206","Sidewalk","Issued","05/01/2026 12:23:57 PM","05/01/2030 11:59:59 PM","40.70921385844","-73.93708019468","34","301","3350278","3030460035","485","BK0104","POINT (-73.937080194676 40.709213858442)"
"AFURI NEW YORK LLC","AFURI RAMEN & DUMPLING","61 NORTH   11 STREET","BROOKLYN","Brooklyn","11249","Sidewalk","Issued","07/31/2026 12:06:28 PM","07/31/2030 11:59:59 PM","40.72211585012","-73.95866703354","33","301","3061534","3022880013","557","BK0102","POINT (-73.958667033538 40.722115850118)"
"THE NITTI GROUP INC","NITTIS","523 9 AVENUE","NEW YORK","Manhattan","10018","Sidewalk","Issued","05/22/2026 10:38:20 AM","05/22/2030 11:59:59 PM","40.7566165793","-73.99396124601","3","104","1012994","1007370031","115","MN0402","POINT (-73.993961246011 40.756616579302)"
"LEO GRANDPA CORP","LEO","318 GRAND STREET","BROOKLYN","Brooklyn","11211","Roadway","Issued","02/13/2026 03:58:46 PM","02/13/2030 11:59:59 PM","40.71266759861","-73.95661323384","34","301","3062836","3023960001","523","BK0102","POINT (-73.956613233836 40.712667598609)"
"ON THE CORNER NY, LLC","THE MARY LANE","99 BANK STREET","NEW YORK","Manhattan","10014","Roadway","Issued","09/19/2025 12:04:36 PM","09/19/2029 11:59:59 PM","40.73645078983","-74.00650240802","3","102","1011368","1006240001","79","MN0203","POINT (-74.006502408016 40.736450789832)"
"8BELLES LLC","SHAFFER'S","151 8 AVENUE","NEW YORK","Manhattan","10011","Sidewalk","Issued","07/24/2026 02:18:22 PM","07/24/2030 11:59:59 PM","40.74195696569","-74.00092744589","3","104","1013080","1007410034","83","MN0401","POINT (-74.000927445893 40.741956965694)"
"236 BUTLER CAFE LLC","EVALYN'S TAP HOUSE","236 BUTLER STREET","BROOKLYN","Brooklyn","11217","Sidewalk","Issued","08/07/2026 01:18:50 PM","08/07/2030 11:59:59 PM","40.68151347624","-73.98538348392","39","306","3006603","3004127501","127","BK0601","POINT (-73.985383483915 40.681513476244)"
"ONE N K LLC","BISOU","112 6 AVENUE","NEW YORK","Manhattan","10013","Sidewalk","Issued","06/05/2026 04:22:11 PM","06/05/2030 11:59:59 PM","40.72373987087","-74.00466121123","1","102","1007099","1004760015","47","MN0201","POINT (-74.004661211229 40.723739870865)"
"NOHO NEIGHBORS LLC","ELVIS","54 GREAT JONES STREET","NEW YORK","Manhattan","10012","Roadway","Issued","03/27/2026 08:35:29 AM","03/27/2030 11:59:59 PM","40.72661621903","-73.99225022017","2","102","1008523","1005310044","5502","MN0202","POINT (-73.992250220166 40.726616219026)"
"WAGAWONGAWITZ, LLC.","CAFE CLUNY","284 WEST   12 STREET","NEW YORK","Manhattan","10014","Roadway","Issued","08/08/2025 02:40:25 PM","08/08/2029 11:59:59 PM","40.73752959627","-74.00400904147","3","102","1011384","1006240048","77","MN0203","POINT (-74.004009041465 40.737529596266)"
"SCHMUCK OR DIE LLC","SCHMUCK","97 1 AVENUE","NEW YORK","Manhattan","10003","Sidewalk","Issued","07/31/2026 02:20:30 PM","07/31/2030 11:59:59 PM","40.72630275207","-73.98623951546","2","103","1006243","1004470028","38","MN0303","POINT (-73.986239515456 40.726302752074)"
"JEREMIAS ALVARADO","JIREH RESTAURANT","8715 18 AVENUE","BROOKLYN","Brooklyn","11214","Sidewalk","Issued","09/18/2026 09:32:41 AM","09/18/2030 11:59:59 PM","40.60485255833","-74.00514265561","38","311","3167744","3064030023","28","BK1102","POINT (-74.005142655605 40.604852558329)"
"BROADWAY DESSERTS LTD.","FRENCH ROAST","2340 BROADWAY","NEW YORK","Manhattan","10024","Sidewalk","Issued","03/13/2026 02:45:25 PM","03/13/2030 11:59:59 PM","40.78767958083","-73.97702176425","6","107","1033133","1012330016","171","MN0702","POINT (-73.977021764246 40.78767958083)"
"PROCENA INC","SPIGA","57 WEST   84 STREET","NEW YORK","Manhattan","10024","Roadway","Issued","09/11/2026 10:41:50 AM","09/11/2030 11:59:59 PM","40.78463449972","-73.97185177975","6","107","1031291","1011980001","169","MN0702","POINT (-73.971851779747 40.784634499716)"
"DESTINATION MOON 22 LLC","SAILOR","228 DEKALB AVENUE","BROOKLYN","Brooklyn","11205","Roadway","Issued","02/07/2025 04:52:15 PM","02/07/2029 11:59:59 PM","40.68949784991","-73.97028387019","35","302","3059083","3021040030","181","BK0203","POINT (-73.970283870189 40.689497849914)"
"TOMINO LLC","TOMINO - TABERNA GALLEGA","192 GRAND STREET","NEW YORK","Manhattan","10013","Sidewalk","Issued","07/20/2026 03:41:09 PM","07/20/2030 11:59:59 PM","40.71923576401","-73.99702741681","1","102","1006996","1004710057","41","MN0201","POINT (-73.997027416806 40.719235764005)"
"MUNSTER CAFE LLC","THE FLYING COCK","497 3 AVENUE","NEW YORK","Manhattan","10016","Roadway","Issued","07/20/2026 04:05:53 PM","07/20/2030 11:59:59 PM","40.74538039091","-73.97835366741","4","106","1020139","1009140061","7002","MN0603","POINT (-73.978353667414 40.745380390907)"
"IL POSTINO, INC.","IL POSTINO RISTORANTE","133 EAST   61 STREET","NEW YORK","Manhattan","10065","Sidewalk","Issued","12/12/2025 03:34:57 PM","12/12/2029 11:59:59 PM","40.76364699823","-73.96766234816","4","108","1041971","1013960014","11402","MN0802","POINT (-73.967662348156 40.763646998225)"
"THE VILLAGE SQUARE PIZZA INC","VILLAGE SQUARE PIZZA","147 AVENUE A","NEW YORK","Manhattan","10009","Roadway","Issued","10/03/2025 01:51:06 PM","10/03/2029 11:59:59 PM","40.7274056475","-73.98255917998","2","103","1077647","1004370030","34","MN0303","POINT (-73.982559179975 40.727405647501)"
"CHAMBERS CHURCH PIZZA, INC.","LITTLE ITALY PIZZA","154 CHURCH STREET","NEW YORK","Manhattan","10007","Sidewalk","Issued","05/08/2026 02:00:10 PM","05/08/2030 11:59:59 PM","40.71511332445","-74.00802020636","1","101","1001591","1001457501","21","MN0102","POINT (-74.008020206358 40.715113324446)"
"CATERED BY PERGOLA LLC","GARDENIA TERRACE","826 10 AVENUE","NEW YORK","Manhattan","10019","Sidewalk","Issued","03/06/2026 10:20:36 AM","03/06/2030 11:59:59 PM","40.7676145154","-73.98963530379","3","104","1026807","1010640061","139","MN0402","POINT (-73.989635303786 40.767614515401)"
"THE WOLFE ON AMSTERDAM INC","THE WOLFE","425 AMSTERDAM AVENUE","NEW YORK","Manhattan","10024","Sidewalk","Issued","10/10/2025 01:40:27 PM","10/10/2029 11:59:59 PM","40.7840483982","-73.97765134129","6","107","1031950","1012110003","165","MN0702","POINT (-73.977651341293 40.784048398195)"
"you're almost there, inc.","BIBI WINE BAR","211 EAST    4 STREET","NEW YORK","Manhattan","10009","Sidewalk","Issued","06/12/2026 01:55:51 PM","06/12/2030 11:59:59 PM","40.72374977514","-73.98362081869","2","103","1005035","1004000052","32","MN0303","POINT (-73.983620818689 40.723749775135)"
"196 FIFTH LLC","BLUEPRINT","196 5 AVENUE","BROOKLYN","Brooklyn","11217","Roadway","Issued","03/27/2026 08:01:14 AM","03/27/2030 11:59:59 PM","40.67678345299","-73.9802182748","39","306","3019707","3009520036","131","BK0602","POINT (-73.980218274803 40.676783452994)"
"323 MM NYC LLC","MAMO RESTAURANT","323 WEST BROADWAY","NEW YORK","Manhattan","10013","Sidewalk","Issued","04/03/2026 02:12:50 PM","04/03/2030 11:59:59 PM","40.72199147645","-74.00408025624","1","102","1087487","1002280111","47","MN0201","POINT (-74.004080256242 40.721991476451)"
"STREATOR, INC.","CAFE LUXEMBOURG","200 WEST   70 STREET","NEW YORK","Manhattan","10023","Roadway","Issued","03/14/2025 01:46:22 PM","03/14/2029 11:59:59 PM","40.77732736548","-73.98267603822","6","107","1030348","1011580033","15501","MN0701","POINT (-73.982676038222 40.777327365479)"
"BIROTE CORPORATION","EL MITOTE","208 COLUMBUS AVENUE","NEW YORK","Manhattan","10023","Roadway","Issued","05/16/2025 03:59:00 PM","05/16/2029 11:59:59 PM","40.77579261035","-73.97998655718","6","107","1029648","1011410032","15302","MN0701","POINT (-73.979986557182 40.775792610354)"
"QANOON CORP","QANOON","180 9 AVENUE","NEW YORK","Manhattan","10011","Sidewalk","Issued","05/22/2026 11:52:48 AM","05/22/2030 11:59:59 PM","40.74528909011","-74.00218700556","3","104","1013278","1007450001","89","MN0401","POINT (-74.002187005563 40.745289090113)"
"SPRING STREET BOOTH INC.","ALDEN'S COFFEE","8 SPRING STREET","NEW YORK","Manhattan","10012","Roadway","Issued","08/21/2026 09:50:21 AM","08/21/2030 11:59:59 PM","40.72114602122","-73.99434327116","1","102","1007139","1004780020","41","MN0201","POINT (-73.994343271163 40.721146021224)"
"Mess Hall LLC","MESS HALL","2194 FRDRCK DGLS BLVD","NEW YORK","Manhattan","10026","Sidewalk","Issued","08/07/2026 01:32:47 PM","08/07/2030 11:59:59 PM","40.8028912","-73.9537757","9","110",,,"218","MN1001","POINT (-73.9537757 40.8028912)"
"COPA-CABANA GRILL INC","COPACABANA","31-13 36 AVENUE","ASTORIA","Queens","11106","Sidewalk","Issued","05/22/2026 09:14:22 AM","05/22/2030 11:59:59 PM","40.75649356051","-73.92955641538","22","401","4008030","4006040048","53","QN0103","POINT (-73.929556415379 40.756493560507)"
"78 5TH AVENUE KAFENEIO INC","ARISTON FLOWERS & CAFE","78 5 AVENUE","NEW YORK","Manhattan","10011","Sidewalk","Issued","02/27/2026 01:07:32 PM","02/27/2030 11:59:59 PM","40.73570423292","-73.99384046302","2","102","1009718","1005770041","63","MN0202","POINT (-73.993840463019 40.735704232923)"
"APERITIVO DI PALMA","APERITIVO DI PALMA","30 CORNELIA STREET","NEW YORK","Manhattan","10014","Sidewalk","Issued","04/17/2026 11:07:16 AM","04/17/2030 11:59:59 PM","40.7313923522","-74.00218654771","3","102","1010068","1005890012","67","MN0203","POINT (-74.002186547711 40.731392352198)"
"PASTA LOUISE RESTAURANT LLC","PASTA LOUISE","803 8 AVENUE","BROOKLYN","Brooklyn","11215","Roadway","Issued","05/09/2025 09:29:36 AM","05/09/2029 11:59:59 PM","40.66624874413","-73.97879037415","39","306","3025927","3010917501","167","BK0602","POINT (-73.978790374145 40.666248744132)"
"Analogue LLC","ANALOGUE","19 WEST    8 STREET","NEW YORK","Manhattan","10011","Sidewalk","Issued","06/25/2026 08:04:45 AM","06/25/2030 11:59:59 PM","40.73264944314","-73.99727939242","2","102","1009438","1005720053","63","MN0202","POINT (-73.997279392415 40.732649443135)"
"BSWR CORP.","SARABETH'S","423 AMSTERDAM AVENUE","NEW YORK","Manhattan","10024","Roadway","Issued","03/27/2026 10:36:46 AM","03/27/2030 11:59:59 PM","40.78400448778","-73.9776802443","6","107","1031949","1012110002","165","MN0702","POINT (-73.977680244302 40.784004487778)"
"ICOOK BOWERY INC.","SANMIWAGO","90 BOWERY","NEW YORK","Manhattan","10013","Sidewalk","Issued","05/08/2026 02:32:23 PM","05/08/2030 11:59:59 PM","40.71745160898","-73.99534644505","1","102","1003136","1002390038","41","MN0201","POINT (-73.995346445053 40.717451608975)"
"COCO RIVER LLC","DIANE'S","425 GRAHAM AVENUE","BROOKLYN","Brooklyn","11211","Sidewalk","Issued","03/27/2026 08:27:00 AM","03/27/2030 11:59:59 PM","40.71773216789","-73.94492187454","34","301","3068195","3027390024","497","BK0104","POINT (-73.944921874537 40.717732167889)"
"AMBER NEW SUSHI I INC","AMBER SUSHI","1406 3 AVENUE","NEW YORK","Manhattan","10075","Sidewalk","Issued","03/20/2026 11:05:27 AM","03/20/2030 11:59:59 PM","40.7748612747","-73.95688306219","4","108","1047481","1015080040","14","MN0802","POINT (-73.956883062187 40.774861274698)"
"TAPAS Y MAS, LLC","BOQUERIA","53 WEST   19 STREET","NEW YORK","Manhattan","10011","Sidewalk","Issued","07/21/2026 08:45:43 AM","07/21/2030 11:59:59 PM","40.73979388546","-73.9930461868","3","105","1015462","1008210011","54","MN0501","POINT (-73.993046186801 40.739793885455)"
"174 EIGHTH REST CORP.","JUNGLE BIRD","174 8 AVENUE","NEW YORK","Manhattan","10011","Sidewalk","Issued","09/02/2026 02:50:55 PM","09/02/2030 11:59:59 PM","40.74268158618","-74.00037170416","3","104","1013891","1007680081","87","MN0401","POINT (-74.000371704163 40.742681586184)"
"SAIGON IN & OUT CORP","SAIGON SHACK","114 MACDOUGAL STREET","NEW YORK","Manhattan","10012","Sidewalk","Issued","08/21/2026 11:54:21 AM","08/21/2030 11:59:59 PM","40.72964395496","-74.00076851881","2","102","1008693","1005400006","65","MN0202","POINT (-74.000768518805 40.729643954963)"
"CASTLEKNOCK, INC","THE MEAN FIDDLER","266 WEST   47 STREET","NEW YORK","Manhattan","10036","Roadway","Issued","01/02/2026 03:04:12 PM","01/02/2030 11:59:59 PM","40.76000298337","-73.98655740127","3","105","1024748","1010180061","125","MN0502","POINT (-73.98655740127 40.760002983368)"
"TIN ANGEL LLC","ZIG ZAG OYSTER BAR","406 PROSPECT PLACE","BROOKLYN","Brooklyn","11238","Sidewalk","Issued","09/25/2026 11:55:52 AM","09/25/2030 11:59:59 PM","40.67641137862","-73.96297121087","35","308","3425633","3011617501","205","BK0801","POINT (-73.962971210872 40.676411378616)"
"DECO UWS LLC","ROSETTA BAKERY","1928 BROADWAY","NEW YORK","Manhattan","10023","Sidewalk","Issued","08/07/2026 01:58:19 PM","08/07/2030 11:59:59 PM","40.77248279656","-73.98217545782","6","107","1086193","1011170001","149","MN0701","POINT (-73.98217545782 40.772482796558)"
"BEA'S TAVERN, INC.","BOTANICA","47 EAST HOUSTON STREET","NEW YORK","Manhattan","10012","Roadway","Issued","08/07/2026 12:01:17 PM","08/07/2030 11:59:59 PM","40.7248212758","-73.9945846811","1","102","1007919","1005090021","43","MN0201","POINT (-73.994584681095 40.724821275803)"
"AMITY STREET, INC.","AMITY HALL","80 WEST    3 STREET","NEW YORK","Manhattan","10012","Roadway","Issued","07/18/2025 02:48:40 PM","07/18/2029 11:59:59 PM","40.72975648648","-73.99878407852","2","102","1008675","1005390020","65","MN0202","POINT (-73.998784078515 40.729756486478)"
"ROMAGICA CORP","CELESTE","502 AMSTERDAM AVENUE","NEW YORK","Manhattan","10024","Roadway","Issued","07/18/2025 03:05:14 PM","07/18/2029 11:59:59 PM","40.78654850308","-73.97585213857","6","107","1033110","1012320031","171","MN0702","POINT (-73.975852138569 40.786548503077)"
"112 FRENCH INC","LE MONDE","2883 BROADWAY","NEW YORK","Manhattan","10025","Sidewalk","Issued","06/19/2026 11:22:38 AM","06/19/2030 11:59:59 PM","40.80556977206","-73.96568408904","7","109","1057336","1018950016","199","MN0901","POINT (-73.965684089037 40.805569772057)"
"NYC BAGELS & COFFEE SHOP INC","NYC BAGELS & COFFEE HOUSE","29-08 23 AVENUE","ASTORIA","Queens","11105","Sidewalk","Issued","07/31/2026 01:33:00 PM","07/31/2030 11:59:59 PM","40.77493849306","-73.91370824491","22","401","4017498","4008420066","115","QN0101","POINT (-73.91370824491 40.774938493062)"
"NIKOS REDEMPTION LLC","NIKO'S SOUVLAKI","19-33 DITMARS BOULEVARD","ASTORIA","Queens","11105","Sidewalk","Issued","09/02/2026 02:55:28 PM","09/02/2030 11:59:59 PM","40.78066931424","-73.91712387218","22","401","4020264","4008920086","103","QN0101","POINT (-73.917123872184 40.780669314244)"
"JUICE & VEGGIE FOOD CORP","B&H DAIRY","127 SECOND AVENUE","NEW YORK","Manhattan","10003","Sidewalk","Issued","12/19/2024 10:15:20 AM","12/19/2028 11:59:59 PM","40.7283532744","-73.98785186614","2","103","1006679","1004630031","38","MN0303","POINT (-73.987851866135 40.728353274395)"
"LX AVENUE BAGELS, INC","TAL BAGELS","1228 LEXINGTON AVENUE","NEW YORK","Manhattan","10028","Roadway","Issued","07/24/2026 03:21:14 PM","07/24/2030 11:59:59 PM","40.77763624549","-73.9569462507","4","108","1047649","1015120016","14","MN0802","POINT (-73.956946250698 40.777636245486)"
"eat madison llc","ELI'S ESSENTIALS","922 MADISON AVENUE","NEW YORK","Manhattan","10021","Roadway","Issued","06/05/2026 05:33:20 PM","06/05/2030 11:59:59 PM","40.77269012334","-73.96478044239","4","108","1041497","1013880017","13","MN0802","POINT (-73.964780442394 40.772690123337)"
"LA LAFAYETTE LLC","TACOMBI","25 LAFAYETTE AVENUE","BROOKLYN","Brooklyn","11217","Sidewalk","Issued","07/24/2026 03:20:38 PM","07/24/2030 11:59:59 PM","40.68684264744","-73.97799053462","35","302","3059181","3021080021","33","BK0203","POINT (-73.977990534622 40.686842647439)"
"APQ TRIBECA NY, LLC","LE PAIN QUOTIDIEN","81 WEST BROADWAY","NEW YORK","Manhattan","10007","Sidewalk","Issued","08/14/2026 12:49:19 PM","08/14/2030 11:59:59 PM","40.7150825693","-74.00956650186","1","101","1001480","1001367503","21","MN0102","POINT (-74.009566501861 40.715082569302)"
"PARISIENNE CAFE INC.","PARISIENNE CAFE","2339 ARTHUR AVENUE","BRONX","Bronx","10458","Sidewalk","Issued","05/15/2026 12:42:40 PM","05/15/2030 11:59:59 PM","40.85425109823","-73.88869135197","15","206","2011902","2030650063","391","BX0603","POINT (-73.888691351973 40.854251098232)"
"PERRY & HUDSON LLC","DANTE WEST VILLAGE","551 HUDSON STREET","NEW YORK","Manhattan","10014","Sidewalk","Issued","05/15/2026 09:34:44 AM","05/15/2030 11:59:59 PM","40.73523488343","-74.00606206735","3","102","1011886","1006330058","75","MN0203","POINT (-74.006062067345 40.735234883433)"
"DA UMBERTO RESTAURANT, INC.","DA UMBERTO","107 WEST   17 STREET","NEW YORK","Manhattan","10011","Roadway","Issued","04/24/2026 02:38:19 PM","04/24/2030 11:59:59 PM","40.73948386638","-73.99594753724","3","104","1014656","1007930031","81","MN0401","POINT (-73.995947537239 40.739483866377)"
"CHÂTEAU LE WOOF INC","CHATEAU LE WOOF CAFE","31-01 VERNON BOULEVARD","ASTORIA","Queens","11106","Roadway","Issued","03/13/2026 01:45:57 PM","03/13/2030 11:59:59 PM","40.76944122228","-73.93529738179","22","401","4005452","4005030005","81","QN0102","POINT (-73.935297381789 40.76944122228)"
"TA LADADIKA RESTAURANT CORP","STAMATIS","29-09 23 AVENUE","ASTORIA","Queens","11105","Sidewalk","Issued","06/25/2026 09:06:48 AM","06/25/2030 11:59:59 PM","40.77495220597","-73.91369378493","22","401","4548751","4008440004","115","QN0101","POINT (-73.913693784929 40.774952205972)"
"THE GREY DOG, INC","THE GREY DOG","90 UNIVERSITY PLACE","NEW YORK","Manhattan","10003","Roadway","Issued","05/01/2026 12:25:34 PM","05/01/2030 11:59:59 PM","40.73365384747","-73.9930287886","2","102","1009282","1005690022","61","MN0202","POINT (-73.993028788601 40.733653847465)"
"THE SLOPE, LLC","THE GATE","321 FIFTH AVENUE","BROOKLYN","Brooklyn","11215","Sidewalk","Issued","01/09/2026 01:42:49 PM","01/09/2030 11:59:59 PM","40.67264757844","-73.98338827865","39","306","3021066","3009820009","135","BK0602","POINT (-73.983388278646 40.672647578442)"
"LATTE 498 LLC","GELATERIA GENTILE","498 AMSTERDAM AVENUE","NEW YORK","Manhattan","10024","Sidewalk","Issued","07/21/2026 11:14:37 AM","07/21/2030 11:59:59 PM","40.78646068392","-73.97591356027","6","107","1033109","1012320029","171","MN0702","POINT (-73.975913560271 40.78646068392)"
"J&G ITALIAN RESTAURANT CORP","SAN GENNARO","2329 ARTHUR AVENUE","BRONX","Bronx","10458","Sidewalk","Issued","05/15/2026 01:08:16 PM","05/15/2030 11:59:59 PM","40.8540947816","-73.88882897886","15","206","2011904","2030650068","391","BX0603","POINT (-73.888828978861 40.854094781602)"
"Johnson 369 Corp.","THE JOHNSON'S","369 TROUTMAN STREET","BROOKLYN","Brooklyn","11237","Sidewalk","Issued","08/28/2026 09:49:19 AM","08/28/2030 11:59:59 PM","40.70579120152","-73.92364098854","34","304","3072402","3031760053","447","BK0401","POINT (-73.923640988542 40.705791201518)"
"BUZWIN DONUT CORP.","DONUT PUB","203 WEST   14 STREET","NEW YORK","Manhattan","10011","Sidewalk","Issued","03/13/2026 02:30:52 PM","03/13/2030 11:59:59 PM","40.73874834127","-74.00014434258","3","104","1013731","1007640036","81","MN0401","POINT (-74.000144342577 40.738748341271)"
"230 NINTH AVENUE RESTAURANT LLC","SHUKETTE","230 9 AVENUE","NEW YORK","Manhattan","10001","Roadway","Issued","04/22/2025 04:13:48 PM","04/22/2029 11:59:59 PM","40.7471775042","-74.0008084211","3","104","1083597","1007480001","93","MN0401","POINT (-74.000808421099 40.747177504204)"
"MDMPZZA LLC","ACE'S PIZZA","637 DRIGGS AVENUE","BROOKLYN","Brooklyn","11211","Sidewalk","Issued","04/03/2026 09:43:42 AM","04/03/2030 11:59:59 PM","40.71506997974","-73.9585271286","34","301","3062373","3023537501","519","BK0102","POINT (-73.958527128599 40.715069979737)"
"WOLFDEN LLC","WOLFNIGHTS","40 WEST   55 STREET","NEW YORK","Manhattan","10019","Roadway","Issued","09/11/2026 11:17:06 AM","09/11/2030 11:59:59 PM","40.76223281149","-73.97629777918","4","105","1034808","1012707501","104","MN0502","POINT (-73.97629777918 40.762232811492)"
"TAIKAI INC","MOMOYA","427 AMSTERDAM AVENUE","NEW YORK","Manhattan","10024","Sidewalk","Issued","06/05/2026 05:43:42 PM","06/05/2030 11:59:59 PM","40.7840923079","-73.97761882721","6","107","1031951","1012110004","165","MN0702","POINT (-73.977618827214 40.7840923079)"
"HEIDI'S HOUSE, LLC","HEIDI'S HOUSE BY THE SIDE OF THE ROAD","308 EAST   78 STREET","NEW YORK","Manhattan","10075","Roadway","Issued","04/17/2026 02:35:36 PM","04/17/2030 11:59:59 PM","40.77243421496","-73.95506860984","5","108","1045223","1014520047","134","MN0801","POINT (-73.955068609835 40.772434214963)"
"MPI RESTAURANT CORP.","MORRIS PARK INN","1024 MORRIS PARK AVENUE","BRONX","Bronx","10461","Sidewalk","Issued","04/03/2026 02:14:11 PM","04/03/2030 11:59:59 PM","40.84850214915","-73.85533152633","13","211","2044805","2041030001","252","BX1102","POINT (-73.855331526334 40.848502149147)"
"212 LAFAYETTE ASSOCIATES, LLC","CAFE SELECT","212 LAFAYETTE STREET","NEW YORK","Manhattan","10012","Sidewalk","Issued","04/17/2026 12:18:49 PM","04/17/2030 11:59:59 PM","40.72177468711","-73.99759009525","1","102","1007222","1004820031","45","MN0201","POINT (-73.997590095253 40.721774687105)"
"LV TAPAS INC","LA VARA","268 CLINTON STREET","BROOKLYN","Brooklyn","11201","Roadway","Issued","10/03/2025 01:31:22 PM","10/03/2029 11:59:59 PM","40.68780705365","-73.9957521176","39","306","3003234","3003010026","45","BK0601","POINT (-73.995752117595 40.687807053648)"
"SULLIVAN STREET PARTNERS I LLC","BAR MOGA","128 WEST HOUSTON STREET","NEW YORK","Manhattan","10012","Roadway","Issued","01/30/2026 01:40:43 PM","01/30/2030 11:59:59 PM","40.72760458958","-74.00127000145","2","102","1008258","1005250032","65","MN0202","POINT (-74.001270001449 40.727604589578)"
"GORY'S PLACE ONE LLC","GORY'S PLACE","54-58 MYRTLE AVENUE","RIDGEWOOD","Queens","11385","Sidewalk","Issued","03/27/2026 08:43:34 AM","03/27/2030 11:59:59 PM","40.69979685144","-73.90892274696","34","405","4312143","4035440027","553","QN0502","POINT (-73.908922746961 40.699796851441)"
"BEAR NOAH CORP","JACQUES BRASSERIE","204 EAST   85 STREET","NEW YORK","Manhattan","10028","Sidewalk","Issued","07/31/2026 01:19:27 PM","07/31/2030 11:59:59 PM","40.77795627493","-73.954089981","5","108","1048756","1015300045","14601","MN0803","POINT (-73.954089981003 40.777956274929)"
"ARUGULA NYC, LLC","RUCOLA","190 DEAN STREET","BROOKLYN","Brooklyn","11217","Sidewalk","Issued","08/07/2026 02:02:21 PM","08/07/2030 11:59:59 PM","40.68577344604","-73.98602075307","33","302","3001325","3001950032","41","BK0202","POINT (-73.986020753074 40.68577344604)"
"LEGENDARY NIGHT SPOTS, INC","THE DUPLEX","61 CHRISTOPHER STREET","NEW YORK","Manhattan","10014","Sidewalk","Issued","08/28/2026 09:47:05 AM","08/28/2030 11:59:59 PM","40.7336897171","-74.0023526047","3","102","1082224","1006100001","73","MN0203","POINT (-74.002352604702 40.733689717103)"
"SANTA SALSA , LLC","SANTA SALSA","234 STARR STREET","BROOKLYN","Brooklyn","11237","Sidewalk","Issued","07/31/2026 01:47:42 PM","07/31/2030 11:59:59 PM","40.70551335878","-73.92271437076","34","304","3072768","3031990026","447","BK0401","POINT (-73.922714370758 40.705513358783)"
"SHANNON CAFE LLC","THE HORNY RAM","951 2 AVENUE","NEW YORK","Manhattan","10022","Sidewalk","Issued","07/20/2026 04:03:30 PM","07/20/2030 11:59:59 PM","40.75516313308","-73.96832340387","4","106","1038441","1013240025","98","MN0604","POINT (-73.968323403873 40.755163133079)"
"COOLJAG CORP.","THE SKILLMAN","45-20 SKILLMAN AVENUE","SUNNYSIDE","Queens","11104","Sidewalk","Issued","04/10/2026 01:04:32 PM","04/10/2030 11:59:59 PM","40.74662717817","-73.91867133467","26","402","4001744","4001560029","183","QN0202","POINT (-73.918671334665 40.746627178165)"
"HAVANA CENTRAL NY 2, LLC","HAVANA CENTRAL","151 WEST   46 STREET","NEW YORK","Manhattan","10036","Roadway","Issued","02/13/2026 03:46:33 PM","02/13/2030 11:59:59 PM","40.75799070013","-73.98366651057","4","105","1022663","1009990009","125","MN0502","POINT (-73.983666510565 40.757990700134)"
"DOW YOUNG GROUP INC.","THE COMMODORE","366 METROPOLITAN AVENUE","BROOKLYN","Brooklyn","11211","Sidewalk","Issued","08/07/2026 02:12:28 PM","08/07/2030 11:59:59 PM","40.71407261158","-73.95580429761","34","301","3062501","3023690010","519","BK0102","POINT (-73.955804297612 40.714072611579)"
"GAYSEAHORSE LLC","OLEA","171 LAFAYETTE AVENUE","BROOKLYN","Brooklyn","11238","Roadway","Issued","08/15/2025 03:55:00 PM","08/15/2029 11:59:59 PM","40.68766441001","-73.97055151883","35","302","3335279","3021040065","181","BK0203","POINT (-73.970551518834 40.687664410013)"
"352 RESTAURANT CORP","MUSTANG HARRY'S","352 SEVENTH AVENUE","NEW YORK","Manhattan","10001","Sidewalk","Issued","07/24/2026 02:06:57 PM","07/24/2030 11:59:59 PM","40.74820106847","-73.99266274355","3","105","1014291","1007790041","95","MN0501","POINT (-73.992662743547 40.748201068465)"
"AFP BAGELS INC","BAGELSMITH","566 LORIMER STREET","BROOKLYN","Brooklyn","11211","Sidewalk","Issued","05/29/2026 09:39:34 AM","05/29/2030 11:59:59 PM","40.71385309514","-73.94932589105","34","301","3327262","3027620003","503","BK0104","POINT (-73.949325891048 40.713853095143)"
"D.P.T. SUPREME CORPORATION","LAVENDER LAKE","53 BROADWAY","BROOKLYN","Brooklyn","11249","Roadway","Issued","07/31/2026 01:23:05 PM","07/31/2030 11:59:59 PM","40.71060686989","-73.96658081921","34","301","3413222","3024707501","549","BK0102","POINT (-73.966580819211 40.710606869888)"
"WARE FARM, LLC","UNION HALL","702 UNION STREET","BROOKLYN","Brooklyn","11215","Roadway","Issued","05/02/2025 02:19:13 PM","05/02/2029 11:59:59 PM","40.676154834","-73.97984352486","39","306","3020176","3009560112","133","BK0602","POINT (-73.979843524857 40.676154834001)"
"PORTO CAFE LLC","HALF & HALF","29-15 ASTORIA BOULEVARD","ASTORIA","Queens","11102","Sidewalk","Issued","06/12/2026 02:26:13 PM","06/12/2030 11:59:59 PM","40.77040826793","-73.91936423856","22","401","4017396","4008380018","69","QN0103","POINT (-73.919364238556 40.770408267933)"
"KOKOMO RESTAURANT LLC","KOKOMO","65 KENT AVENUE","BROOKLYN","Brooklyn","11249","Sidewalk","Issued","05/29/2026 11:25:15 AM","05/29/2030 11:59:59 PM","40.72205039226","-73.95983956289","33","301","3061586","3022950001","557","BK0102","POINT (-73.959839562885 40.72205039226)"
"CHEZ NICK LLC","CHEZ NICK","1737 YORK AVENUE","NEW YORK","Manhattan","10128","Sidewalk","Issued","04/17/2026 12:24:12 PM","04/17/2030 11:59:59 PM","40.77875377951","-73.94506618635","5","108","1050734","1015700024","152","MN0803","POINT (-73.945066186347 40.778753779513)"
"WEST 44TH STREET RESTAURANT, LLC","KELLARI TAVERNA","19 WEST   44 STREET","NEW YORK","Manhattan","10036","Roadway","Issued","01/02/2026 02:56:34 PM","01/02/2030 11:59:59 PM","40.75516041445","-73.98083017402","4","105","1034224","1012600024","96","MN0502","POINT (-73.98083017402 40.755160414448)"
"SYLVIA WOODS INC","SYLVIA'S","328 LENOX AVENUE","NEW YORK","Manhattan","10027","Sidewalk","Issued","09/02/2026 03:07:12 PM","09/02/2030 11:59:59 PM","40.80874826225","-73.94475595725","9","110","1077374","1017240004","208","MN1002","POINT (-73.944755957246 40.808748262247)"
"K. T. CORPORATION USA","YAMA","122 EAST   17 STREET","NEW YORK","Manhattan","10003","Sidewalk","Issued","08/07/2026 02:53:19 PM","08/07/2030 11:59:59 PM","40.73600017561","-73.98772056365","2","105","1017830","1008720065","5","MN0602","POINT (-73.987720563646 40.736000175613)"
"BARTOLI'S PIZZERIA & RESTAURANT INC","GINO'S RESTAURANT & PIZZERIA","7414 5 AVENUE","BROOKLYN","Brooklyn","11209","Sidewalk","Issued","02/07/2025 04:51:04 PM","02/07/2029 11:59:59 PM","40.63011073812","-74.02239418247","47","310","3148324","3059300043","134","BK1001","POINT (-74.022394182472 40.630110738122)"
"210 EMPIRE LLC","EMPIRE DINER","210 10 AVENUE","NEW YORK","Manhattan","10011","Sidewalk","Issued","04/03/2026 10:21:00 AM","04/03/2030 11:59:59 PM","40.7472872115","-74.00444271437","3","104","1080370","1007200001","93","MN0401","POINT (-74.004442714368 40.7472872115)"
"SKINFLINTS RESTAURANT INC","SKINFLINTS RESTAURANT","7902 5 AVENUE","BROOKLYN","Brooklyn","11209","Sidewalk","Issued","04/24/2026 10:06:36 PM","04/24/2030 11:59:59 PM","40.62638850472","-74.02391316941","47","310","3150909","3059800042","136","BK1001","POINT (-74.023913169413 40.626388504717)"
"REGULAR WOW LLC","THE GREAT GEORGIANA","248 DEKALB AVENUE","BROOKLYN","Brooklyn","11205","Sidewalk","Issued","07/24/2026 03:30:43 PM","07/24/2030 11:59:59 PM","40.68945915305","-73.96925981563","35","302","3059141","3021050034","197","BK0204","POINT (-73.96925981563 40.689459153052)"
"PUNTO COLOMBIANO EN LA 90 BAKERY CORP.","PUNTO COLOMBIANO EN LA NUEVA 90 BAKERY","37-06 90 STREET","JACKSON HEIGHTS","Queens","11372","Sidewalk","Issued","07/31/2026 01:40:59 PM","07/31/2030 11:59:59 PM","40.75011414738","-73.87681134296","21","403","4036316","4014770001","27701","QN0301","POINT (-73.876811342964 40.75011414738)"
"NAKAMEGURO LLC","AS YOU LIKE","428 HUMBOLDT STREET","BROOKLYN","Brooklyn","11211","Sidewalk","Issued","07/24/2026 12:10:25 PM","07/24/2030 11:59:59 PM","40.71655097831","-73.94300013219","34","301","3325323","3028830006","477","BK0104","POINT (-73.943000132185 40.716550978308)"
"AMITY HALL UPTOWN INC","AMITY HALL","982 AMSTERDAM AVENUE","NEW YORK","Manhattan","10025","Sidewalk","Issued","07/24/2026 12:08:27 PM","07/24/2030 11:59:59 PM","40.80202321798","-73.9645625899","7","107","1075380","1018807501","195","MN0703","POINT (-73.964562589897 40.802023217984)"
"132 MULBERRY INC","UMBERTO'S CLAM HOUSE","132 MULBERRY STREET","NEW YORK","Manhattan","10013","Sidewalk","Issued","07/31/2026 02:58:33 PM","07/31/2030 11:59:59 PM","40.71838490291","-73.99777419863","1","102","1066508","1002377501","41","MN0201","POINT (-73.997774198634 40.718384902908)"
"NKLG CAFE CORP","ALIADA","29-19 BROADWAY","ASTORIA","Queens","11106","Roadway","Issued","07/30/2026 01:06:07 PM","07/30/2030 11:59:59 PM","40.76262360235","-73.926759482","22","401","4445864","4005880001","75","QN0103","POINT (-73.926759481996 40.762623602345)"
"PANEANTICO BAKERY CAFE, INC","PANEANTICO BAKERY","9124 3 AVENUE","BROOKLYN","Brooklyn","11209","Roadway","Issued","01/09/2026 01:50:28 PM","01/09/2030 11:59:59 PM","40.61951888908","-74.03267819558","47","310","3154705","3060850047","58","BK1001","POINT (-74.032678195577 40.619518889081)"
"JUNIOR PRODUCTIONS LLC","UNCLE RAY'S","790 9 AVENUE","NEW YORK","Manhattan","10019","Sidewalk","Issued","09/11/2026 11:12:14 AM","09/11/2030 11:59:59 PM","40.76503975238","-73.98779460885","3","104","1025235","1010430004","133","MN0402","POINT (-73.987794608853 40.765039752379)"
"ECUADORIAN FOOD RESTAURANT CORP.","ECUADORIAN FOOD RESTAURANT","41-20 34 AVENUE","LONG ISLAND CITY","Queens","11101","Sidewalk","Issued","06/19/2026 11:09:19 AM","06/19/2030 11:59:59 PM","40.75617702151","-73.91983272181","22","401","4010928","4006740018","159","QN0104","POINT (-73.919832721814 40.756177021511)"
"COLIEMORE INC","CAFE MAUD","1640 2 AVENUE","NEW YORK","Manhattan","10028","Sidewalk","Issued","07/02/2026 04:39:22 PM","07/02/2030 11:59:59 PM","40.77728576469","-73.95215513057","5","108","1049985","1015480001","14601","MN0803","POINT (-73.952155130566 40.777285764692)"
"57 GRAND STREET CAFE CORP","TOAD HALL","57 GRAND STREET","NEW YORK","Manhattan","10013","Roadway","Issued","10/24/2025 03:56:22 PM","10/24/2029 11:59:59 PM","40.72224401378","-74.00351386799","1","102","1002964","1002280024","47","MN0201","POINT (-74.00351386799 40.722244013776)"
"WEPA LA AREPA LLC","MITI MITI MODERN MEXICAN","138 5 AVENUE","NEW YORK","Manhattan","10011","Sidewalk","Issued","05/01/2026 11:50:37 AM","05/01/2030 11:59:59 PM","40.73891820221","-73.99150541759","3","105","1015454","1008200046","54","MN0501","POINT (-73.991505417587 40.738918202208)"
"MAMOUNS COLUMBUS, LLC","MAMOUN'S FALAFEL","508 COLUMBUS AVENUE","NEW YORK","Manhattan","10024","Roadway","Issued","04/17/2026 03:03:47 PM","04/17/2030 11:59:59 PM","40.78546092973","-73.97293114973","6","107","1032130","1012150033","169","MN0702","POINT (-73.972931149733 40.785460929726)"
"OLIO RESTAURANTS LLC","OLIO E PIU","3 GREENWICH AVENUE","NEW YORK","Manhattan","10014","Sidewalk","Issued","02/27/2026 01:54:07 PM","02/27/2030 11:59:59 PM","40.73392853517","-73.99963556146","3","102","1010268","1005930013","71","MN0203","POINT (-73.999635561457 40.733928535167)"
"SKY285LLC","LA TIRAMISU","1643 2 AVENUE","NEW YORK","Manhattan","10028","Sidewalk","Issued","07/21/2026 12:32:21 PM","07/21/2030 11:59:59 PM","40.7773982755","-73.95209727874","5","108","1048769","1015310022","14601","MN0803","POINT (-73.952097278735 40.777398275502)"
"CAFE SERAFINA 58TH STREET LLC","BRASSERIE COGNAC","922 7 AVENUE","NEW YORK","Manhattan","10019","Roadway","Issued","09/02/2026 02:35:22 PM","09/02/2030 11:59:59 PM","40.76640101651","-73.9796170378","6","105","1024918","1010300029","137","MN0502","POINT (-73.979617037801 40.76640101651)"
"3713 RIVERDALE REST CORP","BLACKSTONE BAR AND GRILL","3713 RIVERDALE AVENUE","BRONX","Bronx","10463","Sidewalk","Issued","08/21/2026 09:52:49 AM","08/21/2030 11:59:59 PM","40.88720421753","-73.9071351613","11","208","2097850","2057960158","295","BX0803","POINT (-73.907135161301 40.887204217532)"
"BROMACO INC","AURORA","70 GRAND STREET","BROOKLYN","Brooklyn","11249","Sidewalk","Issued","04/17/2026 11:13:20 AM","04/17/2030 11:59:59 PM","40.71580492211","-73.96477454399","33","301","3062759","3023900024","551","BK0102","POINT (-73.964774543987 40.71580492211)"
"SIMPLE LOAF BAKEHOUSE LLC","SIMPLE LOAF BAKEHOUSE","310 5 AVENUE","BROOKLYN","Brooklyn","11215","Roadway","Issued","04/24/2026 10:05:38 PM","04/24/2030 11:59:59 PM","40.67321293727","-73.98294472168","39","306","3020899","3009740038","135","BK0602","POINT (-73.982944721676 40.673212937267)"
"1988 SAINTS LLC","NINO'S RISTORANTE","405 EAST   52 STREET","NEW YORK","Manhattan","10022","Roadway","Issued","05/08/2026 02:15:54 PM","05/08/2030 11:59:59 PM","40.75494527054","-73.96480068906","4","106","1078256","1013640005","8603","MN0604","POINT (-73.96480068906 40.754945270541)"
"BANTER MURRAY HILL LLC","BANTER","201 EAST   31 STREET","NEW YORK","Manhattan","10016","Roadway","Issued","03/27/2026 06:46:15 AM","03/27/2030 11:59:59 PM","40.74368153219","-73.97915899122","2","106","1020028","1009120001","7002","MN0603","POINT (-73.979158991216 40.743681532192)"
"305 BLEECKER FOOD MARKET LLC","SUPREMA","305 BLEECKER STREET","NEW YORK","Manhattan","10014","Sidewalk","Issued","07/20/2026 04:36:46 PM","07/20/2030 11:59:59 PM","40.73259451813","-74.00377060023","3","102","1010180","1005910004","73","MN0203","POINT (-74.003770600231 40.73259451813)"
"UNCLE BIAGIO LLC","DON ANGIE","103 GREENWICH AVENUE","NEW YORK","Manhattan","10014","Sidewalk","Issued","08/21/2026 09:55:47 AM","08/21/2030 11:59:59 PM","40.73773276442","-74.00181868864","3","102","1011048","1006150081","77","MN0203","POINT (-74.001818688643 40.737732764416)"
"592 YASOU LLC","YASOUVLAKI","592 AMSTERDAM AVENUE","NEW YORK","Manhattan","10024","Sidewalk","Issued","07/31/2026 03:06:10 PM","07/31/2030 11:59:59 PM","40.78938612199","-73.97378181916","6","107","1033298","1012360035","175","MN0702","POINT (-73.973781819159 40.789386121987)"
"CGM-LLNR LLC","JEAN'S","415 LAFAYETTE STREET","NEW YORK","Manhattan","10003","Sidewalk","Issued","09/04/2026 10:31:06 AM","09/04/2030 11:59:59 PM","40.7285211076","-73.99256750253","2","102","1080087","1005440011","57","MN0202","POINT (-73.99256750253 40.728521107598)"
"P.J. COFFEE SHOP, INC.","CLARK'S","80 CLARK STREET","BROOKLYN","Brooklyn","11201","Sidewalk","Issued","08/28/2026 02:01:14 PM","08/28/2030 11:59:59 PM","40.69751075041","-73.9932597808","33","302","3001864","3002360112","501","BK0201","POINT (-73.993259780796 40.697510750407)"
"DAVIS AND DEVORE GROUP LLC","TEDDY'S BAR & GRILL","96 BERRY STREET","BROOKLYN","Brooklyn","11249","Roadway","Issued","08/29/2025 01:49:45 PM","08/29/2029 11:59:59 PM","40.71926940654","-73.95833691505","33","301","3061759","3023100030","557","BK0102","POINT (-73.958336915049 40.719269406542)"
"74 W PIZZA CORP.","PATSY'S PIZZERIA","61 WEST   74 STREET","NEW YORK","Manhattan","10023","Roadway","Issued","09/12/2025 03:43:39 PM","09/12/2029 11:59:59 PM","40.77822382869","-73.97663147218","6","107","1028692","1011270001","161","MN0702","POINT (-73.976631472177 40.778223828694)"
"WILD ATLANTIC WAY LLC","DOYLE'S CORNER","42-02 BROADWAY","ASTORIA","Queens","11103","Sidewalk","Issued","08/14/2026 12:05:55 PM","08/14/2030 11:59:59 PM","40.7581486913","-73.91727833756","22","401","4011652","4006900035","159","QN0104","POINT (-73.917278337563 40.758148691304)"
"AMA HOSPITALITY GROUP LLC","AMA ON DOWNING","39 DOWNING STREET","NEW YORK","Manhattan","10014","Sidewalk","Issued","06/25/2026 08:01:57 AM","06/25/2030 11:59:59 PM","40.7292266825","-74.00402658026","3","102","1008409","1005280077","67","MN0203","POINT (-74.004026580259 40.729226682502)"
"2418 WATER & WHEAT LLC","WATER & WHEAT","2418 BROADWAY","NEW YORK","Manhattan","10024","Sidewalk","Issued","07/31/2026 03:02:24 PM","07/31/2030 11:59:59 PM","40.79010553543","-73.97507801262","6","107","1033301","1012360044","175","MN0702","POINT (-73.975078012621 40.790105535432)"
"NY OWL CAFE 75 LLC","THE OWL'S TAIL","215 WEST   75 STREET","NEW YORK","Manhattan","10023","Roadway","Issued","10/03/2025 01:47:59 PM","10/03/2029 11:59:59 PM","40.78081015853","-73.9807938743","6","107","1030839","1011677501","163","MN0702","POINT (-73.980793874296 40.78081015853)"
"THE THREE LENOX FRIENDS, CORP.","LOS 3 CHARROS","57 LENOX AVENUE","NEW YORK","Manhattan","10026","Sidewalk","Issued","05/15/2026 12:33:19 PM","05/15/2030 11:59:59 PM","40.80001737521","-73.95115268076","9","110","1054986","1018220036","216","MN1001","POINT (-73.951152680758 40.800017375214)"
"BLANK STREET INC.","BLANK STREET","75 LAFAYETTE AVENUE","BROOKLYN","Brooklyn","11217","Sidewalk","Issued","05/08/2026 12:12:27 PM","05/08/2030 11:59:59 PM","40.68711932003","-73.97529333464","35","302","3058852","3020990086","33","BK0203","POINT (-73.975293334643 40.687119320033)"
"GOSHT INC","GOSHT RESTAURANT","3215 CONEY ISLAND AVENUE","BROOKLYN","Brooklyn","11235","Sidewalk","Issued","09/11/2026 10:28:06 AM","09/11/2030 11:59:59 PM","40.57735648627","-73.95957771893","48","313","3423914","3087207511","61002","BK1303","POINT (-73.959577718925 40.577356486268)"
"SWEETGREEN NEW YORK LLC","SWEETGREEN","2460 BROADWAY","NEW YORK","Manhattan","10025","Sidewalk","Issued","07/31/2026 02:29:22 PM","07/31/2030 11:59:59 PM","40.79151610997","-73.97405183479","6","107","1033584","1012390023","179","MN0702","POINT (-73.974051834791 40.791516109969)"
"POLLOS A LA BRASA MAMA MIA, INC","LAS MARGARITAS","83-22 37 AVENUE","JACKSON HEIGHTS","Queens","11372","Sidewalk","Issued","07/31/2026 01:22:28 PM","07/31/2030 11:59:59 PM","40.74985996573","-73.8830917742","21","403","4036225","4014710006","281","QN0301","POINT (-73.883091774199 40.749859965734)"
"WU'S WONTON KING, INC","WU'S WONTON KING","165 EAST BROADWAY","NEW YORK","Manhattan","10002","Sidewalk","Issued","07/20/2026 04:58:07 PM","07/20/2030 11:59:59 PM","40.71405598952","-73.9900079938","1","103","1003627","1002840028","6","MN0301","POINT (-73.990007993797 40.714055989521)"
"ROG 2, LLC","ROSIE O'GRADY'S","148 WEST   51 STREET","NEW YORK","Manhattan","10020","Sidewalk","Issued","06/05/2026 05:55:08 PM","06/05/2030 11:59:59 PM","40.76135003055","-73.98196908054","4","105","1022710","1010037501","131","MN0502","POINT (-73.98196908054 40.761350030549)"
"CAFFE DE LA VENEZIA CORP","CAFFE DE LA VENEZIA","105 MULBERRY STREET","NEW YORK","Manhattan","10013","Roadway","Issued","07/24/2026 12:16:27 PM","07/24/2030 11:59:59 PM","40.7174132655","-73.99840191965","1","102","1002658","1002060026","41","MN0201","POINT (-73.998401919651 40.7174132655)"
"FIFTYTWO MERCHANTS LLC","BAR PISELLINO","52 GROVE STREET","NEW YORK","Manhattan","10014","Sidewalk","Issued","06/12/2026 01:54:03 PM","06/12/2030 11:59:59 PM","40.73297604162","-74.0037345394","3","102","1010183","1005910010","73","MN0203","POINT (-74.003734539397 40.732976041618)"
"AMYLOS LLC","AMYLOS TAVERNA","33-19 BROADWAY","ASTORIA","Queens","11106","Roadway","Issued","10/03/2025 01:22:28 PM","10/03/2029 11:59:59 PM","40.76112013217","-73.92355926454","22","401","4617929","4006237501","61","QN0103","POINT (-73.92355926454 40.761120132174)"
"LUGGAGE FACTORY LLC","LOFI BAR","304 5 AVENUE","BROOKLYN","Brooklyn","11215","Sidewalk","Issued","08/28/2026 08:53:31 AM","08/28/2030 11:59:59 PM","40.67348463611","-73.98271753569","39","306","3020782","3009690045","135","BK0602","POINT (-73.982717535686 40.673484636108)"
"BBC FOOD PRODUCTS LLC","PIE CORPS","77 DRIGGS AVENUE","BROOKLYN","Brooklyn","11222","Roadway","Issued","06/26/2026 02:21:20 PM","06/26/2030 11:59:59 PM","40.7232806514","-73.9420058377","33","301","3067748","3027050016","591","BK0101","POINT (-73.942005837696 40.723280651402)"
"WV DRIGGS LLC","WESTVILLE","658 DRIGGS AVENUE","BROOKLYN","Brooklyn","11211","Sidewalk","Issued","03/27/2026 11:04:23 AM","03/27/2030 11:59:59 PM","40.71465568964","-73.95899993783","34","301","3424751","3023667501","553","BK0102","POINT (-73.958999937834 40.714655689639)"
"FIFTY MERCHANTS LLC","THE COMMERCE INN","50 COMMERCE STREET","NEW YORK","Manhattan","10014","Sidewalk","Issued","07/20/2026 04:22:28 PM","07/20/2030 11:59:59 PM","40.73138125922","-74.00556018063","3","102","1009822","1005840020","67","MN0203","POINT (-74.005560180629 40.731381259221)"
"THE SCRATCHER CAFE INC","THE SCRATCHER","209 EAST    5 STREET","NEW YORK","Manhattan","10003","Roadway","Issued","05/02/2025 02:17:47 PM","05/02/2029 11:59:59 PM","40.72751364425","-73.99072395097","2","103","1076944","1004610052","38","MN0303","POINT (-73.990723950969 40.727513644254)"
"STOUT BRYANT PARK INC","STOUT NYC","109 WEST   39 STREET","NEW YORK","Manhattan","10018","Roadway","Issued","04/24/2026 10:09:59 PM","04/24/2030 11:59:59 PM","40.75317121588","-73.98604264835","4","105","1015277","1008150021","113","MN0502","POINT (-73.986042648349 40.753171215883)"
"ALEXANDER AND DIAGNE LLC.","CAFE RUE DIX","1451 BEDFORD AVENUE","BROOKLYN","Brooklyn","11216","Sidewalk","Issued","06/25/2026 08:48:04 AM","06/25/2030 11:59:59 PM","40.67349044612","-73.95403599332","36","308","3031466","3012390015","219","BK0802","POINT (-73.954035993322 40.673490446115)"
"LUNELLA RISTORANTE INC","LUNELLA RISTORANTE","173 MULBERRY STREET","NEW YORK","Manhattan","10013","Roadway","Issued","06/05/2026 05:42:37 PM","06/05/2030 11:59:59 PM","40.7201580047","-73.99698047731","1","102","1006964","1004710016","41","MN0201","POINT (-73.996980477312 40.720158004701)"
"THE GREY DOG FLATIRON INC","THE GREY DOG","55 WEST   26 STREET","NEW YORK","Manhattan","10010","Roadway","Issued","10/24/2025 03:53:01 PM","10/24/2029 11:59:59 PM","40.74458883562","-73.9908983996","3","105","1015632","1008280001","58","MN0501","POINT (-73.9908983996 40.744588835621)"
"GMT NEW YORK LLC","GMT TAVERN","142 BLEECKER STREET","NEW YORK","Manhattan","10012","Roadway","Issued","04/17/2026 02:29:34 PM","04/17/2030 11:59:59 PM","40.72810688499","-73.99906913962","2","102","1008268","1005257504","65","MN0202","POINT (-73.999069139622 40.728106884989)"
"ESTERS NYC LLC","THE ESTERS","192 NASSAU AVENUE","BROOKLYN","Brooklyn","11222","Sidewalk","Issued","05/08/2026 03:34:49 PM","05/08/2030 11:59:59 PM","40.72551650575","-73.94529063212","33","301","3067038","3026860001","591","BK0101","POINT (-73.945290632118 40.725516505749)"
"AMSTERDAM AVE BAGELS INC","BAGELS & COMPANY","172 WEST   79 STREET","NEW YORK","Manhattan","10024","Sidewalk","Issued","09/18/2026 09:13:56 AM","09/18/2030 11:59:59 PM","40.78273086325","-73.97737735246","6","107","1030267","1011507504","165","MN0702","POINT (-73.977377352461 40.782730863248)"
"BEAR DONUT INC","BEAR DONUT","40 WEST   31 STREET","NEW YORK","Manhattan","10001","Roadway","Issued","06/13/2025 09:08:07 AM","06/13/2029 11:59:59 PM","40.7472756627","-73.98773291344","3","105","1078654","1008320066","76","MN0501","POINT (-73.987732913442 40.747275662702)"
"Perrine O'Neil LLC","AMERICAN CHEEZ","444 7 AVENUE","BROOKLYN","Brooklyn","11215","Roadway","Issued","05/02/2025 02:22:14 PM","05/02/2029 11:59:59 PM","40.66314808776","-73.98470988542","39","307","3024023","3010490044","14902","BK0701","POINT (-73.984709885422 40.663148087755)"
"PARCELLE 72 MACDOUGAL LLC","PARCELLE","72 MACDOUGAL STREET","NEW YORK","Manhattan","10012","Sidewalk","Issued","05/22/2026 10:54:04 AM","05/22/2030 11:59:59 PM","40.72829900655","-74.0019050221","2","102","1008341","1005260084","65","MN0202","POINT (-74.001905022102 40.728299006553)"
"364 ATLANTIC REST LLC","SOMEDAY","364 ATLANTIC AVENUE","BROOKLYN","Brooklyn","11217","Roadway","Issued","04/22/2025 04:23:23 PM","04/22/2029 11:59:59 PM","40.68745876263","-73.98622953352","33","302","3000879","3001830016","41","BK0202","POINT (-73.986229533523 40.687458762634)"
"WIN WIN DISTRIBUTION INC.","CAFE TO GO","28-58 32 STREET","ASTORIA","Queens","11102","Sidewalk","Issued","08/14/2026 11:58:47 AM","08/14/2030 11:59:59 PM","40.76680509502","-73.9203577831","22","401","4008594","4006170001","71","QN0103","POINT (-73.920357783098 40.766805095021)"
"KINGS PALACE NYC LLC","CERVO'S","43 CANAL STREET","NEW YORK","Manhattan","10002","Roadway","Issued","02/06/2026 11:04:31 AM","02/06/2030 11:59:59 PM","40.71475052833","-73.99139307719","1","103","1003857","1002980034","16","MN0301","POINT (-73.991393077194 40.714750528329)"
"THE VILLAGE SQUARE PIZZA 5 INC.","VILLAGE SQUARE PIZZA - UPPER WEST SIDE","2479 BROADWAY","NEW YORK","Manhattan","10025","Sidewalk","Issued","08/07/2026 02:49:38 PM","08/07/2030 11:59:59 PM","40.7922296313","-73.97355317212","6","107","1033611","1012400010","179","MN0702","POINT (-73.973553172118 40.792229631304)"
"POKE TIKY BAR-CAFFEE CORP","POKE TIKY BAR","564 VANDERBILT AVENUE","BROOKLYN","Brooklyn","11238","Sidewalk","Issued","05/15/2026 12:45:42 PM","05/15/2030 11:59:59 PM","40.67974508464","-73.96812141164","35","308","3027879","3011370053","163","BK0801","POINT (-73.968121411642 40.679745084636)"
"SAMPA RESTAURANT LLC","BECO","45 RICHARDSON STREET","BROOKLYN","Brooklyn","11211","Roadway","Issued","05/16/2025 03:57:28 PM","05/16/2029 11:59:59 PM","40.71825076587","-73.95058874985","33","301","3322738","3027210033","515","BK0102","POINT (-73.950588749846 40.718250765872)"
"FINGAL LLC","THE FIVE LAMPS","1586 YORK AVENUE","NEW YORK","Manhattan","10028","Sidewalk","Issued","07/20/2026 04:08:28 PM","07/20/2030 11:59:59 PM","40.77433895526","-73.94826513579","5","108","1051210","1015800052","13604","MN0803","POINT (-73.94826513579 40.774338955264)"
"142 FRANKLIN STREET INC.","SONNY'S CORNER","142 FRANKLIN STREET","BROOKLYN","Brooklyn","11222","Sidewalk","Issued","09/11/2026 10:40:12 AM","09/11/2030 11:59:59 PM","40.72976785717","-73.95756541367","33","301","3064811","3025630008","565","BK0101","POINT (-73.957565413668 40.729767857168)"
"1481 3RD AVE IOU LLC","ISLE OF US","1481 3 AVENUE","NEW YORK","Manhattan","10028","Roadway","Issued","06/12/2026 03:40:18 PM","06/12/2030 11:59:59 PM","40.77723206972","-73.9551267412","5","108","1048721","1015290045","138","MN0803","POINT (-73.955126741196 40.777232069721)"
"FULTON STREET SMOOTHIE LLC","PLAYA BOWLS","50 FULTON STREET","NEW YORK","Manhattan","10038","Sidewalk","Issued","01/02/2026 01:31:58 PM","01/02/2030 11:59:59 PM","40.70822918325","-74.00469619151","1","101","1001172","1000757501","1502","MN0101","POINT (-74.004696191509 40.708229183248)"
"EK FOOD SERVICES INC","MARUFUKU RAMEN","92 2 AVENUE","NEW YORK","Manhattan","10003","Sidewalk","Issued","08/14/2026 12:58:50 PM","08/14/2030 11:59:59 PM","40.72698647931","-73.98881904018","2","103","1006223","1004470003","38","MN0303","POINT (-73.988819040181 40.726986479307)"
"SUGAR MAMA BAKERY LLC","DUTCH BABY","813 WEST  187 STREET","NEW YORK","Manhattan","10033","Sidewalk","Issued","08/14/2026 12:06:34 PM","08/14/2030 11:59:59 PM","40.85529529319","-73.93744394148","10","112","1082091","1021797501","273","MN1202","POINT (-73.937443941482 40.855295293188)"
"P.S.B. SATELLITES LTD","HENRY STREET ALE HOUSE","62 HENRY STREET","BROOKLYN","Brooklyn","11201","Sidewalk","Issued","05/08/2026 01:49:38 PM","05/08/2030 11:59:59 PM","40.69911088691","-73.99222457852","33","302","3001647","3002210027","1","BK0201","POINT (-73.992224578524 40.69911088691)"
"150 WYTHE, INC","BAKERI","105 FREEMAN STREET","BROOKLYN","Brooklyn","11222","Roadway","Issued","03/27/2026 06:43:54 AM","03/27/2030 11:59:59 PM","40.73422800736","-73.9573135883","33","301","3063946","3025040071","56301","BK0101","POINT (-73.957313588301 40.734228007359)"
"26 EAST 60TH STREET HOSPITALITY LLC","CAFE BILBOQUET","26 EAST   60 STREET","NEW YORK","Manhattan","10022","Sidewalk","Issued","06/25/2026 08:21:18 AM","06/25/2030 11:59:59 PM","40.76406225434","-73.97062951763","4","108","1040760","1013740046","11401","MN0802","POINT (-73.970629517633 40.764062254344)"
"RAICES COLOMBIANAS CORP.","RAICES COLOMBIANAS","86-02 37 AVENUE","JACKSON HEIGHTS","Queens","11372","Sidewalk","Issued","07/31/2026 01:44:02 PM","07/31/2030 11:59:59 PM","40.75013994235","-73.88043852838","21","403","4036257","4014740001","279","QN0301","POINT (-73.880438528382 40.750139942351)"
"PIO PIO OCHO INC","PIO PIO","604 10 AVENUE","NEW YORK","Manhattan","10036","Sidewalk","Issued","08/07/2026 01:51:33 PM","08/07/2030 11:59:59 PM","40.76058005042","-73.99476225018","3","104","1087703","1010537503","12102","MN0402","POINT (-73.994762250179 40.760580050424)"
"DAILY PROVISIONS OPERATIONS, LLC","DAILY PROVISIONS","1381 MADISON AVENUE","NEW YORK","Manhattan","10029","Sidewalk","Issued","09/04/2026 10:11:07 AM","09/04/2030 11:59:59 PM","40.78728569555","-73.95410157912","8","111","1051443","1016020020","16002","MN1101","POINT (-73.954101579118 40.787285695548)"
"EL MERO MERO INC","EL MERO MERO","35-57 38 STREET","LONG ISLAND CITY","Queens","11101","Sidewalk","Issued","08/14/2026 12:08:01 PM","08/14/2030 11:59:59 PM","40.75464526018","-73.92358477054","26","401","4010871","4006680043","157","QN0104","POINT (-73.923584770535 40.754645260179)"
"FABRIZIO CAVALLACCI","CAFFE REGGIO","119 MAC DOUGAL STREET","NEW YORK","Manhattan","10012","Roadway","Issued","10/17/2025 03:48:38 PM","10/17/2029 11:59:59 PM","40.73020114447","-74.00032112088","2","102","1008746","1005430021","65","MN0202","POINT (-74.000321120881 40.730201144472)"
"VILLABERULIA INC","VILLA BERULIA","107 EAST   34 STREET","NEW YORK","Manhattan","10016","Sidewalk","Issued","01/07/2026 11:48:05 AM","01/07/2030 11:59:59 PM","40.74686574617","-73.98082174297","4","106","1078763","1008900001","72","MN0603","POINT (-73.980821742973 40.746865746167)"
"TAPESTRY MANAGEMENT LLC","SEMMA","60 GREENWICH AVENUE","NEW YORK","Manhattan","10011","Sidewalk","Issued","08/21/2026 12:37:19 PM","08/21/2030 11:59:59 PM","40.73601729882","-74.0007685926","3","102","1010525","1006060025","71","MN0203","POINT (-74.000768592598 40.736017298821)"
"JJMAP LLC","VIA TRENTA OSTERIA","36-19 30 AVENUE","ASTORIA","Queens","11103","Sidewalk","Issued","08/07/2026 02:47:52 PM","08/07/2030 11:59:59 PM","40.76491718367","-73.91716159882","22","401","4009266","4006300041","6502","QN0103","POINT (-73.917161598822 40.764917183669)"
"GREENE STREET ENTERPRISES INC","WHITE OAK TAVERN","21 WAVERLY PLACE","NEW YORK","Manhattan","10003","Sidewalk","Issued","08/14/2026 02:15:01 PM","08/14/2030 11:59:59 PM","40.73025042421","-73.99461310301","2","102","1008839","1005480045","59","MN0202","POINT (-73.99461310301 40.730250424208)"
"3321 ASTORIA INC","BAREBURGER","33-21 31 AVENUE","ASTORIA","Queens","11106","Sidewalk","Issued","02/27/2026 01:11:21 PM","02/27/2030 11:59:59 PM","40.76346560897","-73.92164330987","22","401","4436884","4006250001","63","QN0103","POINT (-73.921643309869 40.763465608974)"
"TRADITA JONE INC","CKA KA QELLUE","118 EAST   31 STREET","NEW YORK","Manhattan","10016","Sidewalk","Issued","05/22/2026 09:13:19 AM","05/22/2030 11:59:59 PM","40.74478263413","-73.9818183993","2","105","1018340","1008860077","72","MN0603","POINT (-73.9818183993 40.744782634132)"
"PISTICCI RESTAURANT CORP","PISTICCI RESTAURANT","125 LA SALLE STREET","NEW YORK","Manhattan","10027","Sidewalk","Issued","05/22/2026 11:49:09 AM","05/22/2030 11:59:59 PM","40.81405755657","-73.9603618545","7","109","1059866","1019930112","211","MN0901","POINT (-73.960361854501 40.81405755657)"
"BEER LLC","THE AVENUE","71-22 MYRTLE AVENUE","RIDGEWOOD","Queens","11385","Roadway","Issued","05/22/2026 12:07:29 PM","05/22/2030 11:59:59 PM","40.70204227155","-73.87939987109","32","405","4090502","4037090032","629","QN0503","POINT (-73.879399871087 40.702042271549)"
"373 DECATUR STR INC","CHEZ OSKAR","373 DECATUR STREET","BROOKLYN","Brooklyn","11233","Sidewalk","Issued","07/24/2026 12:29:18 PM","07/24/2030 11:59:59 PM","40.6819235363","-73.92930378723","36","303","3047163","3016760047","297","BK0302","POINT (-73.929303787234 40.681923536304)"
"127 EAST RESTAURANT CORP","SNAFU","127 EAST   47 STREET","NEW YORK","Manhattan","10017","Roadway","Issued","04/24/2026 10:08:09 PM","04/24/2030 11:59:59 PM","40.75448097746","-73.97340218372","4","106","1036220","1013020123","92","MN0604","POINT (-73.973402183715 40.754480977458)"
"ELSEWHERE ESPRESSO LLC","ELSEWHERE ESPRESSO","335 EAST    6 STREET","NEW YORK","Manhattan","10003","Roadway","Issued","08/29/2025 01:42:56 PM","08/29/2029 11:59:59 PM","40.72700831208","-73.98759955742","2","103","1006293","1004480038","38","MN0303","POINT (-73.987599557418 40.72700831208)"
"RMSR MANAGEMENT CORP","MURPHY'S BAR","45-01 23 AVENUE","ASTORIA","Queens","11105","Sidewalk","Issued","07/21/2026 10:18:30 AM","07/21/2030 11:59:59 PM","40.76896468804","-73.90521036048","22","401","4014564","4007690039","137","QN0101","POINT (-73.905210360476 40.768964688039)"
"BISTROTIER LLC","LIBERTINE","684 GREENWICH STREET","NEW YORK","Manhattan","10014","Sidewalk","Issued","08/21/2026 11:13:41 AM","08/21/2030 11:59:59 PM","40.73292645042","-74.00751598045","3","102","1078233","1006300024","75","MN0203","POINT (-74.007515980445 40.732926450418)"
"BAGEL PUB CROWN HEIGHTS CORP.","BAGEL PUB","775 FRANKLIN AVENUE","BROOKLYN","Brooklyn","11238","Sidewalk","Issued","06/25/2026 08:11:48 AM","06/25/2030 11:59:59 PM","40.67227305567","-73.95737502328","35","308","3032121","3012520013","219","BK0802","POINT (-73.957375023284 40.672273055667)"
"L'ANGELETTO INC","L'ANGELETTO","327 2ND AVE","NEW YORK","Manhattan","10003","Sidewalk","Issued","07/03/2026 05:42:39 PM","07/03/2030 11:59:59 PM","40.73534079601","-73.98277359771","2","106","1019591","1008990032","48","MN0602","POINT (-73.982773597711 40.73534079601)"
"TORNADO CREPES CORP.","TORNADO CREPE","86-10 ROOSEVELT AVENUE","JACKSON HEIGHTS","Queens","11372","Sidewalk","Issued","07/20/2026 03:39:13 PM","07/20/2030 11:59:59 PM","40.74803149306","-73.87998758386","25","404","4037053","4015020006","26901","QN0401","POINT (-73.879987583859 40.748031493061)"
"GREY DOG CHELSEA INC","THE GREY DOG","242 WEST   16 STREET","NEW YORK","Manhattan","10011","Roadway","Issued","10/03/2025 01:46:37 PM","10/03/2029 11:59:59 PM","40.74040617839","-73.99999639135","3","104","1013788","1007650065","81","MN0401","POINT (-73.999996391345 40.740406178389)"
"FLEXIBLE FISH CORP","BLUE RIBBON SUSHI","119 SULLIVAN STREET","NEW YORK","Manhattan","10012","Roadway","Issued","07/03/2025 01:14:04 PM","07/03/2029 11:59:59 PM","40.7260537721","-74.00269508216","1","102","1007780","1005030012","49","MN0201","POINT (-74.002695082161 40.726053772095)"
"FIFTYONE MERCHANTS LLC","VIA CAROTA","51 GROVE STREET","NEW YORK","Manhattan","10014","Roadway","Issued","04/24/2026 10:23:49 PM","04/24/2030 11:59:59 PM","40.73299525521","-74.00372732398","3","102","1010192","1005910040","73","MN0203","POINT (-74.003727323975 40.732995255206)"
"TT & B RESTAURANT INC","L'AMORE","171 MULBERRY STREET","NEW YORK","Manhattan","10013","Sidewalk","Issued","08/21/2026 10:57:33 AM","08/21/2030 11:59:59 PM","40.72007566253","-73.997012949","1","102","1006965","1004710017","41","MN0201","POINT (-73.997012949003 40.720075662525)"
"56 UNLIMITED LLC","THE CONSULATE","44 WEST   56 STREET","NEW YORK","Manhattan","10019","Roadway","Issued","03/13/2026 03:23:46 PM","03/13/2030 11:59:59 PM","40.76289696775","-73.97593655412","4","105","1034848","1012710062","104","MN0502","POINT (-73.975936554122 40.762896967748)"
"ATHENA RESTAURANT SAAH, INC.","ATHENA","535 6 AVENUE","BROOKLYN","Brooklyn","11215","Roadway","Issued","07/02/2026 03:38:44 PM","07/02/2030 11:59:59 PM","40.66492418583","-73.98651535891","39","306","3023746","3010430009","14901","BK0602","POINT (-73.986515358908 40.664924185833)"
"16 BEDFORD CORP.","ARIA WEST VILLAGE","14 BEDFORD STREET","NEW YORK","Manhattan","10014","Roadway","Issued","06/12/2026 03:31:39 PM","06/12/2030 11:59:59 PM","40.72907299313","-74.00349258124","3","102","1008347","1005270007","67","MN0203","POINT (-74.003492581242 40.72907299313)"
"421 AMSTERDAM PIZZA CORP.","MADE IN NEW YORK PIZZA","421 AMSTERDAM AVENUE","NEW YORK","Manhattan","10024","Sidewalk","Issued","07/31/2026 01:26:34 PM","07/31/2030 11:59:59 PM","40.7839578333","-73.97771275922","6","107","1031948","1012110001","165","MN0702","POINT (-73.977712759219 40.783957833302)"
"OLI RESTAURANT INC","OTTAVA / SAINT EVE'S","1123 8 AVENUE","BROOKLYN","Brooklyn","11215","Sidewalk","Issued","08/14/2026 01:31:14 PM","08/14/2030 11:59:59 PM","40.66435512821","-73.98036615576","39","306","3026308","3010970001","167","BK0602","POINT (-73.980366155755 40.664355128212)"
"SAMI AND SUSU FOOD INC","MIRIAM","79 5 AVENUE","BROOKLYN","Brooklyn","11217","Sidewalk","Issued","04/17/2026 03:06:53 PM","04/17/2030 11:59:59 PM","40.68025241451","-73.97784129178","39","306","3018855","3009380010","12902","BK0602","POINT (-73.977841291783 40.680252414511)"
"REQUISITE BOOTIE, INC.","LUCIEN","14 1 AVENUE","NEW YORK","Manhattan","10009","Sidewalk","Issued","05/15/2026 12:34:12 PM","05/15/2030 11:59:59 PM","40.72340725316","-73.98831095298","2","103","1005730","1004290002","3002","MN0303","POINT (-73.988310952975 40.723407253161)"
"MAMOUN FAST FOOD CATERERS INC.","MAMOUN'S FALAFEL","119 MACDOUGAL STREET","NEW YORK","Manhattan","10012","Roadway","Issued","10/24/2025 03:40:21 PM","10/24/2029 11:59:59 PM","40.73020114447","-74.00032112088","2","102","1008746","1005430021","65","MN0202","POINT (-74.000321120881 40.730201144472)"
"ARELO LLC","GO NONNA","10-50 44 DRIVE","LONG ISLAND CITY","Queens","11101","Roadway","Issued","05/09/2025 09:14:38 AM","05/09/2029 11:59:59 PM","40.7487176716","-73.95062020192","26","402","4000429","4000510024","702","QN0201","POINT (-73.950620201915 40.748717671596)"
"SHIP WRECKED BAR AND GRILL, INC.","WICKED WILLY'S","149 BLEECKER STREET","NEW YORK","Manhattan","10012","Roadway","Issued","01/02/2026 01:50:07 PM","01/02/2030 11:59:59 PM","40.72826882815","-73.99935777693","2","102","1008649","1005370036","65","MN0202","POINT (-73.999357776932 40.728268828151)"
"IHI-NY LLC","ILILI RESTAURANT","236 5 AVENUE","NEW YORK","Manhattan","10001","Sidewalk","Issued","07/18/2025 03:14:55 PM","07/18/2029 11:59:59 PM","40.74422622183","-73.98763603781","3","105","1015687","1008290036","58","MN0501","POINT (-73.987636037808 40.744226221827)"
"CAFFE BENE HOUSE INC","SEMICOLON","9 EDWARD M MORGAN PLACE","NEW YORK","Manhattan","10032","Sidewalk","Issued","05/22/2026 12:05:02 PM","05/22/2030 11:59:59 PM","40.83465894862","-73.94542097916","7","112","1076745","1021340180","241","MN1201","POINT (-73.945420979164 40.834658948622)"
"OHNO INC","SAMURAI MAMA","205 GRAND STREET","BROOKLYN","Brooklyn","11211","Roadway","Issued","01/16/2026 01:15:34 PM","01/16/2030 11:59:59 PM","40.7140962138","-73.96029888432","34","301","3062641","3023810013","553","BK0102","POINT (-73.960298884315 40.714096213797)"
"RED CLAM, LLC","LUPA OSTERIA ROMANA","170 THOMPSON STREET","NEW YORK","Manhattan","10012","Roadway","Issued","05/09/2025 09:25:29 AM","05/09/2029 11:59:59 PM","40.72766772585","-74.00029224493","2","102","1008261","1005250035","65","MN0202","POINT (-74.00029224493 40.727667725853)"
"37 EAST REST CORP","TIPSY NOMAD","37 EAST   28 STREET","NEW YORK","Manhattan","10016","Roadway","Issued","07/24/2026 03:31:53 PM","07/24/2030 11:59:59 PM","40.74382520514","-73.98525427778","2","105","1016904","1008580030","74","MN0501","POINT (-73.985254277778 40.74382520514)"
"518 HUDSON STREET LLC","JUSTINE'S ON HUDSON","518 HUDSON STREET","NEW YORK","Manhattan","10014","Sidewalk","Issued","05/22/2026 10:32:35 AM","05/22/2030 11:59:59 PM","40.73363192817","-74.00630006785","3","102","1082683","1006190009","73","MN0203","POINT (-74.006300067847 40.73363192817)"
"FISHBOX RESTAURANT CORPORATION","SAMMY'S FISHBOX","41 CITY ISLAND AVENUE","BRONX","Bronx","10464","Sidewalk","Issued","12/09/2024 01:15:17 PM","12/09/2028 11:59:59 PM","40.83898288426","-73.7834222652","13","210","2081754","2056250037","51601","BX1003","POINT (-73.783422265197 40.838982884256)"
"WARUDE LLC","WARUDE","385 TOMPKINS AVENUE","BROOKLYN","Brooklyn","11216","Sidewalk","Issued","09/02/2026 03:11:34 PM","09/02/2030 11:59:59 PM","40.6843965217","-73.94411301267","36","303","3052048","3018300003","267","BK0301","POINT (-73.944113012672 40.684396521698)"
"MULBERRY STREET BAR LLC","MULBERRY STREET BAR","176 1/2 MULBERRY STREET","NEW YORK","Manhattan","10013","Roadway","Issued","06/19/2026 11:27:28 AM","06/19/2030 11:59:59 PM","40.72031994367","-73.99689388844","1","102","1087097","1004717502","41","MN0201","POINT (-73.99689388844 40.720319943672)"
"NF CELLAR INC","CELLAR 36","36 MARKET STREET","NEW YORK","Manhattan","10002","Roadway","Issued","10/10/2025 01:28:56 PM","10/10/2029 11:59:59 PM","40.71253294052","-73.99438368347","1","103","1003283","1002750025","8","MN0301","POINT (-73.994383683473 40.712532940524)"
"SNBP, INC.","SIMPLE CAFE","346 BEDFORD AVENUE","BROOKLYN","Brooklyn","11249","Sidewalk","Issued","04/04/2025 04:34:21 PM","04/04/2029 11:59:59 PM","40.71242817394","-73.96261926906","34","301","3063248","3024300019","551","BK0102","POINT (-73.962619269061 40.712428173941)"
"SHIRT RESTAURANT CORP./ISLAND","ISLAND","1305 MADISON AVENUE","NEW YORK","Manhattan","10128","Roadway","Issued","05/08/2026 01:56:58 PM","05/08/2030 11:59:59 PM","40.78495332555","-73.95580762231","5","108","1047084","1015040055","16001","MN0802","POINT (-73.95580762231 40.784953325549)"
"KYMA CORP","MARIA'S","38-11 BELL BOULEVARD","BAYSIDE","Queens","11361","Sidewalk","Issued","09/25/2026 11:45:07 AM","09/25/2030 11:59:59 PM","40.7662776594","-73.77238895739","19","411","4443816","4062380014","1123","QN1102","POINT (-73.772388957391 40.7662776594)"
"ASTOR PLACE DONUTS LLC","THE DONUT PUB","740 BROADWAY","NEW YORK","Manhattan","10003","Sidewalk","Issued","08/07/2026 02:14:00 PM","08/07/2030 11:59:59 PM","40.72987704859","-73.99299310441","2","102","1080092","1005450026","57","MN0202","POINT (-73.992993104409 40.729877048594)"
"DEBUTEA.INC","DEBUTEA","217 THOMPSON STREET","NEW YORK","Manhattan","10012","Roadway","Issued","07/03/2025 01:17:19 PM","07/03/2029 11:59:59 PM","40.72902363754","-73.9991737598","2","102","1008678","1005390028","65","MN0202","POINT (-73.999173759804 40.729023637544)"
"THE GREEN BROOKLYN LLC","GRACE'S","252 WEST   14 STREET","NEW YORK","Manhattan","10011","Sidewalk","Issued","07/03/2026 05:10:34 PM","07/03/2030 11:59:59 PM","40.73916279468","-74.00116918218","3","102","1011096","1006180007","77","MN0203","POINT (-74.001169182175 40.739162794682)"
"Colonia Verde LLC","COLONIA VERDE","219 DEKALB AVENUE","BROOKLYN","Brooklyn","11205","Sidewalk","Issued","08/27/2026 08:51:33 AM","08/27/2030 11:59:59 PM","40.68952538871","-73.97063723513","35","302","3058540","3020910071","183","BK0203","POINT (-73.970637235134 40.689525388706)"
"SILK ROAD AUTHENTIC TURKISH CUISINE LLC","SAFIR MEDITERRANEAN","47-31 VERNON BOULEVARD","LONG ISLAND CITY","Queens","11101","Sidewalk","Issued","08/28/2026 09:22:19 AM","08/28/2030 11:59:59 PM","40.74466483765","-73.95344175789","26","402","4000301","4000450048","701","QN0201","POINT (-73.953441757894 40.744664837651)"
"GREENSTICK CORP","LEGENDS NYC","6 WEST   33 STREET","NEW YORK","Manhattan","10001","Roadway","Issued","10/03/2025 01:32:40 PM","10/03/2029 11:59:59 PM","40.74793139552","-73.9854626911","4","105","1083631","1008340049","76","MN0501","POINT (-73.985462691098 40.747931395517)"
"S P T CORP","OTTO'S SHRUNKEN HEAD","538 EAST   14 STREET","NEW YORK","Manhattan","10009","Sidewalk","Issued","07/20/2026 05:09:39 PM","07/20/2030 11:59:59 PM","40.72976002518","-73.97880977053","2","103","1005244","1004070027","34","MN0303","POINT (-73.978809770534 40.729760025178)"
"CROSSTOWN DINER AND RESTAURANT INC","CROSSTOWN DINER","2880 BRUCKNER BOULEVARD","BRONX","Bronx","10465","Roadway","Issued","08/15/2025 03:30:09 PM","08/15/2029 11:59:59 PM","40.83263384665","-73.82868634865","13","210","2079382","2055310001","166","BX1002","POINT (-73.828686348646 40.832633846654)"
"SOFIA 61ST STREET CORP","SERAFINA ALWAYS","33 EAST 61 ST STREET","NEW YORK","Manhattan","10065","Sidewalk","Issued","07/24/2026 02:16:26 PM","07/24/2030 11:59:59 PM","40.76479730698","-73.96977576146","4","108",,,"11401","MN0802","POINT (-73.969775761464 40.764797306976)"
"EDHAS INC","LAS MARGARITAS","38-01 BROADWAY","ASTORIA","Queens","11103","Sidewalk","Issued","08/21/2026 10:59:18 AM","08/21/2030 11:59:59 PM","40.75929221317","-73.91967374162","22","401","4010500","4006580008","155","QN0104","POINT (-73.919673741624 40.759292213171)"
"230 BLEECKER CORP","COTENNA","21 BEDFORD STREET","NEW YORK","Manhattan","10014","Roadway","Issued","03/20/2026 12:30:25 PM","03/20/2030 11:59:59 PM","40.72911690794","-74.00353948808","3","102","1008398","1005280041","67","MN0203","POINT (-74.003539488084 40.729116907942)"
"CREATIVE BAKERY STUDIO LLC","PAPA D'AMOUR","64 UNIVERSITY PLACE","NEW YORK","Manhattan","10003","Sidewalk","Issued","07/31/2026 01:36:52 PM","07/31/2030 11:59:59 PM","40.73294573341","-73.9936350488","2","102","1091775","1005687501","61","MN0202","POINT (-73.993635048799 40.732945733413)"
"SOUTH LAKE HOSPITALITY GROUP INC.","HARLEM PUBLIC","3612 BROADWAY","NEW YORK","Manhattan","10031","Roadway","Issued","03/27/2026 08:53:16 AM","03/27/2030 11:59:59 PM","40.8287236139","-73.94875747992","7","109","1062060","1020800059","233","MN0903","POINT (-73.948757479918 40.828723613901)"
"TUMMA KHAKUEN INC","THEP","1439 2 AVENUE","NEW YORK","Manhattan","10021","Roadway","Issued","05/08/2026 03:56:29 PM","05/08/2030 11:59:59 PM","40.77065636015","-73.95701937622","5","108","1044032","1014290028","134","MN0801","POINT (-73.957019376219 40.770656360154)"
"STJARDIM, LLC","ST. JARDIM","183 WEST   10 STREET","NEW YORK","Manhattan","10014","Sidewalk","Issued","05/01/2026 12:15:57 PM","05/01/2030 11:59:59 PM","40.73427983134","-74.00280366581","3","102","1078129","1006110001","73","MN0203","POINT (-74.002803665805 40.734279831343)"
"FRANCAT INC","LOCANDA VINI & OLII (LEWIS DRUG STORE)","129 GATES AVENUE","BROOKLYN","Brooklyn","11238","Roadway","Issued","07/03/2025 01:01:44 PM","07/03/2029 11:59:59 PM","40.68479665323","-73.96292687464","35","302","3335023","3019650082","201","BK0204","POINT (-73.962926874641 40.684796653234)"
"M AND G TOGETHER 4 EVER LLC","BURRITO BAR","307311 FLATBUSH AVENUE","BROOKLYN","Brooklyn","11217","Sidewalk","Issued","11/21/2025 01:19:33 PM","11/21/2029 11:59:59 PM","40.68735690354","-73.97983471583","35","302",,,"33","BK0203","POINT (-73.979834715826 40.687356903538)"
"164 MULBERRY ST. CORP.","DA NICO RISTORANTE","164 MULBERRY STREET","NEW YORK","Manhattan","10013","Sidewalk","Issued","08/14/2026 12:05:16 PM","08/14/2030 11:59:59 PM","40.71982314595","-73.99709232615","1","102","1006974","1004710029","41","MN0201","POINT (-73.997092326151 40.719823145948)"
"218, LLC","CRAZY PIZZA","218 LAFAYETTE STREET","NEW YORK","Manhattan","10012","Sidewalk","Issued","09/25/2026 09:16:03 AM","09/25/2030 11:59:59 PM","40.7219119229","-73.99747103785","1","102","1007219","1004820027","45","MN0201","POINT (-73.997471037845 40.7219119229)"
"151 BLEECKER LLC","THE RED LION","151 BLEECKER STREET","NEW YORK","Manhattan","10012","Sidewalk","Issued","08/21/2026 01:45:57 PM","08/21/2030 11:59:59 PM","40.72831823446","-73.99945880038","2","102","1077799","1005370037","65","MN0202","POINT (-73.999458800383 40.728318234456)"
"LINCOLN STATION, LLC","LINCOLN STATION","409 LINCOLN PLACE","BROOKLYN","Brooklyn","11238","Sidewalk","Issued","07/21/2026 12:19:09 PM","07/21/2030 11:59:59 PM","40.67254657691","-73.962490299","35","308","3029545","3011770001","215","BK0801","POINT (-73.962490298999 40.672546576908)"
"BEVACCO INC","BEVACCO / THE BINC","60 HENRY STREET","BROOKLYN","Brooklyn","11201","Roadway","Issued","08/22/2025 03:05:09 PM","08/22/2029 11:59:59 PM","40.69915754656","-73.99220293458","33","302","3001646","3002210020","1","BK0201","POINT (-73.992202934581 40.69915754656)"
"1268 2ND AVE LLC","SERENA'S","1268 2 AVENUE","NEW YORK","Manhattan","10065","Sidewalk","Issued","08/21/2026 12:39:17 PM","08/21/2030 11:59:59 PM","40.76532193681","-73.96088915289","5","108","1044738","1014417501","118","MN0801","POINT (-73.960889152885 40.765321936805)"
"25 BROADWAY BROOKLYN INC","ACRE","64 MESEROLE AVENUE","BROOKLYN","Brooklyn","11222","Roadway","Issued","06/27/2025 07:26:44 PM","06/27/2029 11:59:59 PM","40.72639621665","-73.95477145146","33","301","3065497","3026170006","561","BK0101","POINT (-73.954771451464 40.726396216645)"
"BUDDIES BURRITO & TACO BAR INC","BUDDY'S BURRITO & TACO BAR","260 COURT STREET","BROOKLYN","Brooklyn","11231","Sidewalk","Issued","12/05/2025 02:32:36 PM","12/05/2029 11:59:59 PM","40.68514836093","-73.9945626758","39","306","3336007","3003260037","67","BK0601","POINT (-73.994562675802 40.685148360927)"
"DMDD LLC","WALTER'S / KARASU","166 DEKALB AVENUE","BROOKLYN","Brooklyn","11217","Sidewalk","Issued","05/15/2026 01:33:31 PM","05/15/2030 11:59:59 PM","40.68961112153","-73.97327310655","35","302","3058963","3021010040","181","BK0203","POINT (-73.973273106546 40.68961112153)"
"VIRGILIA CAFE, INC.","ANTONUCCI","168 EAST   81 STREET","NEW YORK","Manhattan","10028","Roadway","Issued","05/02/2025 02:10:56 PM","05/02/2029 11:59:59 PM","40.77590435981","-73.95709179819","4","108","1047527","1015090041","14","MN0802","POINT (-73.957091798192 40.775904359811)"
"G & N RESTAURANT CORP.","LA CHOZA DEL GORDO","247-25 JERICHO TURNPIKE","BELLEROSE","Queens","11426","Sidewalk","Issued","08/28/2026 01:10:11 PM","08/28/2030 11:59:59 PM","40.72557754325","-73.71999800554","23","413","4176971","4086620053",,,"POINT (-73.719998005544 40.725577543254)"
"104 SOUTH 4TH, INC","KEG & LANTERN","104 SOUTH    4 STREET","BROOKLYN","Brooklyn","11249","Roadway","Issued","10/03/2025 01:30:43 PM","10/03/2029 11:59:59 PM","40.71221172359","-73.96382416986","34","301","3404065","3024430013","549","BK0102","POINT (-73.963824169856 40.712211723586)"
"REGINE RESTAURANTS, LLC","AITA TRATTORIA","798A FRANKLIN AVENUE","BROOKLYN","Brooklyn","11238","Sidewalk","Issued","08/14/2026 11:20:37 AM","08/14/2030 11:59:59 PM","40.67110943452","-73.95781917142","35","308","3029660","3011810052","217","BK0802","POINT (-73.957819171422 40.671109434523)"
"TULCIMEXICO RESTAURANT INC.","TULCIMEXICO RESTAURANT","2798 8 AVENUE","NEW YORK","Manhattan","10039","Sidewalk","Issued","09/02/2026 03:08:33 PM","09/02/2030 11:59:59 PM","40.82518698532","-73.94017869573","9","110","1060584","1020340063","234","MN1002","POINT (-73.940178695727 40.825186985315)"
"RAGUBOY CORPORATION","SUPPER","156 EAST    2 STREET","NEW YORK","Manhattan","10009","Sidewalk","Issued","07/24/2026 03:04:16 PM","07/24/2030 11:59:59 PM","40.72276736059","-73.98517958567","2","103","1004985","1003980061","3002","MN0303","POINT (-73.985179585669 40.722767360588)"
"LUGUS LOP CORP","GARDEN CAFE","4961 BROADWAY","NEW YORK","Manhattan","10034","Sidewalk","Issued","03/20/2026 12:39:14 PM","03/20/2030 11:59:59 PM","40.86797353558","-73.92024699765","10","112","1064994","1022420055","303","MN1203","POINT (-73.920246997645 40.867973535584)"
"FLIPPERS NYC LLC","FLIPPERS","337 WEST BROADWAY","NEW YORK","Manhattan","10013","Sidewalk","Issued","08/14/2026 12:13:35 PM","08/14/2030 11:59:59 PM","40.72255691442","-74.00360407666","1","102","1007056","1004750001","47","MN0201","POINT (-74.00360407666 40.722556914422)"
"KARIZMA LOUNGE CORP","KARIZMA LOUNGE","244 EAST   51 STREET","NEW YORK","Manhattan","10022","Roadway","Issued","10/03/2025 01:28:39 PM","10/03/2029 11:59:59 PM","40.75599779902","-73.96927591414","4","106","1038462","1013240131","98","MN0604","POINT (-73.96927591414 40.755997799021)"
"FOOD IN ITALY LLC","GNOCCO","337 EAST   10 STREET","NEW YORK","Manhattan","10009","Sidewalk","Issued","08/28/2026 01:12:03 PM","08/28/2030 11:59:59 PM","40.72711711533","-73.98049912647","2","103","1005145","1004040037","34","MN0303","POINT (-73.980499126465 40.727117115327)"
"HURRICANE STRAUSS INC","WESTVILLE","88 7 AVENUE","NEW YORK","Manhattan","10011","Sidewalk","Issued","08/07/2026 02:52:03 PM","08/07/2030 11:59:59 PM","40.73956078658","-73.99895711212","3","104","1013775","1007650035","81","MN0401","POINT (-73.998957112115 40.739560786584)"
"BEYOND PHO CORP","5IVE SPICE","52 5 AVENUE","BROOKLYN","Brooklyn","11217","Sidewalk","Issued","06/25/2026 07:58:52 AM","06/25/2030 11:59:59 PM","40.6813886054","-73.97709819036","39","306","3018541","3009320040","12901","BK0602","POINT (-73.977098190359 40.681388605396)"
"SMK ENTERTAINMENT GROUP INC","SMOKE JAZZ & SUPPER CLUB","2751 BROADWAY","NEW YORK","Manhattan","10025","Sidewalk","Issued","06/05/2026 05:58:52 PM","06/05/2030 11:59:59 PM","40.8011129463","-73.96791136194","7","107","1056630","1018770063","191","MN0703","POINT (-73.96791136194 40.801112946301)"
"JAY'S NICKELS AND DIMES INC","WESTVILLE","333 HUDSON STREET","NEW YORK","Manhattan","10013","Sidewalk","Issued","08/07/2026 02:52:43 PM","08/07/2030 11:59:59 PM","40.72702246891","-74.00737821078","3","102","1010374","1005970055","37","MN0201","POINT (-74.007378210775 40.727022468914)"
"CLF1 LLC","CHEZ LES FRENCHIES CAFE","882 1 AVENUE","NEW YORK","Manhattan","10022","Sidewalk","Issued","08/14/2026 12:03:02 PM","08/14/2030 11:59:59 PM","40.75360902865","-73.96632094383","4","106","1040090","1013610049","8603","MN0604","POINT (-73.966320943832 40.753609028645)"
"PARM BATTERY PARK LLC","PARM RESTAURANT","250 VESEY STREET","NEW YORK","Manhattan","10281","Sidewalk","Issued","07/31/2026 01:37:33 PM","07/31/2030 11:59:59 PM","40.71452196396","-74.01567709887","1","101","1000060","1000160150","31703","MN0101","POINT (-74.015677098865 40.714521963959)"
"EAT THIRD 79 LLC","ELI'S NIGHT SHIFT","1390 3 AVENUE","NEW YORK","Manhattan","10075","Sidewalk","Issued","07/31/2026 01:08:11 PM","07/31/2030 11:59:59 PM","40.77438381709","-73.95722998084","4","108","1047476","1015080033","14","MN0802","POINT (-73.957229980841 40.774383817086)"
"HAKIM HOSPITALITY LLC","LEON'S","817 BROADWAY","NEW YORK","Manhattan","10003","Sidewalk","Issued","07/31/2026 01:23:39 PM","07/31/2030 11:59:59 PM","40.7330361466","-73.99115977795","2","102","1009134","1005630031","61","MN0202","POINT (-73.99115977795 40.733036146601)"
"SERENDIPITY BK LLC","SERENDIPITY BROOKLYN","229 SOUTH    3 STREET","BROOKLYN","Brooklyn","11211","Roadway","Issued","05/08/2026 02:34:38 PM","05/08/2030 11:59:59 PM","40.71101866066","-73.9584178402","34","301","3063156","3024200034","523","BK0102","POINT (-73.958417840204 40.711018660657)"
"PAPPARDELLA REST CORP","PAPPARDELLA","316 COLUMBUS AVENUE","NEW YORK","Manhattan","10023","Sidewalk","Issued","08/28/2026 09:03:05 AM","08/28/2030 11:59:59 PM","40.77922034389","-73.97747965119","6","107","1030111","1011467501","161","MN0702","POINT (-73.977479651186 40.779220343889)"
"NEW YORK PAO DE QUEIJO LLC","PAO DE QUEIJO & CO.","31-90 30 STREET","ASTORIA","Queens","11106","Roadway","Issued","07/20/2026 05:16:55 PM","07/20/2030 11:59:59 PM","40.76251610776","-73.92605928813","22","401","4445865","4005880001","75","QN0103","POINT (-73.92605928813 40.762516107761)"
"SOUP N BURGER CORP","SOUP N BURGER","1825 EMMONS AVENUE","BROOKLYN","Brooklyn","11235","Sidewalk","Issued","03/13/2026 03:21:40 PM","03/13/2030 11:59:59 PM","40.58347913233","-73.95013802419","48","315","3247051","3087737501","608","BK1503","POINT (-73.950138024189 40.583479132328)"
"MIDTOWN HOSPITALITY LLC","CRAVE FISH BAR/CRAVE SUSHI BAR","945 2 AVENUE","NEW YORK","Manhattan","10022","Sidewalk","Issued","07/21/2026 10:31:47 AM","07/21/2030 11:59:59 PM","40.75501768967","-73.96842814734","4","106","1038439","1013240023","98","MN0604","POINT (-73.968428147336 40.755017689672)"
"179 3RD AVENUE LLC","FOLLIA","179 3 AVENUE","NEW YORK","Manhattan","10003","Sidewalk","Issued","05/29/2026 11:07:09 AM","05/29/2030 11:59:59 PM","40.73496519575","-73.98594544259","2","106","1019550","1008970075","48","MN0602","POINT (-73.985945442586 40.734965195748)"
"ANITA USA INC.","ANITA GELATO","1561 2 AVENUE","NEW YORK","Manhattan","10028","Sidewalk","Issued","07/20/2026 02:25:58 PM","07/20/2030 11:59:59 PM","40.77474763291","-73.95403082274","5","108","1048566","1015270021","138","MN0803","POINT (-73.954030822739 40.774747632908)"
"SANGSIRI INC","LEMONGRASS GRILL","156 COURT STREET","BROOKLYN","Brooklyn","11201","Sidewalk","Issued","02/20/2026 03:04:46 PM","02/20/2030 11:59:59 PM","40.68864511083","-73.99287846113","39","306","3003071","3002920032","45","BK0601","POINT (-73.992878461127 40.688645110825)"
"TRADINGSAVI88 LLC","In Common Cafe","441 9 AVENUE","NEW YORK","Manhattan","10001","Sidewalk","Issued","09/18/2026 09:32:03 AM","09/18/2030 11:59:59 PM","40.75375114105","-73.99604772858","3","104","1012860","1007327501","111","MN0401","POINT (-73.996047728584 40.753751141047)"
"149 SECOND AVE REST. INC.","DOWNTOWN SOCIAL","149 2 AVENUE","NEW YORK","Manhattan","10003","Sidewalk","Issued","04/17/2026 01:49:18 PM","04/17/2030 11:59:59 PM","40.72936326865","-73.98712285434","2","103","1006799","1004650053","4002","MN0303","POINT (-73.987122854337 40.729363268647)"
"ASTORIA CAFE INC","MIMOZA CAFE","30-05 45 STREET","ASTORIA","Queens","11103","Sidewalk","Issued","04/11/2025 02:22:08 PM","04/11/2029 11:59:59 PM","40.76184401404","-73.91110815394","22","401","4447663","4007140081","151","QN0104","POINT (-73.911108153935 40.761844014039)"
"18 BEDFORD AVE., LLC.","FIVE LEAVES","18 BEDFORD AVENUE","BROOKLYN","Brooklyn","11222","Roadway","Issued","04/04/2025 04:22:59 PM","04/04/2029 11:59:59 PM","40.72357602773","-73.9515552685","33","301","3322677","3026450036","569","BK0101","POINT (-73.951555268496 40.723576027725)"
"W LLC","THE WOOLY","390 BROOME STREET","NEW YORK","Manhattan","10013","Roadway","Issued","11/14/2025 12:47:25 PM","11/14/2029 11:59:59 PM","40.72053678069","-73.99690830859","1","102","1007204","1004810035","41","MN0201","POINT (-73.996908308594 40.720536780692)"
"GRAMERCY FARMER &THE FISH, LLC","ISABELLE'S OSTERIA","245 PARK AVENUE SOUTH","NEW YORK","Manhattan","10003","Sidewalk","Issued","07/03/2026 05:23:28 PM","07/03/2030 11:59:59 PM","40.73809719283","-73.98788616802","2","105","1017945","1008750079","5","MN0602","POINT (-73.987886168023 40.738097192829)"
"KOLKATA CHAI CAFE 1 LIMITED","KOLKATA CHAI CO.","199 EAST    3 STREET","NEW YORK","Manhattan","10009","Roadway","Issued","07/21/2026 12:50:29 PM","07/21/2030 11:59:59 PM","40.72289338823","-73.98348393727","2","103","1004999","1003990038","32","MN0303","POINT (-73.983483937272 40.722893388231)"
"EAST HARLEM BOTTLING CO LLC","EAST HARLEM BOTTLING CO","1711 LEXINGTON AVENUE","NEW YORK","Manhattan","10029","Sidewalk","Issued","06/12/2026 02:14:30 PM","06/12/2030 11:59:59 PM","40.79304325242","-73.9456791427","8","111","1052073","1016350024","172","MN1101","POINT (-73.9456791427 40.793043252418)"
"QUATTRO AMIGGI CORPORATION","ITALIANISSIMO RISTORANTE","307 EAST   84 STREET","NEW YORK","Manhattan","10028","Roadway","Issued","09/04/2026 10:30:34 AM","09/04/2030 11:59:59 PM","40.77637179774","-73.95224244446","5","108","1049956","1015470006","14601","MN0803","POINT (-73.952242444457 40.776371797738)"
"J&J PROSPECT CORP","SEIS VECINOS RESTAURANT","640 PROSPECT AVENUE","BRONX","Bronx","10455","Sidewalk","Issued","03/20/2026 12:57:21 PM","03/20/2030 11:59:59 PM","40.81522047822","-73.90339566321","17","202","2005121","2026860001","83","BX0202","POINT (-73.903395663208 40.815220478224)"
"UNCLEGRANDPA LLC","OPS","346 HIMROD STREET","BROOKLYN","Brooklyn","11237","Sidewalk","Issued","05/08/2026 02:19:12 PM","05/08/2030 11:59:59 PM","40.70250692106","-73.91746666489","37","304","3074859","3032800031","443","BK0401","POINT (-73.917466664891 40.702506921061)"
"MR JIMBO CORPORATION","EL SANTO TAQIERIA","1053 FLUSHING AVENUE","BROOKLYN","Brooklyn","11237","Sidewalk","Issued","07/21/2026 11:04:17 AM","07/21/2030 11:59:59 PM","40.7041567377","-73.93017457627","34","301","3251816","3030130035","453","BK0104","POINT (-73.93017457627 40.704156737704)"
"123 MADISON LLC","GOLDEN DINER","123 MADISON STREET","NEW YORK","Manhattan","10002","Roadway","Issued","10/24/2025 03:36:22 PM","10/24/2029 11:59:59 PM","40.7123353006","-73.99405545145","1","103","1003285","1002750027","8","MN0301","POINT (-73.994055451454 40.712335300602)"
"QUEENSBORO HOSPITALITY LLC","THE QUEENSBORO","80-02 NORTHERN BOULEVARD","JACKSON HEIGHTS","Queens","11372","Roadway","Issued","10/24/2025 03:53:46 PM","10/24/2029 11:59:59 PM","40.75536445483","-73.88707054184","25","403","4028773","4012530001","285","QN0301","POINT (-73.887070541844 40.755364454829)"
"HUDSON CORNER LLC","L'ARTUSI / VIA PORTA","522 HUDSON STREET","NEW YORK","Manhattan","10014","Sidewalk","Issued","08/01/2025 01:43:08 PM","08/01/2029 11:59:59 PM","40.73390091747","-74.00625679377","3","102","1011183","1006200001","73","MN0203","POINT (-74.006256793766 40.733900917469)"
"FELLINI SOHO CORP","FELLINI","120 THOMPSON STREET","NEW YORK","Manhattan","10012","Roadway","Issued","03/27/2026 08:36:35 AM","03/27/2030 11:59:59 PM","40.72592204174","-74.00174259987","1","102","1007731","1005020016","49","MN0201","POINT (-74.001742599867 40.725922041739)"
"26th Street Restaurant, LLC","UPLAND","345 PARK AVENUE SOUTH","NEW YORK","Manhattan","10010","Roadway","Issued","10/24/2025 03:57:10 PM","10/24/2029 11:59:59 PM","40.74160195535","-73.98531611996","2","105","1018102","1008810001","68","MN0602","POINT (-73.985316119962 40.741601955353)"
"HOST 132 LLC","CAFE MAUD","132 2 AVENUE","NEW YORK","Manhattan","10003","Sidewalk","Issued","04/04/2025 03:05:39 PM","04/04/2029 11:59:59 PM","40.72867438496","-73.98759924619","2","103","1006360","1004500001","38","MN0303","POINT (-73.987599246192 40.728674384957)"
"JIN RAMEN HAMILTON HEIGHTS CORP","JIN RAMEN","3599 BROADWAY","NEW YORK","Manhattan","10031","Sidewalk","Issued","07/31/2026 01:20:07 PM","07/31/2030 11:59:59 PM","40.82825442727","-73.94912641331","7","109","1083034","1020947503","233","MN0903","POINT (-73.94912641331 40.828254427273)"
"DMC BOWERY LLC","DARK MATTER COFFEE - ADIOS AMIGOS","1 EAST    1 STREET","NEW YORK","Manhattan","10003","Sidewalk","Issued","07/21/2026 10:38:43 AM","07/21/2030 11:59:59 PM","40.72482937124","-73.9921782726","2","103","1087255","1004560007","3602","MN0303","POINT (-73.992178272601 40.724829371244)"
"TWO BIKES, LLC","DUDLEY'S","85 ORCHARD STREET","NEW YORK","Manhattan","10002","Sidewalk","Issued","07/02/2026 04:34:02 PM","07/02/2030 11:59:59 PM","40.71786575951","-73.99037537825","1","103","1005447","1004130043","18","MN0302","POINT (-73.990375378245 40.717865759507)"
"B.L.T.G. PIZZA INC","BELLA LUNA","574 COLUMBUS AVENUE","NEW YORK","Manhattan","10024","Sidewalk","Issued","04/22/2025 04:24:27 PM","04/22/2029 11:59:59 PM","40.78764536456","-73.97133409673","6","107","1032247","1012180036","173","MN0702","POINT (-73.971334096733 40.787645364564)"
"W&J CAFE INC","CAFE LUNA","628 HUDSON STREET","NEW YORK","Manhattan","10014","Sidewalk","Issued","07/21/2026 08:49:54 AM","07/21/2030 11:59:59 PM","40.73836942992","-74.00554633187","3","102","1011648","1006260023","77","MN0203","POINT (-74.005546331865 40.738369429924)"
"POINT GREEN CAFE, INC","LE GAMIN","108 FRANKLIN STREET","BROOKLYN","Brooklyn","11222","Sidewalk","Issued","12/12/2025 03:35:40 PM","12/12/2029 11:59:59 PM","40.72828559288","-73.95732101745","33","301","3064949","3025690008","561","BK0101","POINT (-73.957321017451 40.728285592878)"
"SOGNO 85TH LLC","SOGNO TOSCANO","17 PERRY STREET","NEW YORK","Manhattan","10014","Sidewalk","Issued","02/27/2026 02:23:02 PM","02/27/2030 11:59:59 PM","40.73571261296","-74.00212173884","3","102","1010919","1006130028","73","MN0203","POINT (-74.00212173884 40.735712612957)"
"THINK GRAMERCY LLC","THINK COFFEE","280 3 AVENUE","NEW YORK","Manhattan","10010","Sidewalk","Issued","07/20/2026 03:49:24 PM","07/20/2030 11:59:59 PM","40.73806922785","-73.98370749822","2","106","1089666","1008777501","68","MN0602","POINT (-73.983707498221 40.738069227848)"
"QUALITY ROCKETS, INC.","HOTEL DELMANO","82 BERRY STREET","BROOKLYN","Brooklyn","11249","Roadway","Issued","11/21/2025 01:20:29 PM","11/21/2029 11:59:59 PM","40.71965626596","-73.95791819913","33","301","3061752","3023100023","557","BK0102","POINT (-73.957918199134 40.719656265957)"
"Boqueria UES LLC","BOQUERIA","1460 2 AVENUE","NEW YORK","Manhattan","10075","Sidewalk","Issued","09/04/2026 10:08:32 AM","09/04/2030 11:59:59 PM","40.77164144643","-73.95627500505","5","108","1045161","1014510003","134","MN0801","POINT (-73.956275005048 40.771641446429)"
"Aggiepolo Inc","JASPER'S TAPHOUSE & KITCHEN","761 9 AVENUE","NEW YORK","Manhattan","10019","Roadway","Issued","05/09/2025 09:21:23 AM","05/09/2029 11:59:59 PM","40.76424658041","-73.98840122658","3","104","1026720","1010610029","133","MN0402","POINT (-73.988401226584 40.764246580406)"
"LUISA CAPITAL LLC","PICCOLO CUCINA CASA","141 NEVINS STREET","BROOKLYN","Brooklyn","11217","Roadway","Issued","10/03/2025 01:37:34 PM","10/03/2029 11:59:59 PM","40.68431019555","-73.98384687986","33","302","3332449","3001970002","39","BK0202","POINT (-73.98384687986 40.684310195545)"
"CAFE H INC.","CASA ENRIQUE","5-48 49 AVENUE","LONG ISLAND CITY","Queens","11101","Sidewalk","Issued","05/15/2026 09:32:53 AM","05/15/2030 11:59:59 PM","40.74378471648","-73.95583864425","26","402","4000145","4000320048","701","QN0201","POINT (-73.95583864425 40.743784716476)"
"GAUTENG, LLC","JACK'S WIFE FREDA","116 8 AVENUE","NEW YORK","Manhattan","10011","Roadway","Issued","06/13/2025 09:13:50 AM","06/13/2029 11:59:59 PM","40.74087277568","-74.00168886221","3","104","1081541","1007650001","81","MN0401","POINT (-74.001688862208 40.740872775677)"
"STAN'S SPORTS BAR INC.","STAN'S SPORTS BAR","836 RIVER AVENUE","BRONX","Bronx","10451","Roadway","Issued","04/17/2026 04:04:41 PM","04/17/2030 11:59:59 PM","40.82689173433","-73.92644998706","16","204","2002979","2024830032","6301","BX0401","POINT (-73.926449987063 40.826891734326)"
"ZIA MARIA LITTLE ITALY INC","ZIA MARIA LITTLE ITALY","138 MULBERRY STREET","NEW YORK","Manhattan","10013","Roadway","Issued","11/21/2025 01:29:55 PM","11/21/2029 11:59:59 PM","40.71858801336","-73.99765514536","1","102","1066508","1002377501","41","MN0201","POINT (-73.997655145358 40.718588013358)"
"LILSANTINO INC.","DADDIES","450 HUDSON STREET","NEW YORK","Manhattan","10014","Roadway","Issued","07/21/2026 10:35:11 AM","07/21/2030 11:59:59 PM","40.73129885702","-74.00667148684","3","102","1077817","1005847501","67","MN0203","POINT (-74.006671486843 40.731298857017)"
"418 RESTAURANT  LLC","SANTA FE","73 WEST   71 STREET","NEW YORK","Manhattan","10023","Roadway","Issued","11/22/2024 09:40:01 AM","11/22/2028 11:59:59 PM","40.77644836058","-73.97862154673","6","107","1079299","1011240003","157","MN0701","POINT (-73.978621546726 40.776448360581)"
"71 WINE BAR CAFE OPERATING CORP.","BIN 71","237 COLUMBUS AVENUE","NEW YORK","Manhattan","10023","Sidewalk","Issued","09/18/2026 09:14:34 AM","09/18/2030 11:59:59 PM","40.77657475799","-73.97937973667","6","107","1028585","1011230061","157","MN0701","POINT (-73.979379736665 40.776574757989)"
"THE LONGFORD LADS LLC","THE LAURELS","231 2 AVENUE","NEW YORK","Manhattan","10003","Sidewalk","Issued","08/14/2026 02:09:48 PM","08/14/2030 11:59:59 PM","40.73251123469","-73.98483462874","2","106","1019514","1008960023","48","MN0602","POINT (-73.984834628743 40.73251123469)"
"MANGIA 23RD STREET LLC","MANGIA","22 WEST   23 STREET","NEW YORK","Manhattan","10010","Sidewalk","Issued","03/27/2026 09:53:25 AM","03/27/2030 11:59:59 PM","40.74193736562","-73.99053428069","3","105","1015572","1008240051","58","MN0501","POINT (-73.990534280688 40.741937365615)"
"MONOMONO, INC.","MONOMONO","116 EAST    4 STREET","NEW YORK","Manhattan","10003","Sidewalk","Issued","05/29/2026 11:37:47 AM","05/29/2030 11:59:59 PM","40.72557009606","-73.98798947367","2","103","1077687","1004450022","38","MN0303","POINT (-73.987989473665 40.725570096056)"
"LIMANAKI INC","TINOS","1748 1 AVENUE","NEW YORK","Manhattan","10128","Roadway","Issued","04/24/2026 10:22:47 PM","04/24/2030 11:59:59 PM","40.77977036113","-73.94724626571","5","108","1050745","1015700050","152","MN0803","POINT (-73.947246265705 40.779770361128)"
